"","date","Type","N°Ref","G+","G_session","G_sp","MODIF","GENOTYPE_TRANS","INDEX_CAL","SEQULG_ANTAGENE_DEF_SEXE","µsat_HMbrut_SEXE","Cause_mort","Age","date1","Year","mois","saisonyear","Id","SEXE","geometry","x","y"
"1",2024-11-01,"F","F0624183",TRUE,2025-05-26,"Canis lupus",FALSE,"S88-068",0.96875,"NI","XY",NA,NA,2024-11-01,2025,11,2025,"S88-068","NI",c(1024352.49984841, 6318001.64307065),1024352.49984841,6318001.64307065
"2",2024-11-01,"F","F8324203",TRUE,2025-04-07,"Canis lupus",FALSE,"S93-134",0.822916686534882,"M","XY",NA,NA,2024-11-01,2025,11,2025,"S93-134","M",c(1014352.49984841, 6273001.64307065),1014352.49984841,6273001.64307065
"3",2024-11-01,"F","F0424344",TRUE,2025-05-26,"Canis lupus",FALSE,"S94-061",0.744791686534882,"F","XX",NA,NA,2024-11-01,2025,11,2025,"S94-061","F",c(984352.499848407, 6348001.64307065),984352.499848407,6348001.64307065
"4",2024-11-01,"F","F2524066",TRUE,2025-02-10,"Canis lupus",FALSE,"S78-034",0.864583313465118,"M","XY",NA,NA,2024-11-01,2025,11,2025,"S78-034","M",c(954352.499848407, 6643001.64307065),954352.499848407,6643001.64307065
"5",2024-11-02,"F","F7424142",TRUE,2025-05-26,"Canis lupus",FALSE,"S88-104",0.958333313465118,"M","XY",NA,NA,2024-11-02,2025,11,2025,"S88-104","M",c(994352.499848407, 6543001.64307065),994352.499848407,6543001.64307065
"6",2024-11-02,"F","F8424121",TRUE,2025-05-26,"Canis lupus",FALSE,"S93-011",0.869791686534882,"M","XY",NA,NA,2024-11-02,2025,11,2025,"S93-011","M",c(889352.499848407, 6343001.64307065),889352.499848407,6343001.64307065
"7",2024-11-02,"F","F3824183",TRUE,2025-07-07,"Canis lupus",FALSE,"S87-077",1,"F","XX",NA,NA,2024-11-02,2025,11,2025,"S87-077","F",c(924352.499848407, 6408001.64307065),924352.499848407,6408001.64307065
"8",2024-11-02,"F","F2624220",TRUE,2025-04-07,"Canis lupus",FALSE,"S93-011",1,"M","XY",NA,NA,2024-11-02,2025,11,2025,"S93-011","M",c(890102.499848407, 6345001.64307065),890102.499848407,6345001.64307065
"9",2024-11-03,"F","F3824184",TRUE,2025-02-10,"Canis lupus",FALSE,"S87-078",1,"M","XY",NA,NA,2024-11-03,2025,11,2025,"S87-078","M",c(919352.499848407, 6413001.64307065),919352.499848407,6413001.64307065
"10",2024-11-04,"F","F3824186",TRUE,2025-02-10,"Canis lupus",FALSE,"S87-078",1,"M","XY",NA,NA,2024-11-04,2025,11,2025,"S87-078","M",c(925102.499848407, 6410001.64307065),925102.499848407,6410001.64307065
"11",2024-11-04,"F","F1924045",TRUE,2025-02-10,"Canis lupus",FALSE,"S92-118",0.833333313465118,"M","XY",NA,NA,2024-11-04,2025,11,2025,"S92-118","M",c(624352.499848407, 6503001.64307065),624352.499848407,6503001.64307065
"12",2024-11-05,"F","F1324073",TRUE,2025-02-10,"Canis lupus",FALSE,"S87-076",0.822916686534882,"M","XY",NA,NA,2024-11-05,2025,11,2025,"S87-076","M",c(904352.499848407, 6258001.64307065),904352.499848407,6258001.64307065
"13",2024-11-05,"F","F7324164",TRUE,2025-02-10,"Canis lupus",FALSE,"S92-126",0.8125,"F","XX",NA,NA,2024-11-05,2025,11,2025,"S92-126","F",c(974352.499848407, 6523001.64307065),974352.499848407,6523001.64307065
"14",2024-11-05,"F","F3824181",TRUE,2025-02-10,"Canis lupus",FALSE,"S80-013",0.9375,"F","XX",NA,NA,2024-11-05,2025,11,2025,"S80-013","F",c(934352.499848407, 6428001.64307065),934352.499848407,6428001.64307065
"15",2024-11-06,"F","F0624177",TRUE,2025-02-10,"Canis lupus",FALSE,"S87-049",0.958333313465118,"M","XY",NA,NA,2024-11-06,2025,11,2025,"S87-049","M",c(1054352.49984841, 6328001.64307065),1054352.49984841,6328001.64307065
"16",2024-11-06,"F","F8424166",TRUE,2025-07-07,"Canis lupus",FALSE,"S95-043",0.630208313465118,"F","XX",NA,NA,2024-11-06,2025,11,2025,"S95-043","F",c(899352.499848407, 6303001.64307065),899352.499848407,6303001.64307065
"17",2024-11-06,"F","F8424151",TRUE,2025-02-10,"Canis lupus",FALSE,"S84-043",0.989583313465118,"F","XX",NA,NA,2024-11-06,2025,11,2025,"S84-043","F",c(884352.499848407, 6343001.64307065),884352.499848407,6343001.64307065
"18",2024-11-06,"F","F7324173",TRUE,2025-02-10,"Canis lupus",FALSE,"S92-029",0.848958313465118,"M","XY",NA,NA,2024-11-06,2025,11,2025,"S92-029","M",c(979352.499848407, 6503001.64307065),979352.499848407,6503001.64307065
"19",2024-11-07,"F","F8424122",TRUE,2025-02-10,"Canis lupus",FALSE,"S92-056",0.75,"NI","NA",NA,NA,2024-11-07,2025,11,2025,"S92-056","NI",c(859352.499848407, 6363001.64307065),859352.499848407,6363001.64307065
"20",2024-11-07,"F","F0524210",TRUE,2025-02-10,"Canis lupus",FALSE,"S87-078",1,"M","XY",NA,NA,2024-11-07,2025,11,2025,"S87-078","M",c(925602.499848407, 6410501.64307065),925602.499848407,6410501.64307065
"21",2024-11-07,"F","F7324170",TRUE,2025-02-10,"Canis lupus",FALSE,"S92-128",0.989583313465118,"F","XX",NA,NA,2024-11-07,2025,11,2025,"S92-128","F",c(959352.499848407, 6503001.64307065),959352.499848407,6503001.64307065
"22",2024-11-07,"F","F8324205",TRUE,2025-02-10,"Canis lupus",FALSE,"S92-013",0.927083313465118,"F","XX",NA,NA,2024-11-07,2025,11,2025,"S92-013","F",c(969352.499848407, 6253001.64307065),969352.499848407,6253001.64307065
"23",2024-11-07,"F","F7324168",TRUE,2025-02-10,"Canis lupus",FALSE,"S92-127",0.864583313465118,"F","XX",NA,NA,2024-11-07,2025,11,2025,"S92-127","F",c(959352.499848407, 6503001.64307065),959352.499848407,6503001.64307065
"24",2024-11-08,"F","F3824187",TRUE,2025-02-10,"Canis lupus",FALSE,"S92-015",0.802083313465118,"F","XX",NA,NA,2024-11-08,2025,11,2025,"S92-015","F",c(924352.499848407, 6413001.64307065),924352.499848407,6413001.64307065
"25",2024-11-08,"F","F0524204",TRUE,2025-02-10,"Canis lupus",FALSE,"S92-083",0.885416686534882,"F","XX",NA,NA,2024-11-08,2025,11,2025,"S92-083","F",c(929352.499848407, 6383001.64307065),929352.499848407,6383001.64307065
"26",2024-11-08,"F","F0524205",TRUE,2025-02-10,"Canis lupus",FALSE,"S92-084",0.90625,"F","XX",NA,NA,2024-11-08,2025,11,2025,"S92-084","F",c(929352.499848407, 6383001.64307065),929352.499848407,6383001.64307065
"27",2024-11-08,"F","F0524206",TRUE,2025-02-10,"Canis lupus",FALSE,"S92-105",0.697916686534882,"M","XY",NA,NA,2024-11-08,2025,11,2025,"S92-105","M",c(929352.499848407, 6383001.64307065),929352.499848407,6383001.64307065
"28",2024-11-09,"F","F3824192",TRUE,2025-07-07,"Canis lupus",FALSE,"S87-078",0.963541686534882,"M","XY",NA,NA,2024-11-09,2025,11,2025,"S87-078","M",c(919352.499848407, 6413001.64307065),919352.499848407,6413001.64307065
"29",2024-11-09,"P","P4324003",TRUE,2025-02-10,"Canis lupus",FALSE,"S92-006",1,"M","XY",NA,NA,2024-11-09,2025,11,2025,"S92-006","M",c(739352.499848407, 6418001.64307065),739352.499848407,6418001.64307065
"30",2024-11-10,"F","F7324175",TRUE,2025-05-26,"Canis lupus",FALSE,"S74-121",1,"M","XX",NA,NA,2024-11-10,2025,11,2025,"S74-121","M",c(949352.499848407, 6513001.64307065),949352.499848407,6513001.64307065
"31",2024-11-10,"F","F7324174",TRUE,2025-05-26,"Canis lupus",FALSE,"S74-121",1,"M","XX",NA,NA,2024-11-10,2025,11,2025,"S74-121","M",c(949352.499848407, 6513001.64307065),949352.499848407,6513001.64307065
"32",2024-11-11,"F","F0424347",TRUE,2025-02-10,"Canis lupus",FALSE,"S92-070",0.921875,"M","XY",NA,NA,2024-11-11,2025,11,2025,"S92-070","M",c(944352.499848407, 6328001.64307065),944352.499848407,6328001.64307065
"33",2024-11-13,"F","F1324077",TRUE,2025-04-07,"Canis lupus",FALSE,"S69-09",0.760416686534882,"F","XX",NA,NA,2024-11-13,2025,11,2025,"S69-09","F",c(919352.499848407, 6248001.64307065),919352.499848407,6248001.64307065
"34",2024-11-14,"F","F0624178",TRUE,2025-02-10,"Canis lupus",FALSE,"S92-011",0.885416686534882,"F","XX",NA,NA,2024-11-14,2025,11,2025,"S92-011","F",c(1074352.49984841, 6338001.64307065),1074352.49984841,6338001.64307065
"35",2024-11-14,"F","F0424348",TRUE,2025-02-10,"Canis lupus",FALSE,"S92-041",1,"M","XY",NA,NA,2024-11-14,2025,11,2025,"S92-041","M",c(929352.499848407, 6338001.64307065),929352.499848407,6338001.64307065
"36",2024-11-15,"F","F2624221",TRUE,2025-02-10,"Canis lupus",FALSE,"S92-058",0.90625,"M","XY",NA,NA,2024-11-15,2025,11,2025,"S92-058","M",c(909352.499848407, 6393001.64307065),909352.499848407,6393001.64307065
"37",2024-11-15,"F","F0424349",TRUE,2025-02-10,"Canis lupus",FALSE,"S86-040",0.588541686534882,"F","XX",NA,NA,2024-11-15,2025,11,2025,"S86-040","F",c(959352.499848407, 6323001.64307065),959352.499848407,6323001.64307065
"38",2024-11-15,"F","F8324209",TRUE,2025-02-10,"Canis lupus",FALSE,"S92-065",0.817708313465118,"M","XY",NA,NA,2024-11-15,2025,11,2025,"S92-065","M",c(959352.499848407, 6283001.64307065),959352.499848407,6283001.64307065
"39",2024-11-16,"F","F3824193",TRUE,2025-02-10,"Canis lupus",FALSE,"S92-015",0.942708313465118,"F","XX",NA,NA,2024-11-16,2025,11,2025,"S92-015","F",c(920102.499848407, 6415001.64307065),920102.499848407,6415001.64307065
"40",2024-11-16,"F","F0624181",TRUE,2025-07-07,"Canis lupus",FALSE,"S95-066",0.958333313465118,"F","XX",NA,NA,2024-11-16,2025,11,2025,"S95-066","F",c(1064352.49984841, 6343001.64307065),1064352.49984841,6343001.64307065
"41",2024-11-17,"F","F0424350",TRUE,2025-02-10,"Canis lupus",FALSE,"S88-010",0.859375,"M","XY",NA,NA,2024-11-17,2025,11,2025,"S88-010","M",c(964352.499848407, 6323001.64307065),964352.499848407,6323001.64307065
"42",2024-11-17,"F","F8324206",TRUE,2025-02-10,"Canis lupus",FALSE,"S92-048",0.942708313465118,"M","XY",NA,NA,2024-11-17,2025,11,2025,"S92-048","M",c(984352.499848407, 6263001.64307065),984352.499848407,6263001.64307065
"43",2024-11-18,"P","P0424005",TRUE,2025-02-10,"Canis lupus",FALSE,"S92-133",1,"M","XY",NA,NA,2024-11-18,2025,11,2025,"S92-133","M",c(969352.499848407, 6353001.64307065),969352.499848407,6353001.64307065
"44",2024-11-18,"F","F8324211",TRUE,2025-02-10,"Canis lupus",FALSE,"S80-077",0.989583313465118,"F","XX",NA,NA,2024-11-18,2025,11,2025,"S80-077","F",c(994352.499848407, 6278001.64307065),994352.499848407,6278001.64307065
"45",2024-11-18,"F","F0624179",TRUE,2025-02-10,"Canis lupus",FALSE,"S83-009",0.697916686534882,"F","XY",NA,NA,2024-11-18,2025,11,2025,"S83-009","F",c(1009352.49984841, 6328001.64307065),1009352.49984841,6328001.64307065
"46",2024-11-18,"F","F0624184",TRUE,2025-02-10,"Canis lupus",FALSE,"S92-011",0.520833313465118,"F","XX",NA,NA,2024-11-18,2025,11,2025,"S92-011","F",c(1075102.49984841, 6340001.64307065),1075102.49984841,6340001.64307065
"47",2024-11-19,"F","F8324212",TRUE,2025-02-10,"Canis lupus",FALSE,"S92-012",0.802083313465118,"M","XY",NA,NA,2024-11-19,2025,11,2025,"S92-012","M",c(934352.499848407, 6268001.64307065),934352.499848407,6268001.64307065
"48",2024-11-19,"F","F8324213",TRUE,2025-02-10,"Canis lupus",FALSE,"S92-012",0.796875,"M","XY",NA,NA,2024-11-19,2025,11,2025,"S92-012","M",c(935102.499848407, 6270001.64307065),935102.499848407,6270001.64307065
"49",2024-11-19,"F","F8424125",TRUE,2025-07-07,"Canis lupus",FALSE,"S95-010",0.947916686534882,"F","XX",NA,NA,2024-11-19,2025,11,2025,"S95-010","F",c(899352.499848407, 6303001.64307065),899352.499848407,6303001.64307065
"50",2024-11-19,"F","F0624188",TRUE,2025-02-10,"Canis lupus",FALSE,"S74-006",0.885416686534882,"F","XX",NA,NA,2024-11-19,2025,11,2025,"S74-006","F",c(1014352.49984841, 6353001.64307065),1014352.49984841,6353001.64307065
"51",2024-11-19,"F","F8424126",TRUE,2025-02-10,"Canis lupus",FALSE,"S78-053",0.734375,"M","XY",NA,NA,2024-11-19,2025,11,2025,"S78-053","M",c(899352.499848407, 6303001.64307065),899352.499848407,6303001.64307065
"52",2024-11-19,"F","F8424128",TRUE,2025-02-10,"Canis lupus",FALSE,"S92-002",0.989583313465118,"M","XY",NA,NA,2024-11-19,2025,11,2025,"S92-002","M",c(899352.499848407, 6303001.64307065),899352.499848407,6303001.64307065
"53",2024-11-20,"F","F8424133",TRUE,2025-02-10,"Canis lupus",FALSE,"S86-101",0.848958313465118,"M","XY",NA,NA,2024-11-20,2025,11,2025,"S86-101","M",c(909352.499848407, 6298001.64307065),909352.499848407,6298001.64307065
"54",2024-11-20,"F","F8424134",TRUE,2025-02-10,"Canis lupus",FALSE,"S92-111",0.958333313465118,"F","XX",NA,NA,2024-11-20,2025,11,2025,"S92-111","F",c(909352.499848407, 6298001.64307065),909352.499848407,6298001.64307065
"55",2024-11-20,"F","F0424355",TRUE,2025-02-10,"Canis lupus",FALSE,"S92-075",0.541666686534882,"M","XY",NA,NA,2024-11-20,2025,11,2025,"S92-075","M",c(974352.499848407, 6323001.64307065),974352.499848407,6323001.64307065
"56",2024-11-20,"F","F0624186",TRUE,2025-02-10,"Canis lupus",FALSE,"S92-039",1,"F","XX",NA,NA,2024-11-20,2025,11,2025,"S92-039","F",c(1064352.49984841, 6343001.64307065),1064352.49984841,6343001.64307065
"57",2024-11-20,"F","F0424353",TRUE,2025-02-10,"Canis lupus",FALSE,"S92-026",1,"M","XY",NA,NA,2024-11-20,2025,11,2025,"S92-026","M",c(909352.499848407, 6308001.64307065),909352.499848407,6308001.64307065
"58",2024-11-20,"F","F0424356",TRUE,2025-05-26,"Canis lupus",FALSE,"S65-23",0.885416686534882,"M","XY",NA,NA,2024-11-20,2025,11,2025,"S65-23","M",c(974352.499848407, 6323001.64307065),974352.499848407,6323001.64307065
"59",2024-11-20,"F","F0624189",TRUE,2025-02-10,"Canis lupus",FALSE,"S83-038",0.791666686534882,"M","XY",NA,NA,2024-11-20,2025,11,2025,"S83-038","M",c(1014352.49984841, 6348001.64307065),1014352.49984841,6348001.64307065
"60",2024-11-20,"F","F0624187",TRUE,2025-02-10,"Canis lupus",FALSE,"S92-069",1,"F","XX",NA,NA,2024-11-20,2025,11,2025,"S92-069","F",c(1054352.49984841, 6338001.64307065),1054352.49984841,6338001.64307065
"61",2024-11-21,"F","F0424357",TRUE,2025-02-10,"Canis lupus",FALSE,"S86-087",0.78125,"F","XX",NA,NA,2024-11-21,2025,11,2025,"S86-087","F",c(944352.499848407, 6348001.64307065),944352.499848407,6348001.64307065
"62",2024-11-21,"F","F8424135",TRUE,2025-02-10,"Canis lupus",FALSE,"S75-077",0.520833313465118,"F","NA",NA,NA,2024-11-21,2025,11,2025,"S75-077","F",c(889352.499848407, 6303001.64307065),889352.499848407,6303001.64307065
"63",2024-11-21,"F","F0424359",TRUE,2025-02-10,"Canis lupus",FALSE,"S57-55",0.895833313465118,"F","XX",NA,NA,2024-11-21,2025,11,2025,"S57-55","F",c(944352.499848407, 6348001.64307065),944352.499848407,6348001.64307065
"64",2024-11-21,"F","F8424138",TRUE,2025-02-10,"Canis lupus",FALSE,"S92-040",0.614583313465118,"M","XY",NA,NA,2024-11-21,2025,11,2025,"S92-040","M",c(869352.499848407, 6303001.64307065),869352.499848407,6303001.64307065
"65",2024-11-21,"F","F2624222",TRUE,2025-02-10,"Canis lupus",FALSE,"S92-097",0.6875,"NI","NA",NA,NA,2024-11-21,2025,11,2025,"S92-097","NI",c(874352.499848407, 6408001.64307065),874352.499848407,6408001.64307065
"66",2024-11-21,"F","F2624223",TRUE,2025-02-10,"Canis lupus",FALSE,"S88-089",0.677083313465118,"M","XY",NA,NA,2024-11-21,2025,11,2025,"S88-089","M",c(879352.499848407, 6408001.64307065),879352.499848407,6408001.64307065
"67",2024-11-21,"F","F2624224",TRUE,2025-02-10,"Canis lupus",FALSE,"S88-089",0.822916686534882,"M","XY",NA,NA,2024-11-21,2025,11,2025,"S88-089","M",c(879352.499848407, 6408001.64307065),879352.499848407,6408001.64307065
"68",2024-11-21,"F","F8424137",TRUE,2025-02-10,"Canis lupus",FALSE,"S92-103",0.5625,"M","XY",NA,NA,2024-11-21,2025,11,2025,"S92-103","M",c(894352.499848407, 6293001.64307065),894352.499848407,6293001.64307065
"69",2024-11-21,"F","F0424358",TRUE,2025-02-10,"Canis lupus",FALSE,"S86-083",1,"M","XY",NA,NA,2024-11-21,2025,11,2025,"S86-083","M",c(944352.499848407, 6348001.64307065),944352.499848407,6348001.64307065
"70",2024-11-21,"F","F0624190",TRUE,2025-05-26,"Canis lupus",FALSE,"S82-124",0.96875,"F","XX",NA,NA,2024-11-21,2025,11,2025,"S82-124","F",c(1044352.49984841, 6323001.64307065),1044352.49984841,6323001.64307065
"71",2024-11-21,"F","F8324217",TRUE,2025-02-10,"Canis lupus",FALSE,"S83-092",0.916666686534882,"M","XY",NA,NA,2024-11-21,2025,11,2025,"S83-092","M",c(919352.499848407, 6253001.64307065),919352.499848407,6253001.64307065
"72",2024-11-21,"F","F0624191",TRUE,2025-04-07,"Canis lupus",FALSE,"S83-054",0.713541686534882,"M","XY",NA,NA,2024-11-21,2025,11,2025,"S83-054","M",c(1044352.49984841, 6323001.64307065),1044352.49984841,6323001.64307065
"73",2024-11-22,"F","F8424168",TRUE,2025-05-26,"Canis lupus",FALSE,"S92-002",0.828125,"M","XY",NA,NA,2024-11-22,2025,11,2025,"S92-002","M",c(900102.499848407, 6305001.64307065),900102.499848407,6305001.64307065
"74",2024-11-22,"F","F0624193",TRUE,2025-02-10,"Canis lupus",FALSE,"S92-068",0.84375,"M","XY",NA,NA,2024-11-22,2025,11,2025,"S92-068","M",c(1059352.49984841, 6343001.64307065),1059352.49984841,6343001.64307065
"75",2024-11-23,"F","F8324219",TRUE,2025-02-10,"Canis lupus",FALSE,"S92-030",1,"M","XY",NA,NA,2024-11-23,2025,11,2025,"S92-030","M",c(989352.499848407, 6238001.64307065),989352.499848407,6238001.64307065
"76",2024-11-23,"U","U7424005",TRUE,2025-02-10,"Canis lupus",FALSE,"S92-136",1,"F","XX",NA,NA,2024-11-23,2025,11,2025,"S92-136","F",c(979352.499848407, 6528001.64307065),979352.499848407,6528001.64307065
"77",2024-11-23,"U","U7424006",TRUE,2025-02-10,"Canis lupus",FALSE,"S92-137",0.989583313465118,"F","XX",NA,NA,2024-11-23,2025,11,2025,"S92-137","F",c(979352.499848407, 6528001.64307065),979352.499848407,6528001.64307065
"78",2024-11-23,"F","F7424138",TRUE,2025-02-10,"Canis lupus",FALSE,"S92-131",0.583333313465118,"M","XY",NA,NA,2024-11-23,2025,11,2025,"S92-131","M",c(979352.499848407, 6528001.64307065),979352.499848407,6528001.64307065
"79",2024-11-23,"F","F0524213",TRUE,2025-02-10,"Canis lupus",FALSE,"S92-101",0.979166686534882,"F","XX",NA,NA,2024-11-23,2025,11,2025,"S92-101","F",c(914352.499848407, 6358001.64307065),914352.499848407,6358001.64307065
"80",2024-11-23,"F","F0424361",TRUE,2025-02-10,"Canis lupus",FALSE,"S88-072",0.96875,"F","XX",NA,NA,2024-11-23,2025,11,2025,"S88-072","F",c(969352.499848407, 6328001.64307065),969352.499848407,6328001.64307065
"81",2024-11-23,"F","F7324183",TRUE,2025-02-10,"Canis lupus",FALSE,"S92-129",0.588541686534882,"F","XX",NA,NA,2024-11-23,2025,11,2025,"S92-129","F",c(964352.499848407, 6503001.64307065),964352.499848407,6503001.64307065
"82",2024-11-24,"F","F1924031",TRUE,2025-02-10,"Canis lupus",FALSE,"S89-030",1,"M","XY",NA,NA,2024-11-24,2025,11,2025,"S89-030","M",c(624352.499848407, 6503001.64307065),624352.499848407,6503001.64307065
"83",2024-11-25,"F","F8324220",TRUE,2025-02-10,"Canis lupus",FALSE,"S92-013",0.59375,"F","XX",NA,NA,2024-11-25,2025,11,2025,"S92-013","F",c(975102.499848407, 6255001.64307065),975102.499848407,6255001.64307065
"84",2024-11-25,"F","F3824196",TRUE,2025-07-07,"Canis lupus",FALSE,"S92-015",0.520833313465118,"F","XX",NA,NA,2024-11-25,2025,11,2025,"S92-015","F",c(925602.499848407, 6410501.64307065),925602.499848407,6410501.64307065
"85",2024-11-25,"F","F0624285",TRUE,2025-02-10,"Canis lupus",FALSE,"S92-010",1,"F","XX",NA,NA,2024-11-25,2025,11,2025,"S92-010","F",c(1039352.49984841, 6343001.64307065),1039352.49984841,6343001.64307065
"86",2024-11-25,"F","F0424362",TRUE,2025-02-10,"Canis lupus",FALSE,"S72-022",0.817708313465118,"F","XX",NA,NA,2024-11-25,2025,11,2025,"S72-022","F",c(959352.499848407, 6328001.64307065),959352.499848407,6328001.64307065
"87",2024-11-25,"F","F7324181",TRUE,2025-04-07,"Canis lupus",FALSE,"S93-006",0.90625,"M","XY",NA,NA,2024-11-25,2025,11,2025,"S93-006","M",c(984352.499848407, 6463001.64307065),984352.499848407,6463001.64307065
"88",2024-11-25,"F","F8424167",TRUE,2025-05-26,"Canis lupus",FALSE,"S94-062",0.682291686534882,"F","XX",NA,NA,2024-11-25,2025,11,2025,"S94-062","F",c(904352.499848407, 6303001.64307065),904352.499848407,6303001.64307065
"89",2024-11-25,"F","F0124042",TRUE,2025-02-10,"Canis lupus",FALSE,"S92-162",1,"M","XY",NA,NA,2024-11-25,2025,11,2025,"S92-162","M",c(934352.499848407, 6593001.64307065),934352.499848407,6593001.64307065
"90",2024-11-25,"F","F2624240",TRUE,2025-02-10,"Canis lupus",FALSE,"S92-096",1,"F","XX",NA,NA,2024-11-25,2025,11,2025,"S92-096","F",c(904352.499848407, 6408001.64307065),904352.499848407,6408001.64307065
"91",2024-11-26,"F","F8424140",TRUE,2025-02-10,"Canis lupus",FALSE,"S80-090",0.90625,"F","XX",NA,NA,2024-11-26,2025,11,2025,"S80-090","F",c(899352.499848407, 6323001.64307065),899352.499848407,6323001.64307065
"92",2024-11-26,"F","F2624227",TRUE,2025-02-10,"Canis lupus",FALSE,"S92-120",0.989583313465118,"F","XX",NA,NA,2024-11-26,2025,11,2025,"S92-120","F",c(869352.499848407, 6403001.64307065),869352.499848407,6403001.64307065
"93",2024-11-26,"F","F0624205",TRUE,2025-02-10,"Canis lupus",FALSE,"S92-022",0.604166686534882,"M","XY",NA,NA,2024-11-26,2025,11,2025,"S92-022","M",c(1019352.49984841, 6338001.64307065),1019352.49984841,6338001.64307065
"94",2024-11-26,"F","F0424365",TRUE,2025-02-10,"Canis lupus",FALSE,"S87-087",0.682291686534882,"M","XY",NA,NA,2024-11-26,2025,11,2025,"S87-087","M",c(964352.499848407, 6328001.64307065),964352.499848407,6328001.64307065
"95",2024-11-26,"F","F0424364",TRUE,2025-04-07,"Canis lupus",FALSE,"S72-022",0.744791686534882,"F","XX",NA,NA,2024-11-26,2025,11,2025,"S72-022","F",c(965102.499848407, 6330001.64307065),965102.499848407,6330001.64307065
"96",2024-11-26,"F","F0424363",TRUE,2025-02-10,"Canis lupus",FALSE,"S72-022",0.963541686534882,"F","XX",NA,NA,2024-11-26,2025,11,2025,"S72-022","F",c(965602.499848407, 6325501.64307065),965602.499848407,6325501.64307065
"97",2024-11-26,"F","F1324081",TRUE,2025-02-10,"Canis lupus",FALSE,"S90-007",0.666666686534882,"F","XX",NA,NA,2024-11-26,2025,11,2025,"S90-007","F",c(894352.499848407, 6258001.64307065),894352.499848407,6258001.64307065
"98",2024-11-27,"F","F7324187",TRUE,2025-02-10,"Canis lupus",FALSE,"S92-130",0.557291686534882,"M","XY",NA,NA,2024-11-27,2025,11,2025,"S92-130","M",c(994352.499848407, 6463001.64307065),994352.499848407,6463001.64307065
"99",2024-11-27,"F","F0624203",TRUE,2025-04-07,"Canis lupus",FALSE,"S90-040",0.875,"M","XY",NA,NA,2024-11-27,2025,11,2025,"S90-040","M",c(1009352.49984841, 6308001.64307065),1009352.49984841,6308001.64307065
"100",2024-11-28,"F","F1324082",TRUE,2025-02-10,"Canis lupus",FALSE,"S92-027",0.828125,"M","XY",NA,NA,2024-11-28,2025,11,2025,"S92-027","M",c(914352.499848407, 6243001.64307065),914352.499848407,6243001.64307065
"101",2024-11-28,"F","F0624198",TRUE,2025-02-10,"Canis lupus",FALSE,"S92-104",0.666666686534882,"M","XY",NA,NA,2024-11-28,2025,11,2025,"S92-104","M",c(999352.499848407, 6303001.64307065),999352.499848407,6303001.64307065
"102",2024-11-28,"F","F0524216",TRUE,2025-02-10,"Canis lupus",FALSE,"S89-003",0.833333313465118,"M","XY",NA,NA,2024-11-28,2025,11,2025,"S89-003","M",c(929352.499848407, 6393001.64307065),929352.499848407,6393001.64307065
"103",2024-11-28,"F","F0524215",TRUE,2025-02-10,"Canis lupus",FALSE,"S78-081",0.989583313465118,"F","XX",NA,NA,2024-11-28,2025,11,2025,"S78-081","F",c(929352.499848407, 6393001.64307065),929352.499848407,6393001.64307065
"104",2024-11-28,"F","F1324079",TRUE,2025-04-07,"Canis lupus",FALSE,"S74-002",0.90625,"F","XX",NA,NA,2024-11-28,2025,11,2025,"S74-002","F",c(894352.499848407, 6238001.64307065),894352.499848407,6238001.64307065
"105",2024-11-28,"F","F0624200",TRUE,2025-02-10,"Canis lupus",FALSE,"S82-028",0.78125,"F","XX",NA,NA,2024-11-28,2025,11,2025,"S82-028","F",c(999352.499848407, 6303001.64307065),999352.499848407,6303001.64307065
"106",2024-11-29,"F","F8324222",TRUE,2025-02-10,"Canis lupus",FALSE,"S92-047",0.916666686534882,"F","XX",NA,NA,2024-11-29,2025,11,2025,"S92-047","F",c(919352.499848407, 6238001.64307065),919352.499848407,6238001.64307065
"107",2024-11-30,"F","F0524222",TRUE,2025-02-10,"Canis lupus",FALSE,"S77-027",0.59375,"F","XX",NA,NA,2024-11-30,2025,11,2025,"S77-027","F",c(919352.499848407, 6348001.64307065),919352.499848407,6348001.64307065
"108",2024-11-30,"F","F0624207",TRUE,2025-02-10,"Canis lupus",FALSE,"S92-049",0.671875,"F","XX",NA,NA,2024-11-30,2025,11,2025,"S92-049","F",c(1024352.49984841, 6318001.64307065),1024352.49984841,6318001.64307065
"109",2024-11-30,"F","F0524221",TRUE,2025-02-10,"Canis lupus",FALSE,"S77-027",0.572916686534882,"F","XX",NA,NA,2024-11-30,2025,11,2025,"S77-027","F",c(925102.499848407, 6350001.64307065),925102.499848407,6350001.64307065
"110",2024-11-30,"F","F0624204",TRUE,2025-04-07,"Canis lupus",FALSE,"S93-016",0.958333313465118,"F","XX",NA,NA,2024-11-30,2025,11,2025,"S93-016","F",c(1004352.49984841, 6308001.64307065),1004352.49984841,6308001.64307065
"111",2024-12-02,"F","F0624210",TRUE,2025-04-07,"Canis lupus",FALSE,"S83-009",0.958333313465118,"F","XX",NA,NA,2024-12-02,2025,12,2025,"S83-009","F",c(1005102.49984841, 6330001.64307065),1005102.49984841,6330001.64307065
"112",2024-12-02,"F","F0524218",TRUE,2025-02-10,"Canis lupus",FALSE,"S92-107",0.515625,"M","XY",NA,NA,2024-12-02,2025,12,2025,"S92-107","M",c(934352.499848407, 6398001.64307065),934352.499848407,6398001.64307065
"113",2024-12-02,"F","F0524219",TRUE,2025-02-10,"Canis lupus",FALSE,"S78-042",0.833333313465118,"M","XY",NA,NA,2024-12-02,2025,12,2025,"S78-042","M",c(934352.499848407, 6398001.64307065),934352.499848407,6398001.64307065
"114",2024-12-02,"F","F0524224",TRUE,2025-04-07,"Canis lupus",FALSE,"S86-106",0.885416686534882,"F","XX",NA,NA,2024-12-02,2025,12,2025,"S86-106","F",c(954352.499848407, 6418001.64307065),954352.499848407,6418001.64307065
"115",2024-12-02,"F","F0424368",TRUE,2025-05-26,"Canis lupus",FALSE,"S78-008",0.927083313465118,"F","XX",NA,NA,2024-12-02,2025,12,2025,"S78-008","F",c(984352.499848407, 6348001.64307065),984352.499848407,6348001.64307065
"116",2024-12-03,"F","F8424143",TRUE,2025-02-10,"Canis lupus",FALSE,"S92-036",0.994791686534882,"M","XY",NA,NA,2024-12-03,2025,12,2025,"S92-036","M",c(874352.499848407, 6303001.64307065),874352.499848407,6303001.64307065
"117",2024-12-03,"F","F0624209",TRUE,2025-04-07,"Canis lupus",FALSE,"S60-32",0.692708313465118,"M","XY",NA,NA,2024-12-03,2025,12,2025,"S60-32","M",c(1064352.49984841, 6328001.64307065),1064352.49984841,6328001.64307065
"118",2024-12-03,"F","F2624228",TRUE,2025-04-07,"Canis lupus",FALSE,"S92-062",0.947916686534882,"F","XX",NA,NA,2024-12-03,2025,12,2025,"S92-062","F",c(849352.499848407, 6373001.64307065),849352.499848407,6373001.64307065
"119",2024-12-03,"F","F8324235",TRUE,2025-07-07,"Canis lupus",FALSE,"S95-018",0.880208313465118,"M","XY",NA,NA,2024-12-03,2025,12,2025,"S95-018","M",c(934352.499848407, 6243001.64307065),934352.499848407,6243001.64307065
"120",2024-12-04,"F","F0524233",TRUE,2025-04-07,"Canis lupus",FALSE,"S93-059",0.989583313465118,"M","XY",NA,NA,2024-12-04,2025,12,2025,"S93-059","M",c(969352.499848407, 6443001.64307065),969352.499848407,6443001.64307065
"121",2024-12-04,"F","F0524232",TRUE,2025-05-26,"Canis lupus",FALSE,"S94-044",1,"F","XX",NA,NA,2024-12-04,2025,12,2025,"S94-044","F",c(969352.499848407, 6443001.64307065),969352.499848407,6443001.64307065
"122",2024-12-05,"F","F4824121",TRUE,2025-02-10,"Canis lupus",FALSE,"S80-015",0.932291686534882,"M","XY",NA,NA,2024-12-05,2025,12,2025,"S80-015","M",c(744352.499848407, 6398001.64307065),744352.499848407,6398001.64307065
"123",2024-12-05,"F","F0124043",TRUE,2025-07-07,"Canis lupus",FALSE,"S92-160",1,"F","XX",NA,NA,2024-12-05,2025,12,2025,"S92-160","F",c(934352.499848407, 6593001.64307065),934352.499848407,6593001.64307065
"124",2024-12-06,"F","F0524225",TRUE,2025-02-10,"Canis lupus",FALSE,"S92-024",1,"M","XY",NA,NA,2024-12-06,2025,12,2025,"S92-024","M",c(989352.499848407, 6408001.64307065),989352.499848407,6408001.64307065
"125",2024-12-06,"F","F0624218",TRUE,2025-02-10,"Canis lupus",FALSE,"S82-124",1,"F","XX",NA,NA,2024-12-06,2025,12,2025,"S82-124","F",c(1045102.49984841, 6315001.64307065),1045102.49984841,6315001.64307065
"126",2024-12-06,"F","F0424370",TRUE,2025-02-10,"Canis lupus",FALSE,"S73-064",0.869791686534882,"F","XX",NA,NA,2024-12-06,2025,12,2025,"S73-064","F",c(959352.499848407, 6318001.64307065),959352.499848407,6318001.64307065
"127",2024-12-07,"F","F0524226",TRUE,2025-02-10,"Canis lupus",FALSE,"S92-016",0.71875,"F","XX",NA,NA,2024-12-07,2025,12,2025,"S92-016","F",c(914352.499848407, 6353001.64307065),914352.499848407,6353001.64307065
"128",2024-12-07,"F","F0524228",TRUE,2025-02-10,"Canis lupus",FALSE,"S92-016",0.708333313465118,"F","XX",NA,NA,2024-12-07,2025,12,2025,"S92-016","F",c(915102.499848407, 6355001.64307065),915102.499848407,6355001.64307065
"129",2024-12-07,"F","F2624250",TRUE,2025-05-26,"Canis lupus",FALSE,"S94-073",0.802083313465118,"F","XX",NA,NA,2024-12-07,2025,12,2025,"S94-073","F",c(854352.499848407, 6383001.64307065),854352.499848407,6383001.64307065
"130",2024-12-07,"F","F0624215",TRUE,2025-02-10,"Canis lupus",FALSE,"S92-046",0.75,"M","XY",NA,NA,2024-12-07,2025,12,2025,"S92-046","M",c(1024352.49984841, 6333001.64307065),1024352.49984841,6333001.64307065
"131",2024-12-09,"U","U0424023",TRUE,2025-05-26,"Canis lupus",FALSE,"S87-044",0.979166686534882,"M","XY",NA,NA,2024-12-09,2025,12,2025,"S87-044","M",c(989352.499848407, 6368001.64307065),989352.499848407,6368001.64307065
"132",2024-12-09,"U","U0424022",TRUE,2025-05-26,"Canis lupus",FALSE,"S87-044",0.8125,"M","XY",NA,NA,2024-12-09,2025,12,2025,"S87-044","M",c(990102.499848407, 6370001.64307065),990102.499848407,6370001.64307065
"133",2024-12-09,"U","U0424019",TRUE,2025-05-26,"Canis lupus",FALSE,"S87-044",0.875,"M","XY",NA,NA,2024-12-09,2025,12,2025,"S87-044","M",c(990602.499848407, 6365501.64307065),990602.499848407,6365501.64307065
"134",2024-12-09,"F","F0424376",TRUE,2025-07-07,"Canis lupus",FALSE,"S87-044",1,"M","XY",NA,NA,2024-12-09,2025,12,2025,"S87-044","M",c(993102.499848407, 6368501.64307065),993102.499848407,6368501.64307065
"135",2024-12-09,"F","F2624229",TRUE,2025-02-10,"Canis lupus",FALSE,"S92-098",0.776041686534882,"M","XY",NA,NA,2024-12-09,2025,12,2025,"S92-098","M",c(874352.499848407, 6408001.64307065),874352.499848407,6408001.64307065
"136",2024-12-09,"F","F0424374",TRUE,2025-02-10,"Canis lupus",FALSE,"S92-017",1,"M","XY",NA,NA,2024-12-09,2025,12,2025,"S92-017","M",c(994352.499848407, 6333001.64307065),994352.499848407,6333001.64307065
"137",2024-12-09,"F","F0624280",TRUE,2025-02-10,"Canis lupus",FALSE,"S92-064",0.630208313465118,"F","XX",NA,NA,2024-12-09,2025,12,2025,"S92-064","F",c(1034352.49984841, 6303001.64307065),1034352.49984841,6303001.64307065
"138",2024-12-09,"F","F0424373",TRUE,2025-05-26,"Canis lupus",FALSE,"S92-017",1,"M","XY",NA,NA,2024-12-09,2025,12,2025,"S92-017","M",c(995102.499848407, 6335001.64307065),995102.499848407,6335001.64307065
"139",2024-12-09,"F","F0424372",TRUE,2025-04-07,"Canis lupus",FALSE,"S87-044",0.890625,"M","XY",NA,NA,2024-12-09,2025,12,2025,"S87-044","M",c(990852.499848407, 6363751.64307065),990852.499848407,6363751.64307065
"140",2024-12-09,"U","U3924008",TRUE,2025-02-10,"Canis lupus",FALSE,"S92-134",0.541666686534882,"M","XY",NA,NA,2024-12-09,2025,12,2025,"S92-134","M",c(924352.499848407, 6603001.64307065),924352.499848407,6603001.64307065
"141",2024-12-10,"F","F0424378",TRUE,2025-02-10,"Canis lupus",FALSE,"S92-073",1,"M","XY",NA,NA,2024-12-10,2025,12,2025,"S92-073","M",c(994352.499848407, 6333001.64307065),994352.499848407,6333001.64307065
"142",2024-12-10,"F","F0424382",TRUE,2025-02-10,"Canis lupus",FALSE,"S92-017",0.713541686534882,"M","XY",NA,NA,2024-12-10,2025,12,2025,"S92-017","M",c(995602.499848407, 6335501.64307065),995602.499848407,6335501.64307065
"143",2024-12-10,"F","F0424381",TRUE,2025-02-10,"Canis lupus",FALSE,"S74-046",1,"F","XX",NA,NA,2024-12-10,2025,12,2025,"S74-046","F",c(994352.499848407, 6333001.64307065),994352.499848407,6333001.64307065
"144",2024-12-10,"F","F8424154",TRUE,2025-04-07,"Canis lupus",FALSE,"S93-060",1,"F","XX",NA,NA,2024-12-10,2025,12,2025,"S93-060","F",c(869352.499848407, 6298001.64307065),869352.499848407,6298001.64307065
"145",2024-12-10,"F","F0424377",TRUE,2025-04-07,"Canis lupus",FALSE,"S82-113",1,"F","XX",NA,NA,2024-12-10,2025,12,2025,"S82-113","F",c(999352.499848407, 6383001.64307065),999352.499848407,6383001.64307065
"146",2024-12-10,"F","F0424396",TRUE,2025-04-07,"Canis lupus",FALSE,"S82-082",1,"NI","XY",NA,NA,2024-12-10,2025,12,2025,"S82-082","NI",c(999352.499848407, 6313001.64307065),999352.499848407,6313001.64307065
"147",2024-12-10,"F","F0524229",TRUE,2025-02-10,"Canis lupus",FALSE,"S92-087",0.994791686534882,"M","XY",NA,NA,2024-12-10,2025,12,2025,"S92-087","M",c(924352.499848407, 6393001.64307065),924352.499848407,6393001.64307065
"148",2024-12-10,"F","F0424380",TRUE,2025-02-10,"Canis lupus",FALSE,"S74-046",0.875,"F","XX",NA,NA,2024-12-10,2025,12,2025,"S74-046","F",c(995102.499848407, 6335001.64307065),995102.499848407,6335001.64307065
"149",2024-12-11,"F","F2624234",TRUE,2025-02-10,"Canis lupus",FALSE,"S92-099",1,"F","XX",NA,NA,2024-12-11,2025,12,2025,"S92-099","F",c(889352.499848407, 6378001.64307065),889352.499848407,6378001.64307065
"150",2024-12-11,"F","F2624230",TRUE,2025-02-10,"Canis lupus",FALSE,"S84-024",0.921875,"F","XX",NA,NA,2024-12-11,2025,12,2025,"S84-024","F",c(869352.499848407, 6393001.64307065),869352.499848407,6393001.64307065
"151",2024-12-11,"F","F0624249",TRUE,2025-07-07,"Canis lupus",FALSE,"S95-031",0.713541686534882,"F","XX",NA,NA,2024-12-11,2025,12,2025,"S95-031","F",c(1029352.49984841, 6348001.64307065),1029352.49984841,6348001.64307065
"152",2024-12-11,"F","F2624231",TRUE,2025-02-10,"Canis lupus",FALSE,"S88-088",0.864583313465118,"M","XY",NA,NA,2024-12-11,2025,12,2025,"S88-088","M",c(869352.499848407, 6393001.64307065),869352.499848407,6393001.64307065
"153",2024-12-11,"F","F2624232",TRUE,2025-02-10,"Canis lupus",FALSE,"S88-088",0.958333313465118,"M","XY",NA,NA,2024-12-11,2025,12,2025,"S88-088","M",c(870102.499848407, 6395001.64307065),870102.499848407,6395001.64307065
"154",2024-12-11,"F","F0424383",TRUE,2025-02-10,"Canis lupus",FALSE,"S82-082",0.942708313465118,"NI","XY",NA,NA,2024-12-11,2025,12,2025,"S82-082","NI",c(1010102.49984841, 6325001.64307065),1010102.49984841,6325001.64307065
"155",2024-12-11,"F","F0624231",TRUE,2025-07-07,"Canis lupus",FALSE,"S89-016",1,"M","XY",NA,NA,2024-12-11,2025,12,2025,"S89-016","M",c(1029352.49984841, 6348001.64307065),1029352.49984841,6348001.64307065
"156",2024-12-11,"F","F0624232",TRUE,2025-07-07,"Canis lupus",FALSE,"S63-35",1,"F","XX",NA,NA,2024-12-11,2025,12,2025,"S63-35","F",c(1029352.49984841, 6348001.64307065),1029352.49984841,6348001.64307065
"157",2024-12-11,"F","F0624227",TRUE,2025-04-07,"Canis lupus",FALSE,"S93-089",1,"F","XX",NA,NA,2024-12-11,2025,12,2025,"S93-089","F",c(1024352.49984841, 6338001.64307065),1024352.49984841,6338001.64307065
"158",2024-12-11,"F","F2624233",TRUE,2025-02-10,"Canis lupus",FALSE,"S84-024",0.947916686534882,"F","XX",NA,NA,2024-12-11,2025,12,2025,"S84-024","F",c(870102.499848407, 6395001.64307065),870102.499848407,6395001.64307065
"159",2024-12-11,"F","F0624224",TRUE,2025-02-10,"Canis lupus",FALSE,"S92-035",1,"M","XY",NA,NA,2024-12-11,2025,12,2025,"S92-035","M",c(1014352.49984841, 6298001.64307065),1014352.49984841,6298001.64307065
"160",2024-12-11,"F","F0624230",TRUE,2025-02-10,"Canis lupus",FALSE,"S92-008",0.5,"M","XY",NA,NA,2024-12-11,2025,12,2025,"S92-008","M",c(1054352.49984841, 6333001.64307065),1054352.49984841,6333001.64307065
"161",2024-12-12,"F","F2624251",TRUE,2025-05-26,"Canis lupus",FALSE,"S94-075",1,"M","XY",NA,NA,2024-12-12,2025,12,2025,"S94-075","M",c(909352.499848407, 6353001.64307065),909352.499848407,6353001.64307065
"162",2024-12-12,"F","F4824123",TRUE,2025-02-10,"Canis lupus",FALSE,"S92-006",1,"M","XY",NA,NA,2024-12-12,2025,12,2025,"S92-006","M",c(735102.499848407, 6410001.64307065),735102.499848407,6410001.64307065
"163",2024-12-12,"F","F0624250",TRUE,2025-07-07,"Canis lupus",FALSE,"S78-082",0.78125,"F","XX",NA,NA,2024-12-12,2025,12,2025,"S78-082","F",c(1029352.49984841, 6338001.64307065),1029352.49984841,6338001.64307065
"164",2024-12-12,"F","F3024013",TRUE,2025-02-10,"Canis lupus",FALSE,"S92-003",1,"F","XX",NA,NA,2024-12-12,2025,12,2025,"S92-003","F",c(739352.499848407, 6328001.64307065),739352.499848407,6328001.64307065
"165",2024-12-12,"F","F8424155",TRUE,2025-02-10,"Canis lupus",FALSE,"S74-097",0.697916686534882,"F","XX",NA,NA,2024-12-12,2025,12,2025,"S74-097","F",c(874352.499848407, 6318001.64307065),874352.499848407,6318001.64307065
"166",2024-12-12,"F","F0624233",TRUE,2025-02-10,"Canis lupus",FALSE,"S92-008",0.614583313465118,"M","XY",NA,NA,2024-12-12,2025,12,2025,"S92-008","M",c(1060102.49984841, 6335001.64307065),1060102.49984841,6335001.64307065
"167",2024-12-13,"U","U3824018",TRUE,2025-02-10,"Canis lupus",FALSE,"S87-013",0.901041686534882,"M","XY",NA,NA,2024-12-13,2025,12,2025,"S87-013","M",c(924352.499848407, 6433001.64307065),924352.499848407,6433001.64307065
"168",2024-12-13,"F","F0424392",TRUE,2025-02-10,"Canis lupus",FALSE,"S92-080",0.755208313465118,"F","XX",NA,NA,2024-12-13,2025,12,2025,"S92-080","F",c(919352.499848407, 6308001.64307065),919352.499848407,6308001.64307065
"169",2024-12-13,"F","F0424391",TRUE,2025-02-10,"Canis lupus",FALSE,"S92-051",0.739583313465118,"M","XY",NA,NA,2024-12-13,2025,12,2025,"S92-051","M",c(919352.499848407, 6298001.64307065),919352.499848407,6298001.64307065
"170",2024-12-13,"F","F0424390",TRUE,2025-02-10,"Canis lupus",FALSE,"S92-093",0.84375,"M","XY",NA,NA,2024-12-13,2025,12,2025,"S92-093","M",c(919352.499848407, 6298001.64307065),919352.499848407,6298001.64307065
"171",2024-12-13,"F","F2624236",TRUE,2025-02-10,"Canis lupus",FALSE,"S92-102",1,"F","XX",NA,NA,2024-12-13,2025,12,2025,"S92-102","F",c(889352.499848407, 6363001.64307065),889352.499848407,6363001.64307065
"172",2024-12-13,"F","F2624235",TRUE,2025-02-10,"Canis lupus",FALSE,"S86-027",1,"M","XY",NA,NA,2024-12-13,2025,12,2025,"S86-027","M",c(889352.499848407, 6358001.64307065),889352.499848407,6358001.64307065
"173",2024-12-13,"F","F0424388",TRUE,2025-02-10,"Canis lupus",FALSE,"S92-052",1,"M","XY",NA,NA,2024-12-13,2025,12,2025,"S92-052","M",c(919352.499848407, 6303001.64307065),919352.499848407,6303001.64307065
"174",2024-12-13,"F","F0424387",TRUE,2025-02-10,"Canis lupus",FALSE,"S86-101",1,"M","XY",NA,NA,2024-12-13,2025,12,2025,"S86-101","M",c(920102.499848407, 6305001.64307065),920102.499848407,6305001.64307065
"175",2024-12-13,"F","F0424389",TRUE,2025-02-10,"Canis lupus",FALSE,"S83-023",0.901041686534882,"M","XY",NA,NA,2024-12-13,2025,12,2025,"S83-023","M",c(919352.499848407, 6298001.64307065),919352.499848407,6298001.64307065
"176",2024-12-15,"F","F0424394",TRUE,2025-02-10,"Canis lupus",FALSE,"S92-066",0.505208313465118,"M","XY",NA,NA,2024-12-15,2025,12,2025,"S92-066","M",c(944352.499848407, 6318001.64307065),944352.499848407,6318001.64307065
"177",2024-12-15,"F","F7324192",TRUE,2025-02-10,"Canis lupus",FALSE,"S92-112",0.666666686534882,"F","XX",NA,NA,2024-12-15,2025,12,2025,"S92-112","F",c(959352.499848407, 6458001.64307065),959352.499848407,6458001.64307065
"178",2024-12-15,"F","F0624234",TRUE,2025-04-07,"Canis lupus",FALSE,"S83-008",0.640625,"M","XY",NA,NA,2024-12-15,2025,12,2025,"S83-008","M",c(1019352.49984841, 6318001.64307065),1019352.49984841,6318001.64307065
"179",2024-12-16,"F","F2624238",TRUE,2025-04-07,"Canis lupus",FALSE,"S93-076",1,"F","XX",NA,NA,2024-12-16,2025,12,2025,"S93-076","F",c(844352.499848407, 6368001.64307065),844352.499848407,6368001.64307065
"180",2024-12-16,"F","F0624282",TRUE,2025-02-10,"Canis lupus",FALSE,"S82-124",1,"F","XX",NA,NA,2024-12-16,2025,12,2025,"S82-124","F",c(1045602.49984841, 6325501.64307065),1045602.49984841,6325501.64307065
"181",2024-12-16,"F","F0424395",TRUE,2025-02-10,"Canis lupus",FALSE,"S60-33",0.854166686534882,"M","XY",NA,NA,2024-12-16,2025,12,2025,"S60-33","M",c(934352.499848407, 6303001.64307065),934352.499848407,6303001.64307065
"182",2024-12-16,"F","F8424159",TRUE,2025-02-10,"Canis lupus",FALSE,"S92-057",1,"M","XY",NA,NA,2024-12-16,2025,12,2025,"S92-057","M",c(879352.499848407, 6343001.64307065),879352.499848407,6343001.64307065
"183",2024-12-16,"F","F1324086",TRUE,2025-02-10,"Canis lupus",FALSE,"S92-078",0.916666686534882,"M","XY",NA,NA,2024-12-16,2025,12,2025,"S92-078","M",c(909352.499848407, 6238001.64307065),909352.499848407,6238001.64307065
"184",2024-12-17,"F","F0524234",TRUE,2025-02-10,"Canis lupus",FALSE,"S83-045",0.5625,"F","NA",NA,NA,2024-12-17,2025,12,2025,"S83-045","F",c(929352.499848407, 6378001.64307065),929352.499848407,6378001.64307065
"185",2024-12-17,"F","F0624239",TRUE,2025-04-07,"Canis lupus",FALSE,"S93-020",1,"M","XY",NA,NA,2024-12-17,2025,12,2025,"S93-020","M",c(1014352.49984841, 6333001.64307065),1014352.49984841,6333001.64307065
"186",2024-12-17,"F","F0624236",TRUE,2025-05-26,"Canis lupus",FALSE,"S89-017",0.697916686534882,"M","XY",NA,NA,2024-12-17,2025,12,2025,"S89-017","M",c(1014352.49984841, 6333001.64307065),1014352.49984841,6333001.64307065
"187",2024-12-17,"F","F0624238",TRUE,2025-07-07,"Canis lupus",FALSE,"S93-089",0.921875,"F","XX",NA,NA,2024-12-17,2025,12,2025,"S93-089","F",c(1015102.49984841, 6335001.64307065),1015102.49984841,6335001.64307065
"188",2024-12-17,"F","F3824209",TRUE,2025-04-07,"Canis lupus",FALSE,"S93-128",0.84375,"F","XX",NA,NA,2024-12-17,2025,12,2025,"S93-128","F",c(899352.499848407, 6423001.64307065),899352.499848407,6423001.64307065
"189",2024-12-17,"F","F2624239",TRUE,2025-04-07,"Canis lupus",FALSE,"S93-018",1,"F","XX",NA,NA,2024-12-17,2025,12,2025,"S93-018","F",c(899352.499848407, 6398001.64307065),899352.499848407,6398001.64307065
"190",2024-12-17,"F","F0624241",TRUE,2025-04-07,"Canis lupus",FALSE,"S93-020",0.734375,"M","XY",NA,NA,2024-12-17,2025,12,2025,"S93-020","M",c(1015102.49984841, 6335001.64307065),1015102.49984841,6335001.64307065
"191",2024-12-17,"F","F0624242",TRUE,2025-05-26,"Canis lupus",FALSE,"S93-116",0.864583313465118,"M","XY",NA,NA,2024-12-17,2025,12,2025,"S93-116","M",c(1014352.49984841, 6333001.64307065),1014352.49984841,6333001.64307065
"192",2024-12-17,"F","F0624240",TRUE,2025-04-07,"Canis lupus",FALSE,"S93-116",0.958333313465118,"M","XY",NA,NA,2024-12-17,2025,12,2025,"S93-116","M",c(1015102.49984841, 6335001.64307065),1015102.49984841,6335001.64307065
"193",2024-12-17,"F","F0624243",TRUE,2025-04-07,"Canis lupus",FALSE,"S93-133",0.588541686534882,"M","XY",NA,NA,2024-12-17,2025,12,2025,"S93-133","M",c(1014352.49984841, 6333001.64307065),1014352.49984841,6333001.64307065
"194",2024-12-18,"F","F1324089",TRUE,2025-02-10,"Canis lupus",FALSE,"S92-042",1,"F","XX",NA,NA,2024-12-18,2025,12,2025,"S92-042","F",c(899352.499848407, 6238001.64307065),899352.499848407,6238001.64307065
"195",2024-12-18,"F","F2624253",TRUE,2025-05-26,"Canis lupus",FALSE,"S94-065",1,"F","XX",NA,NA,2024-12-18,2025,12,2025,"S94-065","F",c(869352.499848407, 6408001.64307065),869352.499848407,6408001.64307065
"196",2024-12-18,"F","F8424161",TRUE,2025-04-07,"Canis lupus",FALSE,"S93-092",0.723958313465118,"F","XX",NA,NA,2024-12-18,2025,12,2025,"S93-092","F",c(899352.499848407, 6318001.64307065),899352.499848407,6318001.64307065
"197",2024-12-18,"F","F0524236",TRUE,2025-02-10,"Canis lupus",FALSE,"S82-032",0.677083313465118,"M","XY",NA,NA,2024-12-18,2025,12,2025,"S82-032","M",c(909352.499848407, 6373001.64307065),909352.499848407,6373001.64307065
"198",2024-12-18,"F","F8324231",TRUE,2025-05-26,"Canis lupus",FALSE,"S69-09",0.526041686534882,"F","XX",NA,NA,2024-12-18,2025,12,2025,"S69-09","F",c(925102.499848407, 6250001.64307065),925102.499848407,6250001.64307065
"199",2024-12-19,"F","F0624248",TRUE,2025-02-10,"Canis lupus",FALSE,"S92-023",0.958333313465118,"F","XX",NA,NA,2024-12-19,2025,12,2025,"S92-023","F",c(1059352.49984841, 6338001.64307065),1059352.49984841,6338001.64307065
"200",2024-12-19,"F","F0624247",TRUE,2025-02-10,"Canis lupus",FALSE,"S92-053",0.927083313465118,"M","XY",NA,NA,2024-12-19,2025,12,2025,"S92-053","M",c(1059352.49984841, 6338001.64307065),1059352.49984841,6338001.64307065
"201",2024-12-19,"F","F8424164",TRUE,2025-02-10,"Canis lupus",FALSE,"S92-002",0.963541686534882,"M","XY",NA,NA,2024-12-19,2025,12,2025,"S92-002","M",c(875602.499848407, 6305501.64307065),875602.499848407,6305501.64307065
"202",2024-12-20,"F","F0624251",TRUE,2025-07-07,"Canis lupus",FALSE,"S83-009",1,"F","XX",NA,NA,2024-12-20,2025,12,2025,"S83-009","F",c(1010602.49984841, 6330501.64307065),1010602.49984841,6330501.64307065
"203",2024-12-20,"F","F3024012",TRUE,2025-02-10,"Canis lupus",FALSE,"S85-007",0.979166686534882,"M","XY",NA,NA,2024-12-20,2025,12,2025,"S85-007","M",c(739352.499848407, 6333001.64307065),739352.499848407,6333001.64307065
"204",2024-12-20,"F","F0624252",TRUE,2025-04-07,"Canis lupus",FALSE,"S83-009",0.989583313465118,"F","XY",NA,NA,2024-12-20,2025,12,2025,"S83-009","F",c(1013102.49984841, 6328501.64307065),1013102.49984841,6328501.64307065
"205",2024-12-20,"F","F0424402",TRUE,2025-02-10,"Canis lupus",FALSE,"S92-067",0.760416686534882,"F","XX",NA,NA,2024-12-20,2025,12,2025,"S92-067","F",c(974352.499848407, 6328001.64307065),974352.499848407,6328001.64307065
"206",2024-12-20,"F","F0624253",TRUE,2025-02-10,"Canis lupus",FALSE,"S92-054",0.75,"M","XY",NA,NA,2024-12-20,2025,12,2025,"S92-054","M",c(1064352.49984841, 6328001.64307065),1064352.49984841,6328001.64307065
"207",2024-12-20,"F","F0424400",TRUE,2025-04-07,"Canis lupus",FALSE,"S89-005",0.916666686534882,"M","XY",NA,NA,2024-12-20,2025,12,2025,"S89-005","M",c(984352.499848407, 6348001.64307065),984352.499848407,6348001.64307065
"208",2024-12-20,"F","F0524238",TRUE,2025-02-10,"Canis lupus",FALSE,"S92-114",0.942708313465118,"M","XY",NA,NA,2024-12-20,2025,12,2025,"S92-114","M",c(929352.499848407, 6373001.64307065),929352.499848407,6373001.64307065
"209",2024-12-20,"F","F0424401",TRUE,2025-04-07,"Canis lupus",FALSE,"S93-028",0.9375,"F","XX",NA,NA,2024-12-20,2025,12,2025,"S93-028","F",c(989352.499848407, 6348001.64307065),989352.499848407,6348001.64307065
"210",2024-12-21,"F","F0424405",TRUE,2025-02-10,"Canis lupus",FALSE,"S86-064",0.916666686534882,"F","XX",NA,NA,2024-12-21,2025,12,2025,"S86-064","F",c(959352.499848407, 6323001.64307065),959352.499848407,6323001.64307065
"211",2024-12-21,"F","F0624256",TRUE,2025-05-26,"Canis lupus",FALSE,"S87-049",0.567708313465118,"M","XY",NA,NA,2024-12-21,2025,12,2025,"S87-049","M",c(1055102.49984841, 6330001.64307065),1055102.49984841,6330001.64307065
"212",2024-12-21,"F","F0624255",TRUE,2025-02-10,"Canis lupus",FALSE,"S83-040",0.916666686534882,"NI","XX",NA,NA,2024-12-21,2025,12,2025,"S83-040","NI",c(1054352.49984841, 6328001.64307065),1054352.49984841,6328001.64307065
"213",2024-12-24,"F","F0524240",TRUE,2025-07-07,"Canis lupus",FALSE,"S65-35",1,"M","XY",NA,NA,2024-12-24,2025,12,2025,"S65-35","M",c(949352.499848407, 6408001.64307065),949352.499848407,6408001.64307065
"214",2024-12-24,"F","F0524239",TRUE,2025-07-07,"Canis lupus",FALSE,"S65-35",0.869791686534882,"M","XY",NA,NA,2024-12-24,2025,12,2025,"S65-35","M",c(945102.499848407, 6410001.64307065),945102.499848407,6410001.64307065
"215",2024-12-24,"U","U3024003",TRUE,2025-02-10,"Canis lupus",FALSE,"S85-007",0.546875,"M","XY",NA,NA,2024-12-24,2025,12,2025,"S85-007","M",c(740102.499848407, 6325001.64307065),740102.499848407,6325001.64307065
"216",2024-12-24,"F","F3024014",TRUE,2025-02-10,"Canis lupus",FALSE,"S92-003",0.979166686534882,"F","XX",NA,NA,2024-12-24,2025,12,2025,"S92-003","F",c(740102.499848407, 6325001.64307065),740102.499848407,6325001.64307065
"217",2024-12-24,"F","F3024015",TRUE,2025-02-10,"Canis lupus",FALSE,"S86-033",0.901041686534882,"F","XX",NA,NA,2024-12-24,2025,12,2025,"S86-033","F",c(734352.499848407, 6328001.64307065),734352.499848407,6328001.64307065
"218",2024-12-24,"F","F3024016",TRUE,2025-02-10,"Canis lupus",FALSE,"S86-033",0.895833313465118,"F","XX",NA,NA,2024-12-24,2025,12,2025,"S86-033","F",c(740102.499848407, 6330001.64307065),740102.499848407,6330001.64307065
"219",2024-12-24,"U","U3024002",TRUE,2025-02-10,"Canis lupus",FALSE,"S85-007",0.505208313465118,"M","NA",NA,NA,2024-12-24,2025,12,2025,"S85-007","M",c(740602.499848407, 6325501.64307065),740602.499848407,6325501.64307065
"220",2024-12-25,"F","F2624246",TRUE,2025-04-07,"Canis lupus",FALSE,"S93-130",0.9375,"F","XX",NA,NA,2024-12-25,2025,12,2025,"S93-130","F",c(904352.499848407, 6393001.64307065),904352.499848407,6393001.64307065
"221",2024-12-26,"F","F0624265",TRUE,2025-04-07,"Canis lupus",FALSE,"S66-20",0.958333313465118,"F","XX",NA,NA,2024-12-26,2025,12,2025,"S66-20","F",c(1064352.49984841, 6328001.64307065),1064352.49984841,6328001.64307065
"222",2024-12-26,"F","F0624258",TRUE,2025-07-07,"Canis lupus",FALSE,"S95-041",0.958333313465118,"F","XX",NA,NA,2024-12-26,2025,12,2025,"S95-041","F",c(1064352.49984841, 6328001.64307065),1064352.49984841,6328001.64307065
"223",2024-12-26,"F","F0624262",TRUE,2025-07-07,"Canis lupus",FALSE,"S60-32",0.984375,"M","XY",NA,NA,2024-12-26,2025,12,2025,"S60-32","M",c(1065102.49984841, 6330001.64307065),1065102.49984841,6330001.64307065
"224",2024-12-26,"F","F0624264",TRUE,2025-05-26,"Canis lupus",FALSE,"S82-123",0.984375,"F","XX",NA,NA,2024-12-26,2025,12,2025,"S82-123","F",c(1064352.49984841, 6328001.64307065),1064352.49984841,6328001.64307065
"225",2024-12-26,"F","F7424140",TRUE,2025-02-10,"Canis lupus",FALSE,"S73-049",0.880208313465118,"F","XX",NA,NA,2024-12-26,2025,12,2025,"S73-049","F",c(974352.499848407, 6528001.64307065),974352.499848407,6528001.64307065
"226",2024-12-27,"F","F0524241",TRUE,2025-02-10,"Canis lupus",FALSE,"S78-031",1,"F","XX",NA,NA,2024-12-27,2025,12,2025,"S78-031","F",c(969352.499848407, 6418001.64307065),969352.499848407,6418001.64307065
"227",2024-12-27,"F","F0424410",TRUE,2025-02-10,"Canis lupus",FALSE,"S92-106",1,"F","XX",NA,NA,2024-12-27,2025,12,2025,"S92-106","F",c(979352.499848407, 6328001.64307065),979352.499848407,6328001.64307065
"228",2024-12-27,"F","F0424409",TRUE,2025-04-07,"Canis lupus",FALSE,"S93-091",1,"M","XY",NA,NA,2024-12-27,2025,12,2025,"S93-091","M",c(979352.499848407, 6333001.64307065),979352.499848407,6333001.64307065
"229",2024-12-27,"F","F3824206",TRUE,2025-02-10,"Canis lupus",FALSE,"S73-070",0.8125,"M","XY",NA,NA,2024-12-27,2025,12,2025,"S73-070","M",c(939352.499848407, 6423001.64307065),939352.499848407,6423001.64307065
"230",2024-12-27,"F","F3824207",TRUE,2025-02-10,"Canis lupus",FALSE,"S92-019",0.557291686534882,"F","XX",NA,NA,2024-12-27,2025,12,2025,"S92-019","F",c(939352.499848407, 6423001.64307065),939352.499848407,6423001.64307065
"231",2024-12-27,"F","F0624283",TRUE,2025-02-10,"Canis lupus",FALSE,"S86-053",0.729166686534882,"F","XX",NA,NA,2024-12-27,2025,12,2025,"S86-053","F",c(1024352.49984841, 6343001.64307065),1024352.49984841,6343001.64307065
"232",2024-12-27,"F","F0624267",TRUE,2025-02-10,"Canis lupus",FALSE,"S92-037",1,"F","XX",NA,NA,2024-12-27,2025,12,2025,"S92-037","F",c(1059352.49984841, 6333001.64307065),1059352.49984841,6333001.64307065
"233",2024-12-28,"F","F4824134",TRUE,2025-02-10,"Canis lupus",FALSE,"S92-003",0.994791686534882,"F","XX",NA,NA,2024-12-28,2025,12,2025,"S92-003","F",c(740602.499848407, 6340501.64307065),740602.499848407,6340501.64307065
"234",2024-12-28,"F","F3924026",TRUE,2025-02-10,"Canis lupus",FALSE,"S86-009",0.979166686534882,"M","XY",NA,NA,2024-12-28,2025,12,2025,"S86-009","M",c(929352.499848407, 6593001.64307065),929352.499848407,6593001.64307065
"235",2024-12-28,"F","F2624247",TRUE,2025-04-07,"Canis lupus",FALSE,"S93-129",0.989583313465118,"F","XX",NA,NA,2024-12-28,2025,12,2025,"S93-129","F",c(899352.499848407, 6398001.64307065),899352.499848407,6398001.64307065
"236",2024-12-29,"F","F0424411",TRUE,2025-02-10,"Canis lupus",FALSE,"S65-23",0.963541686534882,"M","XY",NA,NA,2024-12-29,2025,12,2025,"S65-23","M",c(975102.499848407, 6320001.64307065),975102.499848407,6320001.64307065
"237",2024-12-29,"F","F0624270",TRUE,2025-05-26,"Canis lupus",FALSE,"S94-060",0.776041686534882,"F","XX",NA,NA,2024-12-29,2025,12,2025,"S94-060","F",c(1004352.49984841, 6338001.64307065),1004352.49984841,6338001.64307065
"238",2024-12-29,"F","F0424412",TRUE,2025-04-07,"Canis lupus",FALSE,"S86-040",0.651041686534882,"F","XX",NA,NA,2024-12-29,2025,12,2025,"S86-040","F",c(965102.499848407, 6325001.64307065),965102.499848407,6325001.64307065
"239",2024-12-30,"F","F0624284",TRUE,2025-04-07,"Canis lupus",FALSE,"S93-099",0.864583313465118,"F","XX",NA,NA,2024-12-30,2025,12,2025,"S93-099","F",c(1009352.49984841, 6298001.64307065),1009352.49984841,6298001.64307065
"240",2024-12-30,"F","F0424421",TRUE,2025-02-10,"Canis lupus",FALSE,"S92-100",1,"F","XX",NA,NA,2024-12-30,2025,12,2025,"S92-100","F",c(969352.499848407, 6368001.64307065),969352.499848407,6368001.64307065
"241",2024-12-30,"F","F0624273",TRUE,2025-02-10,"Canis lupus",FALSE,"S92-038",0.552083313465118,"M","XY",NA,NA,2024-12-30,2025,12,2025,"S92-038","M",c(1044352.49984841, 6343001.64307065),1044352.49984841,6343001.64307065
"242",2024-12-30,"F","F7324194",TRUE,2025-04-07,"Canis lupus",FALSE,"S93-006",1,"M","XY",NA,NA,2024-12-30,2025,12,2025,"S93-006","M",c(990102.499848407, 6465001.64307065),990102.499848407,6465001.64307065
"243",2024-12-30,"F","F0424418",TRUE,2025-02-10,"Canis lupus",FALSE,"S92-113",1,"F","XX",NA,NA,2024-12-30,2025,12,2025,"S92-113","F",c(969352.499848407, 6353001.64307065),969352.499848407,6353001.64307065
"244",2024-12-30,"F","F0424416",TRUE,2025-05-26,"Canis lupus",FALSE,"S81-009",0.708333313465118,"F","NA",NA,NA,2024-12-30,2025,12,2025,"S81-009","F",c(924352.499848407, 6343001.64307065),924352.499848407,6343001.64307065
"245",2024-12-30,"F","F0424419",TRUE,2025-02-10,"Canis lupus",FALSE,"S92-108",1,"M","XY",NA,NA,2024-12-30,2025,12,2025,"S92-108","M",c(969352.499848407, 6353001.64307065),969352.499848407,6353001.64307065
"246",2024-12-30,"F","F0424420",TRUE,2025-02-10,"Canis lupus",FALSE,"S88-076",0.989583313465118,"NI","XY",NA,NA,2024-12-30,2025,12,2025,"S88-076","NI",c(954352.499848407, 6343001.64307065),954352.499848407,6343001.64307065
"247",2024-12-30,"F","F4824130",TRUE,2025-02-10,"Canis lupus",FALSE,"S92-123",0.984375,"M","XY",NA,NA,2024-12-30,2025,12,2025,"S92-123","M",c(764352.499848407, 6358001.64307065),764352.499848407,6358001.64307065
"248",2024-12-31,"F","F8324234",TRUE,2025-02-10,"Canis lupus",FALSE,"S92-033",0.765625,"M","XY",NA,NA,2024-12-31,2025,12,2025,"S92-033","M",c(984352.499848407, 6278001.64307065),984352.499848407,6278001.64307065
"249",2024-12-31,"F","F7324197",TRUE,2025-05-26,"Canis lupus",FALSE,"S88-024",1,"F","XX",NA,NA,2024-12-31,2025,12,2025,"S88-024","F",c(974352.499848407, 6483001.64307065),974352.499848407,6483001.64307065
"250",2024-12-31,"F","F0624276",TRUE,2025-04-07,"Canis lupus",FALSE,"S93-009",1,"F","XX",NA,NA,2024-12-31,2025,12,2025,"S93-009","F",c(1039352.49984841, 6333001.64307065),1039352.49984841,6333001.64307065
"251",2024-12-31,"F","F0624277",TRUE,2025-04-07,"Canis lupus",FALSE,"S93-009",1,"F","XX",NA,NA,2024-12-31,2025,12,2025,"S93-009","F",c(1040102.49984841, 6335001.64307065),1040102.49984841,6335001.64307065
"252",2025-01-01,"F","F0625005",TRUE,2025-02-10,"Canis lupus",FALSE,"S92-043",0.5625,"F","XX",NA,NA,2025-01-01,2025,1,2025,"S92-043","F",c(1009352.49984841, 6328001.64307065),1009352.49984841,6328001.64307065
"253",2025-01-02,"F","F7425045",TRUE,2025-05-26,"Canis lupus",FALSE,"S94-019",0.90625,"M","XY",NA,NA,2025-01-02,2025,1,2025,"S94-019","M",c(999352.499848407, 6543001.64307065),999352.499848407,6543001.64307065
"254",2025-01-02,"F","F0525001",TRUE,2025-02-10,"Canis lupus",FALSE,"S63-26",1,"M","XY",NA,NA,2025-01-02,2025,1,2025,"S63-26","M",c(949352.499848407, 6378001.64307065),949352.499848407,6378001.64307065
"255",2025-01-02,"F","F2625004",TRUE,2025-02-10,"Canis lupus",FALSE,"S92-062",0.90625,"F","XX",NA,NA,2025-01-02,2025,1,2025,"S92-062","F",c(845102.499848407, 6380001.64307065),845102.499848407,6380001.64307065
"256",2025-01-02,"F","F7425044",TRUE,2025-05-26,"Canis lupus",FALSE,"S94-071",0.635416686534882,"M","XY",NA,NA,2025-01-02,2025,1,2025,"S94-071","M",c(999352.499848407, 6543001.64307065),999352.499848407,6543001.64307065
"257",2025-01-02,"F","F0625002",TRUE,2025-02-10,"Canis lupus",FALSE,"S92-009",0.901041686534882,"F","XX",NA,NA,2025-01-02,2025,1,2025,"S92-009","F",c(1049352.49984841, 6333001.64307065),1049352.49984841,6333001.64307065
"258",2025-01-02,"F","F0525002",TRUE,2025-02-10,"Canis lupus",FALSE,"S79-024",0.916666686534882,"M","XY",NA,NA,2025-01-02,2025,1,2025,"S79-024","M",c(954352.499848407, 6373001.64307065),954352.499848407,6373001.64307065
"259",2025-01-02,"F","F7325001",TRUE,2025-02-10,"Canis lupus",FALSE,"S92-028",1,"F","XX",NA,NA,2025-01-02,2025,1,2025,"S92-028","F",c(954352.499848407, 6498001.64307065),954352.499848407,6498001.64307065
"260",2025-01-03,"F","F2625003",TRUE,2025-04-07,"Canis lupus",FALSE,"S93-064",0.890625,"F","XX",NA,NA,2025-01-03,2025,1,2025,"S93-064","F",c(859352.499848407, 6368001.64307065),859352.499848407,6368001.64307065
"261",2025-01-04,"F","F8425002",TRUE,2025-02-10,"Canis lupus",FALSE,"S92-014",1,"M","XY",NA,NA,2025-01-04,2025,1,2025,"S92-014","M",c(909352.499848407, 6288001.64307065),909352.499848407,6288001.64307065
"262",2025-01-04,"F","F0425002",TRUE,2025-04-07,"Canis lupus",FALSE,"S89-005",0.640625,"M","XY",NA,NA,2025-01-04,2025,1,2025,"S89-005","M",c(995102.499848407, 6355001.64307065),995102.499848407,6355001.64307065
"263",2025-01-04,"F","F0525003",TRUE,2025-02-10,"Canis lupus",FALSE,"S88-004",1,"F","XX",NA,NA,2025-01-04,2025,1,2025,"S88-004","F",c(974352.499848407, 6393001.64307065),974352.499848407,6393001.64307065
"264",2025-01-05,"F","F0625003",TRUE,2025-02-10,"Canis lupus",FALSE,"S92-009",1,"F","XX",NA,NA,2025-01-05,2025,1,2025,"S92-009","F",c(1050102.49984841, 6335001.64307065),1050102.49984841,6335001.64307065
"265",2025-01-05,"F","F0425003",TRUE,2025-05-26,"Canis lupus",FALSE,"S94-043",1,"F","XX",NA,NA,2025-01-05,2025,1,2025,"S94-043","F",c(969352.499848407, 6368001.64307065),969352.499848407,6368001.64307065
"266",2025-01-06,"F","F0525004",TRUE,2025-04-07,"Canis lupus",FALSE,"S93-003",0.78125,"F","NA",NA,NA,2025-01-06,2025,1,2025,"S93-003","F",c(959352.499848407, 6403001.64307065),959352.499848407,6403001.64307065
"267",2025-01-06,"F","F0425004",TRUE,2025-04-07,"Canis lupus",FALSE,"S78-008",0.958333313465118,"F","XY",NA,NA,2025-01-06,2025,1,2025,"S78-008","F",c(990102.499848407, 6350001.64307065),990102.499848407,6350001.64307065
"268",2025-01-06,"F","F0525005",TRUE,2025-02-10,"Canis lupus",FALSE,"S65-32",1,"F","XX",NA,NA,2025-01-06,2025,1,2025,"S65-32","F",c(979352.499848407, 6408001.64307065),979352.499848407,6408001.64307065
"269",2025-01-06,"U","U3925002",TRUE,2025-02-10,"Canis lupus",FALSE,"S77-048",0.96875,"F","XX",NA,NA,2025-01-06,2025,1,2025,"S77-048","F",c(929352.499848407, 6613001.64307065),929352.499848407,6613001.64307065
"270",2025-01-07,"F","F0625008",TRUE,2025-04-07,"Canis lupus",FALSE,"S93-090",1,"M","XY",NA,NA,2025-01-07,2025,1,2025,"S93-090","M",c(1014352.49984841, 6333001.64307065),1014352.49984841,6333001.64307065
"271",2025-01-07,"F","F3825040",TRUE,2025-04-07,"Canis lupus",FALSE,"S87-077",0.8125,"F","XX",NA,NA,2025-01-07,2025,1,2025,"S87-077","F",c(920102.499848407, 6415001.64307065),920102.499848407,6415001.64307065
"272",2025-01-07,"F","F3925011",TRUE,2025-02-10,"Canis lupus",FALSE,"S92-004",1,"F","XX",NA,NA,2025-01-07,2025,1,2025,"S92-004","F",c(929352.499848407, 6593001.64307065),929352.499848407,6593001.64307065
"273",2025-01-07,"F","F7325002",TRUE,2025-04-07,"Canis lupus",FALSE,"S93-044",1,"F","XX",NA,NA,2025-01-07,2025,1,2025,"S93-044","F",c(994352.499848407, 6468001.64307065),994352.499848407,6468001.64307065
"274",2025-01-07,"U","U3925001",TRUE,2025-02-10,"Canis lupus",FALSE,"S92-135",1,"M","XY",NA,NA,2025-01-07,2025,1,2025,"S92-135","M",c(929352.499848407, 6593001.64307065),929352.499848407,6593001.64307065
"275",2025-01-07,"F","F7325003",TRUE,2025-02-10,"Canis lupus",FALSE,"S92-063",0.708333313465118,"M","XY",NA,NA,2025-01-07,2025,1,2025,"S92-063","M",c(964352.499848407, 6473001.64307065),964352.499848407,6473001.64307065
"276",2025-01-08,"F","F2625161",TRUE,2025-04-07,"Canis lupus",FALSE,"S88-017",0.854166686534882,"F","XX",NA,NA,2025-01-08,2025,1,2025,"S88-017","F",c(874352.499848407, 6373001.64307065),874352.499848407,6373001.64307065
"277",2025-01-08,"F","F8425004",TRUE,2025-02-10,"Canis lupus",FALSE,"S92-014",0.526041686534882,"M","XY",NA,NA,2025-01-08,2025,1,2025,"S92-014","M",c(910102.499848407, 6290001.64307065),910102.499848407,6290001.64307065
"278",2025-01-08,"F","F1325004",TRUE,2025-02-10,"Canis lupus",FALSE,"S81-146",0.984375,"M","XY",NA,NA,2025-01-08,2025,1,2025,"S81-146","M",c(904352.499848407, 6283001.64307065),904352.499848407,6283001.64307065
"279",2025-01-08,"F","F3825002",TRUE,2025-02-10,"Canis lupus",FALSE,"S73-070",0.979166686534882,"M","XY",NA,NA,2025-01-08,2025,1,2025,"S73-070","M",c(940102.499848407, 6430001.64307065),940102.499848407,6430001.64307065
"280",2025-01-08,"F","F7325016",TRUE,2025-04-07,"Canis lupus",FALSE,"S93-070",0.901041686534882,"M","XY",NA,NA,2025-01-08,2025,1,2025,"S93-070","M",c(979352.499848407, 6488001.64307065),979352.499848407,6488001.64307065
"281",2025-01-08,"F","F3825003",TRUE,2025-02-10,"Canis lupus",FALSE,"S73-070",0.854166686534882,"M","XY",NA,NA,2025-01-08,2025,1,2025,"S73-070","M",c(940602.499848407, 6430501.64307065),940602.499848407,6430501.64307065
"282",2025-01-08,"F","F3825041",TRUE,2025-04-07,"Canis lupus",FALSE,"S93-084",0.989583313465118,"M","XY",NA,NA,2025-01-08,2025,1,2025,"S93-084","M",c(929352.499848407, 6423001.64307065),929352.499848407,6423001.64307065
"283",2025-01-08,"F","F3925013",TRUE,2025-04-07,"Canis lupus",FALSE,"S92-004",0.885416686534882,"F","XX",NA,NA,2025-01-08,2025,1,2025,"S92-004","F",c(929352.499848407, 6593001.64307065),929352.499848407,6593001.64307065
"284",2025-01-08,"F","F3825004",TRUE,2025-02-10,"Canis lupus",FALSE,"S92-019",0.958333313465118,"F","XX",NA,NA,2025-01-08,2025,1,2025,"S92-019","F",c(940102.499848407, 6430001.64307065),940102.499848407,6430001.64307065
"285",2025-01-08,"F","F8425007",TRUE,2025-02-10,"Canis lupus",FALSE,"S74-097",0.744791686534882,"F","XX",NA,NA,2025-01-08,2025,1,2025,"S74-097","F",c(880102.499848407, 6325001.64307065),880102.499848407,6325001.64307065
"286",2025-01-08,"F","F2625009",TRUE,2025-02-10,"Canis lupus",FALSE,"S92-095",0.96875,"M","XY",NA,NA,2025-01-08,2025,1,2025,"S92-095","M",c(874352.499848407, 6388001.64307065),874352.499848407,6388001.64307065
"287",2025-01-08,"F","F7425001",TRUE,2025-02-10,"Canis lupus",FALSE,"S87-085",0.875,"M","XY",NA,NA,2025-01-08,2025,1,2025,"S87-085","M",c(984352.499848407, 6593001.64307065),984352.499848407,6593001.64307065
"288",2025-01-09,"F","F8425011",TRUE,2025-02-10,"Canis lupus",FALSE,"S92-076",0.822916686534882,"F","XX",NA,NA,2025-01-09,2025,1,2025,"S92-076","F",c(869352.499848407, 6318001.64307065),869352.499848407,6318001.64307065
"289",2025-01-09,"F","F8425009",TRUE,2025-02-10,"Canis lupus",FALSE,"S92-077",0.583333313465118,"M","XY",NA,NA,2025-01-09,2025,1,2025,"S92-077","M",c(869352.499848407, 6318001.64307065),869352.499848407,6318001.64307065
"290",2025-01-10,"F","F0425005",TRUE,2025-04-07,"Canis lupus",FALSE,"S93-041",0.947916686534882,"M","XY",NA,NA,2025-01-10,2025,1,2025,"S93-041","M",c(984352.499848407, 6363001.64307065),984352.499848407,6363001.64307065
"291",2025-01-10,"F","F1325008",TRUE,2025-02-10,"Canis lupus",FALSE,"S78-002",0.9375,"F","XX",NA,NA,2025-01-10,2025,1,2025,"S78-002","F",c(904352.499848407, 6273001.64307065),904352.499848407,6273001.64307065
"292",2025-01-10,"F","F0525006",TRUE,2025-02-10,"Canis lupus",FALSE,"S92-025",0.958333313465118,"F","XX",NA,NA,2025-01-10,2025,1,2025,"S92-025","F",c(979352.499848407, 6403001.64307065),979352.499848407,6403001.64307065
"293",2025-01-10,"F","F0525007",TRUE,2025-02-10,"Canis lupus",FALSE,"S78-030",0.859375,"M","XY",NA,NA,2025-01-10,2025,1,2025,"S78-030","M",c(969352.499848407, 6393001.64307065),969352.499848407,6393001.64307065
"294",2025-01-10,"F","F0525009",TRUE,2025-02-10,"Canis lupus",FALSE,"S92-088",0.9375,"M","XY",NA,NA,2025-01-10,2025,1,2025,"S92-088","M",c(969352.499848407, 6393001.64307065),969352.499848407,6393001.64307065
"295",2025-01-10,"F","F0625019",TRUE,2025-07-07,"Canis lupus",FALSE,"S85-098",0.838541686534882,"F","XX",NA,NA,2025-01-10,2025,1,2025,"S85-098","F",c(1014352.49984841, 6353001.64307065),1014352.49984841,6353001.64307065
"296",2025-01-10,"F","F0625009",TRUE,2025-02-10,"Canis lupus",FALSE,"S82-134",0.734375,"F","XX",NA,NA,2025-01-10,2025,1,2025,"S82-134","F",c(999352.499848407, 6343001.64307065),999352.499848407,6343001.64307065
"297",2025-01-10,"F","F0525010",TRUE,2025-02-10,"Canis lupus",FALSE,"S92-001",0.8125,"M","XY",NA,NA,2025-01-10,2025,1,2025,"S92-001","M",c(969352.499848407, 6393001.64307065),969352.499848407,6393001.64307065
"298",2025-01-11,"F","F7325004",TRUE,2025-02-10,"Canis lupus",FALSE,"S87-062",0.734375,"F","XX",NA,NA,2025-01-11,2025,1,2025,"S87-062","F",c(974352.499848407, 6458001.64307065),974352.499848407,6458001.64307065
"299",2025-01-11,"F","F0625011",TRUE,2025-02-10,"Canis lupus",FALSE,"S92-092",0.895833313465118,"M","XY",NA,NA,2025-01-11,2025,1,2025,"S92-092","M",c(1074352.49984841, 6343001.64307065),1074352.49984841,6343001.64307065
"300",2025-01-12,"F","F2625198",TRUE,2025-07-07,"Canis lupus",FALSE,"S95-068",0.885416686534882,"M","XY",NA,NA,2025-01-12,2025,1,2025,"S95-068","M",c(889352.499848407, 6408001.64307065),889352.499848407,6408001.64307065
"301",2025-01-12,"F","F8325057",TRUE,2025-07-07,"Canis lupus",FALSE,"S60-15",0.630208313465118,"M","XY",NA,NA,2025-01-12,2025,1,2025,"S60-15","M",c(954352.499848407, 6263001.64307065),954352.499848407,6263001.64307065
"302",2025-01-13,"F","F2625202",TRUE,2025-07-07,"Canis lupus",FALSE,"S92-119",0.8125,"F","XX",NA,NA,2025-01-13,2025,1,2025,"S92-119","F",c(894352.499848407, 6398001.64307065),894352.499848407,6398001.64307065
"303",2025-01-13,"F","F8325012",TRUE,2025-05-26,"Canis lupus",FALSE,"S83-092",0.765625,"M","XY",NA,NA,2025-01-13,2025,1,2025,"S83-092","M",c(920102.499848407, 6255001.64307065),920102.499848407,6255001.64307065
"304",2025-01-13,"F","F1325010",TRUE,2025-02-10,"Canis lupus",FALSE,"S92-081",0.947916686534882,"F","XX",NA,NA,2025-01-13,2025,1,2025,"S92-081","F",c(889352.499848407, 6283001.64307065),889352.499848407,6283001.64307065
"305",2025-01-13,"F","F0625020",TRUE,2025-02-10,"Canis lupus",FALSE,"S92-010",1,"F","XX",NA,NA,2025-01-13,2025,1,2025,"S92-010","F",c(1045102.49984841, 6345001.64307065),1045102.49984841,6345001.64307065
"306",2025-01-14,"F","F1325014",TRUE,2025-02-10,"Canis lupus",FALSE,"S78-001",0.984375,"F","XX",NA,NA,2025-01-14,2025,1,2025,"S78-001","F",c(909352.499848407, 6278001.64307065),909352.499848407,6278001.64307065
"307",2025-01-14,"F","F1325019",TRUE,2025-02-10,"Canis lupus",FALSE,"S78-002",0.677083313465118,"F","XX",NA,NA,2025-01-14,2025,1,2025,"S78-002","F",c(915102.499848407, 6275001.64307065),915102.499848407,6275001.64307065
"308",2025-01-14,"F","F6625003",TRUE,2025-02-10,"Canis lupus",FALSE,"S81-140",0.583333313465118,"M","XY",NA,NA,2025-01-14,2025,1,2025,"S81-140","M",c(614352.499848407, 6158001.64307065),614352.499848407,6158001.64307065
"309",2025-01-14,"F","F3825010",TRUE,2025-02-10,"Canis lupus",FALSE,"S92-034",1,"F","XX",NA,NA,2025-01-14,2025,1,2025,"S92-034","F",c(944352.499848407, 6483001.64307065),944352.499848407,6483001.64307065
"310",2025-01-14,"F","F8325010",TRUE,2025-02-10,"Canis lupus",FALSE,"S92-018",0.552083313465118,"F","XX",NA,NA,2025-01-14,2025,1,2025,"S92-018","F",c(929352.499848407, 6288001.64307065),929352.499848407,6288001.64307065
"311",2025-01-14,"F","F8325011",TRUE,2025-02-10,"Canis lupus",FALSE,"S92-018",1,"F","XX",NA,NA,2025-01-14,2025,1,2025,"S92-018","F",c(930102.499848407, 6290001.64307065),930102.499848407,6290001.64307065
"312",2025-01-14,"F","F8325017",TRUE,2025-02-10,"Canis lupus",FALSE,"S87-115",1,"M","XY",NA,NA,2025-01-14,2025,1,2025,"S87-115","M",c(919352.499848407, 6278001.64307065),919352.499848407,6278001.64307065
"313",2025-01-14,"F","F8325020",TRUE,2025-02-10,"Canis lupus",FALSE,"S78-005",0.895833313465118,"F","XX",NA,NA,2025-01-14,2025,1,2025,"S78-005","F",c(984352.499848407, 6238001.64307065),984352.499848407,6238001.64307065
"314",2025-01-14,"F","F8325030",TRUE,2025-02-10,"Canis lupus",FALSE,"S92-115",1,"F","XX",NA,NA,2025-01-14,2025,1,2025,"S92-115","F",c(959352.499848407, 6243001.64307065),959352.499848407,6243001.64307065
"315",2025-01-14,"F","F8325031",TRUE,2025-02-10,"Canis lupus",FALSE,"S82-074",0.807291686534882,"M","XY",NA,NA,2025-01-14,2025,1,2025,"S82-074","M",c(959352.499848407, 6243001.64307065),959352.499848407,6243001.64307065
"316",2025-01-14,"F","F2625007",TRUE,2025-02-10,"Canis lupus",FALSE,"S89-026",0.729166686534882,"M","XY",NA,NA,2025-01-14,2025,1,2025,"S89-026","M",c(869352.499848407, 6393001.64307065),869352.499848407,6393001.64307065
"317",2025-01-14,"F","F1925002",TRUE,2025-02-10,"Canis lupus",FALSE,"S90-012",0.901041686534882,"F","XX",NA,NA,2025-01-14,2025,1,2025,"S90-012","F",c(624352.499848407, 6508001.64307065),624352.499848407,6508001.64307065
"318",2025-01-15,"F","F3925001",TRUE,2025-02-10,"Canis lupus",FALSE,"S86-009",0.963541686534882,"M","XY",NA,NA,2025-01-15,2025,1,2025,"S86-009","M",c(930102.499848407, 6595001.64307065),930102.499848407,6595001.64307065
"319",2025-01-15,"F","F8325033",TRUE,2025-02-10,"Canis lupus",FALSE,"S92-116",1,"F","XX",NA,NA,2025-01-15,2025,1,2025,"S92-116","F",c(974352.499848407, 6243001.64307065),974352.499848407,6243001.64307065
"320",2025-01-15,"F","F0525011",TRUE,2025-02-10,"Canis lupus",FALSE,"S65-32",1,"F","XX",NA,NA,2025-01-15,2025,1,2025,"S65-32","F",c(980102.499848407, 6400001.64307065),980102.499848407,6400001.64307065
"321",2025-01-15,"F","F0525016",TRUE,2025-04-07,"Canis lupus",FALSE,"S93-012",0.958333313465118,"M","XY",NA,NA,2025-01-15,2025,1,2025,"S93-012","M",c(959352.499848407, 6398001.64307065),959352.499848407,6398001.64307065
"322",2025-01-15,"F","F0425008",TRUE,2025-02-10,"Canis lupus",FALSE,"S92-005",1,"F","XX",NA,NA,2025-01-15,2025,1,2025,"S92-005","F",c(924352.499848407, 6298001.64307065),924352.499848407,6298001.64307065
"323",2025-01-15,"F","F0425012",TRUE,2025-05-26,"Canis lupus",FALSE,"S86-029",0.984375,"M","XY",NA,NA,2025-01-15,2025,1,2025,"S86-029","M",c(939352.499848407, 6328001.64307065),939352.499848407,6328001.64307065
"324",2025-01-15,"F","F3925002",TRUE,2025-02-10,"Canis lupus",FALSE,"S92-090",0.958333313465118,"M","XY",NA,NA,2025-01-15,2025,1,2025,"S92-090","M",c(929352.499848407, 6593001.64307065),929352.499848407,6593001.64307065
"325",2025-01-15,"F","F0525008",TRUE,2025-02-10,"Canis lupus",FALSE,"S92-001",0.671875,"M","XY",NA,NA,2025-01-15,2025,1,2025,"S92-001","M",c(970102.499848407, 6395001.64307065),970102.499848407,6395001.64307065
"326",2025-01-15,"F","F0425007",TRUE,2025-02-10,"Canis lupus",FALSE,"S92-109",0.661458313465118,"F","XX",NA,NA,2025-01-15,2025,1,2025,"S92-109","F",c(929352.499848407, 6298001.64307065),929352.499848407,6298001.64307065
"327",2025-01-15,"F","F0525013",TRUE,2025-02-10,"Canis lupus",FALSE,"S92-020",0.6875,"M","XY",NA,NA,2025-01-15,2025,1,2025,"S92-020","M",c(919352.499848407, 6388001.64307065),919352.499848407,6388001.64307065
"328",2025-01-15,"F","F2525001",TRUE,2025-02-10,"Canis lupus",FALSE,"S91-005",1,"F","XX",NA,NA,2025-01-15,2025,1,2025,"S91-005","F",c(954352.499848407, 6638001.64307065),954352.499848407,6638001.64307065
"329",2025-01-15,"F","F3925018",TRUE,2025-05-26,"Canis lupus",FALSE,"S86-009",0.5625,"M","XY",NA,NA,2025-01-15,2025,1,2025,"S86-009","M",c(930602.499848407, 6600501.64307065),930602.499848407,6600501.64307065
"330",2025-01-15,"F","F1325022",TRUE,2025-02-10,"Canis lupus",FALSE,"S78-001",0.911458313465118,"F","XX",NA,NA,2025-01-15,2025,1,2025,"S78-001","F",c(905102.499848407, 6280001.64307065),905102.499848407,6280001.64307065
"331",2025-01-15,"F","F3825007",TRUE,2025-05-26,"Canis lupus",FALSE,"S91-030",0.828125,"F","XX",NA,NA,2025-01-15,2025,1,2025,"S91-030","F",c(939352.499848407, 6473001.64307065),939352.499848407,6473001.64307065
"332",2025-01-15,"F","F3925010",TRUE,2025-02-10,"Canis lupus",FALSE,"S92-004",0.96875,"F","XX",NA,NA,2025-01-15,2025,1,2025,"S92-004","F",c(930602.499848407, 6600501.64307065),930602.499848407,6600501.64307065
"333",2025-01-15,"F","F0425009",TRUE,2025-02-10,"Canis lupus",FALSE,"S92-005",0.989583313465118,"F","XX",NA,NA,2025-01-15,2025,1,2025,"S92-005","F",c(925102.499848407, 6300001.64307065),925102.499848407,6300001.64307065
"334",2025-01-16,"F","F0425013",TRUE,2025-04-07,"Canis lupus",FALSE,"S82-029",1,"F","XX",NA,NA,2025-01-16,2025,1,2025,"S82-029","F",c(944352.499848407, 6363001.64307065),944352.499848407,6363001.64307065
"335",2025-01-16,"F","F7425005",TRUE,2025-02-10,"Canis lupus",FALSE,"S88-102",1,"F","XX",NA,NA,2025-01-16,2025,1,2025,"S88-102","F",c(989352.499848407, 6583001.64307065),989352.499848407,6583001.64307065
"336",2025-01-16,"F","F0425016",TRUE,2025-07-07,"Canis lupus",FALSE,"S94-016",0.958333313465118,"F","XX",NA,NA,2025-01-16,2025,1,2025,"S94-016","F",c(944352.499848407, 6338001.64307065),944352.499848407,6338001.64307065
"337",2025-01-16,"F","F0425017",TRUE,2025-05-26,"Canis lupus",FALSE,"S94-016",0.859375,"F","XX",NA,NA,2025-01-16,2025,1,2025,"S94-016","F",c(945102.499848407, 6340001.64307065),945102.499848407,6340001.64307065
"338",2025-01-16,"F","F0625021",TRUE,2025-07-07,"Canis lupus",FALSE,"S83-038",0.96875,"M","XY",NA,NA,2025-01-16,2025,1,2025,"S83-038","M",c(1005102.49984841, 6355001.64307065),1005102.49984841,6355001.64307065
"339",2025-01-16,"F","F0425021",TRUE,2025-04-07,"Canis lupus",FALSE,"S93-061",0.53125,"M","XY",NA,NA,2025-01-16,2025,1,2025,"S93-061","M",c(979352.499848407, 6373001.64307065),979352.499848407,6373001.64307065
"340",2025-01-16,"F","F0425023",TRUE,2025-02-10,"Canis lupus",FALSE,"S92-079",0.5,"M","XY",NA,NA,2025-01-16,2025,1,2025,"S92-079","M",c(949352.499848407, 6353001.64307065),949352.499848407,6353001.64307065
"341",2025-01-16,"F","F0425024",TRUE,2025-02-10,"Canis lupus",FALSE,"S81-003",0.96875,"M","XY",NA,NA,2025-01-16,2025,1,2025,"S81-003","M",c(949352.499848407, 6353001.64307065),949352.499848407,6353001.64307065
"342",2025-01-16,"F","F2625010",TRUE,2025-04-07,"Canis lupus",FALSE,"S78-035",0.979166686534882,"F","XX",NA,NA,2025-01-16,2025,1,2025,"S78-035","F",c(849352.499848407, 6373001.64307065),849352.499848407,6373001.64307065
"343",2025-01-16,"F","F2625008",TRUE,2025-02-10,"Canis lupus",FALSE,"S70-074",0.958333313465118,"F","XX",NA,NA,2025-01-16,2025,1,2025,"S70-074","F",c(844352.499848407, 6393001.64307065),844352.499848407,6393001.64307065
"344",2025-01-16,"F","F0625025",TRUE,2025-02-10,"Canis lupus",FALSE,"S92-094",0.979166686534882,"F","XX",NA,NA,2025-01-16,2025,1,2025,"S92-094","F",c(1054352.49984841, 6318001.64307065),1054352.49984841,6318001.64307065
"345",2025-01-17,"F","F0425029",TRUE,2025-04-07,"Canis lupus",FALSE,"S62-22",0.75,"F","XX",NA,NA,2025-01-17,2025,1,2025,"S62-22","F",c(989352.499848407, 6313001.64307065),989352.499848407,6313001.64307065
"346",2025-01-17,"F","F7325005",TRUE,2025-05-26,"Canis lupus",FALSE,"S94-024",1,"M","XY",NA,NA,2025-01-17,2025,1,2025,"S94-024","M",c(949352.499848407, 6483001.64307065),949352.499848407,6483001.64307065
"347",2025-01-17,"F","F0425033",TRUE,2025-04-07,"Canis lupus",FALSE,"S93-105",1,"M","XY",NA,NA,2025-01-17,2025,1,2025,"S93-105","M",c(964352.499848407, 6333001.64307065),964352.499848407,6333001.64307065
"348",2025-01-17,"F","F1325023",TRUE,2025-04-07,"Canis lupus",FALSE,"S93-056",0.817708313465118,"M","XY",NA,NA,2025-01-17,2025,1,2025,"S93-056","M",c(879352.499848407, 6278001.64307065),879352.499848407,6278001.64307065
"349",2025-01-17,"F","F0425030",TRUE,2025-07-07,"Canis lupus",FALSE,"S95-040",0.791666686534882,"F","XX",NA,NA,2025-01-17,2025,1,2025,"S95-040","F",c(959352.499848407, 6328001.64307065),959352.499848407,6328001.64307065
"350",2025-01-17,"F","F2625011",TRUE,2025-02-10,"Canis lupus",FALSE,"S54-49",0.958333313465118,"F","XX",NA,NA,2025-01-17,2025,1,2025,"S54-49","F",c(879352.499848407, 6393001.64307065),879352.499848407,6393001.64307065
"351",2025-01-17,"F","F0425026",TRUE,2025-04-07,"Canis lupus",FALSE,"S67-06",0.869791686534882,"M","XY",NA,NA,2025-01-17,2025,1,2025,"S67-06","M",c(964352.499848407, 6333001.64307065),964352.499848407,6333001.64307065
"352",2025-01-17,"F","F0425031",TRUE,2025-04-07,"Canis lupus",FALSE,"S93-104",0.901041686534882,"M","XY",NA,NA,2025-01-17,2025,1,2025,"S93-104","M",c(959352.499848407, 6328001.64307065),959352.499848407,6328001.64307065
"353",2025-01-17,"F","F0525019",TRUE,2025-02-10,"Canis lupus",FALSE,"S92-031",1,"M","XY",NA,NA,2025-01-17,2025,1,2025,"S92-031","M",c(979352.499848407, 6403001.64307065),979352.499848407,6403001.64307065
"354",2025-01-18,"F","F3925012",TRUE,2025-02-10,"Canis lupus",FALSE,"S92-091",1,"F","XX",NA,NA,2025-01-18,2025,1,2025,"S92-091","F",c(939352.499848407, 6633001.64307065),939352.499848407,6633001.64307065
"355",2025-01-18,"F","F0125001",TRUE,2025-04-07,"Canis lupus",FALSE,"S92-161",1,"F","XX",NA,NA,2025-01-18,2025,1,2025,"S92-161","F",c(934352.499848407, 6588001.64307065),934352.499848407,6588001.64307065
"356",2025-01-18,"F","F1525001",TRUE,2025-04-07,"Canis lupus",FALSE,"S87-122",0.979166686534882,"M","XY",NA,NA,2025-01-18,2025,1,2025,"S87-122","M",c(679352.499848407, 6443001.64307065),679352.499848407,6443001.64307065
"357",2025-01-19,"F","F0425034",TRUE,2025-04-07,"Canis lupus",FALSE,"S92-066",0.822916686534882,"M","XY",NA,NA,2025-01-19,2025,1,2025,"S92-066","M",c(935102.499848407, 6315001.64307065),935102.499848407,6315001.64307065
"358",2025-01-19,"F","F0425035",TRUE,2025-04-07,"Canis lupus",FALSE,"S93-080",0.885416686534882,"M","XY",NA,NA,2025-01-19,2025,1,2025,"S93-080","M",c(984352.499848407, 6328001.64307065),984352.499848407,6328001.64307065
"359",2025-01-19,"F","F7425003",TRUE,2025-02-10,"Canis lupus",FALSE,"S92-007",0.942708313465118,"M","XY",NA,NA,2025-01-19,2025,1,2025,"S92-007","M",c(984352.499848407, 6588001.64307065),984352.499848407,6588001.64307065
"360",2025-01-19,"F","F1525008",TRUE,2025-04-07,"Canis lupus",FALSE,"S87-122",0.869791686534882,"M","XY",NA,NA,2025-01-19,2025,1,2025,"S87-122","M",c(680102.499848407, 6445001.64307065),680102.499848407,6445001.64307065
"361",2025-01-19,"F","F3825023",TRUE,2025-04-07,"Canis lupus",FALSE,"S93-017",0.869791686534882,"F","XX",NA,NA,2025-01-19,2025,1,2025,"S93-017","F",c(894352.499848407, 6418001.64307065),894352.499848407,6418001.64307065
"362",2025-01-19,"F","F8325090",TRUE,2025-07-07,"Canis lupus",FALSE,"S95-061",1,"M","XY",NA,NA,2025-01-19,2025,1,2025,"S95-061","M",c(969352.499848407, 6233001.64307065),969352.499848407,6233001.64307065
"363",2025-01-19,"F","F3925017",TRUE,2025-05-26,"Canis lupus",FALSE,"S86-127",0.984375,"F","XX",NA,NA,2025-01-19,2025,1,2025,"S86-127","F",c(924352.499848407, 6598001.64307065),924352.499848407,6598001.64307065
"364",2025-01-19,"F","F1925007",TRUE,2025-04-07,"Canis lupus",FALSE,"S89-030",0.776041686534882,"M","XY",NA,NA,2025-01-19,2025,1,2025,"S89-030","M",c(625102.499848407, 6505001.64307065),625102.499848407,6505001.64307065
"365",2025-01-19,"F","F7425004",TRUE,2025-02-10,"Canis lupus",FALSE,"S92-007",1,"M","XY",NA,NA,2025-01-19,2025,1,2025,"S92-007","M",c(985102.499848407, 6590001.64307065),985102.499848407,6590001.64307065
"366",2025-01-19,"F","F1525009",TRUE,2025-04-07,"Canis lupus",FALSE,"S87-016",0.9375,"F","XX",NA,NA,2025-01-19,2025,1,2025,"S87-016","F",c(679352.499848407, 6443001.64307065),679352.499848407,6443001.64307065
"367",2025-01-20,"F","F7325006",TRUE,2025-04-07,"Canis lupus",FALSE,"S86-129",1,"F","XX",NA,NA,2025-01-20,2025,1,2025,"S86-129","F",c(999352.499848407, 6473001.64307065),999352.499848407,6473001.64307065
"368",2025-01-20,"F","F0525020",TRUE,2025-04-07,"Canis lupus",FALSE,"S60-23",0.927083313465118,"F","XX",NA,NA,2025-01-20,2025,1,2025,"S60-23","F",c(974352.499848407, 6438001.64307065),974352.499848407,6438001.64307065
"369",2025-01-20,"F","F3825013",TRUE,2025-04-07,"Canis lupus",FALSE,"S91-030",0.833333313465118,"F","XX",NA,NA,2025-01-20,2025,1,2025,"S91-030","F",c(945102.499848407, 6480001.64307065),945102.499848407,6480001.64307065
"370",2025-01-20,"F","F0625022",TRUE,2025-07-07,"Canis lupus",FALSE,"S95-002",0.526041686534882,"F","XX",NA,NA,2025-01-20,2025,1,2025,"S95-002","F",c(1004352.49984841, 6353001.64307065),1004352.49984841,6353001.64307065
"371",2025-01-20,"F","F0625023",TRUE,2025-07-07,"Canis lupus",FALSE,"S74-006",0.75,"F","XX",NA,NA,2025-01-20,2025,1,2025,"S74-006","F",c(1005102.49984841, 6355001.64307065),1005102.49984841,6355001.64307065
"372",2025-01-20,"F","F0625024",TRUE,2025-07-07,"Canis lupus",FALSE,"S85-098",0.947916686534882,"F","XX",NA,NA,2025-01-20,2025,1,2025,"S85-098","F",c(1005102.49984841, 6355001.64307065),1005102.49984841,6355001.64307065
"373",2025-01-20,"F","F0125006",TRUE,2025-04-07,"Canis lupus",FALSE,"S92-164",1,"M","XY",NA,NA,2025-01-20,2025,1,2025,"S92-164","M",c(934352.499848407, 6593001.64307065),934352.499848407,6593001.64307065
"374",2025-01-20,"F","F2625013",TRUE,2025-02-10,"Canis lupus",FALSE,"S86-027",0.895833313465118,"M","XY",NA,NA,2025-01-20,2025,1,2025,"S86-027","M",c(890102.499848407, 6370001.64307065),890102.499848407,6370001.64307065
"375",2025-01-20,"F","F2625012",TRUE,2025-02-10,"Canis lupus",FALSE,"S92-117",0.723958313465118,"M","XY",NA,NA,2025-01-20,2025,1,2025,"S92-117","M",c(889352.499848407, 6368001.64307065),889352.499848407,6368001.64307065
"376",2025-01-20,"F","F8325038",TRUE,2025-07-07,"Canis lupus",FALSE,"S95-017",0.703125,"F","XX",NA,NA,2025-01-20,2025,1,2025,"S95-017","F",c(924352.499848407, 6248001.64307065),924352.499848407,6248001.64307065
"377",2025-01-20,"F","F1325024",TRUE,2025-07-07,"Canis lupus",FALSE,"S94-031",0.677083313465118,"M","XY",NA,NA,2025-01-20,2025,1,2025,"S94-031","M",c(909352.499848407, 6238001.64307065),909352.499848407,6238001.64307065
"378",2025-01-21,"F","F0525023",TRUE,2025-02-10,"Canis lupus",FALSE,"S92-086",1,"M","XY",NA,NA,2025-01-21,2025,1,2025,"S92-086","M",c(929352.499848407, 6393001.64307065),929352.499848407,6393001.64307065
"379",2025-01-21,"F","F3825015",TRUE,2025-02-10,"Canis lupus",FALSE,"S88-002",0.947916686534882,"F","XX",NA,NA,2025-01-21,2025,1,2025,"S88-002","F",c(929352.499848407, 6428001.64307065),929352.499848407,6428001.64307065
"380",2025-01-21,"F","F3825016",TRUE,2025-02-10,"Canis lupus",FALSE,"S88-002",0.765625,"F","XX",NA,NA,2025-01-21,2025,1,2025,"S88-002","F",c(925102.499848407, 6430001.64307065),925102.499848407,6430001.64307065
"381",2025-01-21,"F","F7325009",TRUE,2025-04-07,"Canis lupus",FALSE,"S93-030",1,"M","XY",NA,NA,2025-01-21,2025,1,2025,"S93-030","M",c(979352.499848407, 6518001.64307065),979352.499848407,6518001.64307065
"382",2025-01-21,"F","F7325007",TRUE,2025-04-07,"Canis lupus",FALSE,"S88-100",0.989583313465118,"M","XY",NA,NA,2025-01-21,2025,1,2025,"S88-100","M",c(969352.499848407, 6533001.64307065),969352.499848407,6533001.64307065
"383",2025-01-21,"F","F8325041",TRUE,2025-07-07,"Canis lupus",FALSE,"S92-047",0.520833313465118,"F","XX",NA,NA,2025-01-21,2025,1,2025,"S92-047","F",c(919352.499848407, 6238001.64307065),919352.499848407,6238001.64307065
"384",2025-01-21,"F","F8325043",TRUE,2025-07-07,"Canis lupus",FALSE,"S60-15",0.578125,"M","XY",NA,NA,2025-01-21,2025,1,2025,"S60-15","M",c(955102.499848407, 6265001.64307065),955102.499848407,6265001.64307065
"385",2025-01-21,"F","F0525022",TRUE,2025-02-10,"Canis lupus",FALSE,"S78-081",0.796875,"F","XX",NA,NA,2025-01-21,2025,1,2025,"S78-081","F",c(930102.499848407, 6395001.64307065),930102.499848407,6395001.64307065
"386",2025-01-21,"F","F0525049",TRUE,2025-04-07,"Canis lupus",FALSE,"S78-030",0.885416686534882,"M","XY",NA,NA,2025-01-21,2025,1,2025,"S78-030","M",c(975102.499848407, 6395001.64307065),975102.499848407,6395001.64307065
"387",2025-01-21,"F","F2625017",TRUE,2025-05-26,"Canis lupus",FALSE,"S55-17",0.677083313465118,"F","XX",NA,NA,2025-01-21,2025,1,2025,"S55-17","F",c(889352.499848407, 6418001.64307065),889352.499848407,6418001.64307065
"388",2025-01-21,"F","F2625015",TRUE,2025-04-07,"Canis lupus",FALSE,"S93-015",0.927083313465118,"M","XY",NA,NA,2025-01-21,2025,1,2025,"S93-015","M",c(904352.499848407, 6388001.64307065),904352.499848407,6388001.64307065
"389",2025-01-21,"F","F2625016",TRUE,2025-04-07,"Canis lupus",FALSE,"S55-17",0.979166686534882,"F","XX",NA,NA,2025-01-21,2025,1,2025,"S55-17","F",c(890102.499848407, 6425001.64307065),890102.499848407,6425001.64307065
"390",2025-01-22,"F","F7325008",TRUE,2025-04-07,"Canis lupus",FALSE,"S92-063",0.958333313465118,"M","XY",NA,NA,2025-01-22,2025,1,2025,"S92-063","M",c(965102.499848407, 6480001.64307065),965102.499848407,6480001.64307065
"391",2025-01-22,"F","F4825004",TRUE,2025-02-10,"Canis lupus",FALSE,"S85-007",0.895833313465118,"M","XY",NA,NA,2025-01-22,2025,1,2025,"S85-007","M",c(748102.499848407, 6338501.64307065),748102.499848407,6338501.64307065
"392",2025-01-22,"U","U3825008",TRUE,2025-07-07,"Canis lupus",FALSE,"S92-019",0.859375,"F","XX",NA,NA,2025-01-22,2025,1,2025,"S92-019","F",c(945602.499848407, 6425501.64307065),945602.499848407,6425501.64307065
"393",2025-01-22,"F","F0125003",TRUE,2025-04-07,"Canis lupus",FALSE,"S92-164",0.994791686534882,"M","XY",NA,NA,2025-01-22,2025,1,2025,"S92-164","M",c(935102.499848407, 6590001.64307065),935102.499848407,6590001.64307065
"394",2025-01-22,"F","F0525031",TRUE,2025-02-10,"Canis lupus",FALSE,"S77-027",0.869791686534882,"F","XX",NA,NA,2025-01-22,2025,1,2025,"S77-027","F",c(910602.499848407, 6365501.64307065),910602.499848407,6365501.64307065
"395",2025-01-22,"F","F3825022",TRUE,2025-05-26,"Canis lupus",FALSE,"S77-040",0.765625,"M","XY",NA,NA,2025-01-22,2025,1,2025,"S77-040","M",c(944352.499848407, 6478001.64307065),944352.499848407,6478001.64307065
"396",2025-01-22,"F","F3825021",TRUE,2025-04-07,"Canis lupus",FALSE,"S93-033",0.958333313465118,"F","XX",NA,NA,2025-01-22,2025,1,2025,"S93-033","F",c(944352.499848407, 6478001.64307065),944352.499848407,6478001.64307065
"397",2025-01-22,"F","F0525030",TRUE,2025-02-10,"Canis lupus",FALSE,"S92-110",0.583333313465118,"F","XX",NA,NA,2025-01-22,2025,1,2025,"S92-110","F",c(909352.499848407, 6368001.64307065),909352.499848407,6368001.64307065
"398",2025-01-22,"F","F0525032",TRUE,2025-07-07,"Canis lupus",FALSE,"S94-013",0.833333313465118,"M","XY",NA,NA,2025-01-22,2025,1,2025,"S94-013","M",c(909352.499848407, 6368001.64307065),909352.499848407,6368001.64307065
"399",2025-01-23,"F","F8425020",TRUE,2025-07-07,"Canis lupus",FALSE,"S92-051",1,"M","XY",NA,NA,2025-01-23,2025,1,2025,"S92-051","M",c(910102.499848407, 6300001.64307065),910102.499848407,6300001.64307065
"400",2025-01-23,"F","F8425017",TRUE,2025-07-07,"Canis lupus",FALSE,"S94-002",0.921875,"M","XY",NA,NA,2025-01-23,2025,1,2025,"S94-002","M",c(874352.499848407, 6298001.64307065),874352.499848407,6298001.64307065
"401",2025-01-23,"F","F8425019",TRUE,2025-07-07,"Canis lupus",FALSE,"S86-005",0.942708313465118,"F","XX",NA,NA,2025-01-23,2025,1,2025,"S86-005","F",c(909352.499848407, 6298001.64307065),909352.499848407,6298001.64307065
"402",2025-01-23,"F","F0625028",TRUE,2025-07-07,"Canis lupus",FALSE,"S95-027",0.864583313465118,"F","XX",NA,NA,2025-01-23,2025,1,2025,"S95-027","F",c(1054352.49984841, 6323001.64307065),1054352.49984841,6323001.64307065
"403",2025-01-23,"F","F1325025",TRUE,2025-04-07,"Canis lupus",FALSE,"S88-023",1,"F","XX",NA,NA,2025-01-23,2025,1,2025,"S88-023","F",c(894352.499848407, 6258001.64307065),894352.499848407,6258001.64307065
"404",2025-01-23,"F","F0625041",TRUE,2025-07-07,"Canis lupus",FALSE,"S95-034",0.994791686534882,"F","XX",NA,NA,2025-01-23,2025,1,2025,"S95-034","F",c(1054352.49984841, 6323001.64307065),1054352.49984841,6323001.64307065
"405",2025-01-23,"F","F3825024",TRUE,2025-04-07,"Canis lupus",FALSE,"S81-136",0.958333313465118,"F","XX",NA,NA,2025-01-23,2025,1,2025,"S81-136","F",c(939352.499848407, 6423001.64307065),939352.499848407,6423001.64307065
"406",2025-01-23,"F","F3825025",TRUE,2025-05-26,"Canis lupus",FALSE,"S81-136",0.625,"F","XX",NA,NA,2025-01-23,2025,1,2025,"S81-136","F",c(940102.499848407, 6425001.64307065),940102.499848407,6425001.64307065
"407",2025-01-23,"F","F3825026",TRUE,2025-04-07,"Canis lupus",FALSE,"S86-123",0.859375,"F","XX",NA,NA,2025-01-23,2025,1,2025,"S86-123","F",c(919352.499848407, 6483001.64307065),919352.499848407,6483001.64307065
"408",2025-01-23,"F","F0525035",TRUE,2025-02-10,"Canis lupus",FALSE,"S81-124",0.770833313465118,"M","XY",NA,NA,2025-01-23,2025,1,2025,"S81-124","M",c(924352.499848407, 6368001.64307065),924352.499848407,6368001.64307065
"409",2025-01-23,"F","F0525036",TRUE,2025-02-10,"Canis lupus",FALSE,"S85-017",0.5625,"F","XX",NA,NA,2025-01-23,2025,1,2025,"S85-017","F",c(924352.499848407, 6368001.64307065),924352.499848407,6368001.64307065
"410",2025-01-23,"F","F0125004",TRUE,2025-04-07,"Canis lupus",FALSE,"S92-160",0.65625,"F","XX",NA,NA,2025-01-23,2025,1,2025,"S92-160","F",c(935102.499848407, 6590001.64307065),935102.499848407,6590001.64307065
"411",2025-01-23,"F","F1925020",TRUE,2025-04-07,"Canis lupus",FALSE,"S90-012",0.958333313465118,"F","XX",NA,NA,2025-01-23,2025,1,2025,"S90-012","F",c(625102.499848407, 6505001.64307065),625102.499848407,6505001.64307065
"412",2025-01-24,"F","F0525046",TRUE,2025-02-10,"Canis lupus",FALSE,"S92-085",0.947916686534882,"F","XX",NA,NA,2025-01-24,2025,1,2025,"S92-085","F",c(934352.499848407, 6398001.64307065),934352.499848407,6398001.64307065
"413",2025-01-24,"U","U3825009",TRUE,2025-07-07,"Canis lupus",FALSE,"S87-004",0.875,"M","XY",NA,NA,2025-01-24,2025,1,2025,"S87-004","M",c(924352.499848407, 6443001.64307065),924352.499848407,6443001.64307065
"414",2025-01-24,"F","F2625139",TRUE,2025-04-07,"Canis lupus",FALSE,"S93-021",0.682291686534882,"F","XX",NA,NA,2025-01-24,2025,1,2025,"S93-021","F",c(914352.499848407, 6403001.64307065),914352.499848407,6403001.64307065
"415",2025-01-24,"F","F1325031",TRUE,2025-04-07,"Canis lupus",FALSE,"S74-002",1,"F","XX",NA,NA,2025-01-24,2025,1,2025,"S74-002","F",c(905102.499848407, 6240001.64307065),905102.499848407,6240001.64307065
"416",2025-01-24,"F","F2525002",TRUE,2025-05-26,"Canis lupus",FALSE,"S74-066",1,"M","XY",NA,NA,2025-01-24,2025,1,2025,"S74-066","M",c(954352.499848407, 6633001.64307065),954352.499848407,6633001.64307065
"417",2025-01-24,"F","F0525050",TRUE,2025-07-07,"Canis lupus",FALSE,"S79-044",0.973958313465118,"F","XX",NA,NA,2025-01-24,2025,1,2025,"S79-044","F",c(974352.499848407, 6383001.64307065),974352.499848407,6383001.64307065
"418",2025-01-24,"F","F3925020",TRUE,2025-05-26,"Canis lupus",FALSE,"S94-012",1,"M","XY",NA,NA,2025-01-24,2025,1,2025,"S94-012","M",c(929352.499848407, 6603001.64307065),929352.499848407,6603001.64307065
"419",2025-01-24,"F","F0525051",TRUE,2025-04-07,"Canis lupus",FALSE,"S93-014",0.760416686534882,"M","XY",NA,NA,2025-01-24,2025,1,2025,"S93-014","M",c(974352.499848407, 6383001.64307065),974352.499848407,6383001.64307065
"420",2025-01-24,"F","F7325066",TRUE,2025-05-26,"Canis lupus",FALSE,"S89-002",0.958333313465118,"F","XX",NA,NA,2025-01-24,2025,1,2025,"S89-002","F",c(954352.499848407, 6483001.64307065),954352.499848407,6483001.64307065
"421",2025-01-24,"F","F7325067",TRUE,2025-05-26,"Canis lupus",FALSE,"S87-029",0.947916686534882,"M","XY",NA,NA,2025-01-24,2025,1,2025,"S87-029","M",c(954352.499848407, 6488001.64307065),954352.499848407,6488001.64307065
"422",2025-01-24,"F","F1325075",TRUE,2025-04-07,"Canis lupus",FALSE,"S92-042",1,"F","XX",NA,NA,2025-01-24,2025,1,2025,"S92-042","F",c(905102.499848407, 6240001.64307065),905102.499848407,6240001.64307065
"423",2025-01-24,"F","F8425025",TRUE,2025-07-07,"Canis lupus",FALSE,"S92-002",1,"M","XY",NA,NA,2025-01-24,2025,1,2025,"S92-002","M",c(888102.499848407, 6303501.64307065),888102.499848407,6303501.64307065
"424",2025-01-24,"F","F8425028",TRUE,2025-04-07,"Canis lupus",FALSE,"S74-097",1,"F","XX",NA,NA,2025-01-24,2025,1,2025,"S74-097","F",c(880602.499848407, 6325501.64307065),880602.499848407,6325501.64307065
"425",2025-01-24,"F","F3825031",TRUE,2025-05-26,"Canis lupus",FALSE,"S94-040",0.682291686534882,"M","XY",NA,NA,2025-01-24,2025,1,2025,"S94-040","M",c(899352.499848407, 6428001.64307065),899352.499848407,6428001.64307065
"426",2025-01-24,"F","F8425027",TRUE,2025-07-07,"Canis lupus",FALSE,"S74-097",0.901041686534882,"F","XY",NA,NA,2025-01-24,2025,1,2025,"S74-097","F",c(878102.499848407, 6323501.64307065),878102.499848407,6323501.64307065
"427",2025-01-24,"F","F3825033",TRUE,2025-05-26,"Canis lupus",FALSE,"S93-005",0.65625,"M","XY",NA,NA,2025-01-24,2025,1,2025,"S93-005","M",c(914352.499848407, 6468001.64307065),914352.499848407,6468001.64307065
"428",2025-01-24,"F","F8425029",TRUE,2025-04-07,"Canis lupus",FALSE,"S92-077",1,"M","XY",NA,NA,2025-01-24,2025,1,2025,"S92-077","M",c(880102.499848407, 6325001.64307065),880102.499848407,6325001.64307065
"429",2025-01-24,"F","F3825027",TRUE,2025-04-07,"Canis lupus",FALSE,"S93-131",0.536458313465118,"M","XY",NA,NA,2025-01-24,2025,1,2025,"S93-131","M",c(929352.499848407, 6423001.64307065),929352.499848407,6423001.64307065
"430",2025-01-24,"F","F2625020",TRUE,2025-07-07,"Canis lupus",FALSE,"S95-005",0.770833313465118,"M","XY",NA,NA,2025-01-24,2025,1,2025,"S95-005","M",c(904352.499848407, 6408001.64307065),904352.499848407,6408001.64307065
"431",2025-01-24,"F","F8425024",TRUE,2025-05-26,"Canis lupus",FALSE,"S94-002",0.96875,"M","XY",NA,NA,2025-01-24,2025,1,2025,"S94-002","M",c(885102.499848407, 6300001.64307065),885102.499848407,6300001.64307065
"432",2025-01-24,"F","F8425023",TRUE,2025-05-26,"Canis lupus",FALSE,"S75-077",0.682291686534882,"F","NA",NA,NA,2025-01-24,2025,1,2025,"S75-077","F",c(890102.499848407, 6305001.64307065),890102.499848407,6305001.64307065
"433",2025-01-24,"F","F8425022",TRUE,2025-05-26,"Canis lupus",FALSE,"S94-002",0.901041686534882,"M","XY",NA,NA,2025-01-24,2025,1,2025,"S94-002","M",c(885602.499848407, 6305501.64307065),885602.499848407,6305501.64307065
"434",2025-01-25,"F","F0525042",TRUE,2025-02-10,"Canis lupus",FALSE,"S92-045",0.963541686534882,"F","XX",NA,NA,2025-01-25,2025,1,2025,"S92-045","F",c(904352.499848407, 6378001.64307065),904352.499848407,6378001.64307065
"435",2025-01-25,"F","F0425039",TRUE,2025-04-07,"Canis lupus",FALSE,"S92-066",0.786458313465118,"M","XY",NA,NA,2025-01-25,2025,1,2025,"S92-066","M",c(940602.499848407, 6320501.64307065),940602.499848407,6320501.64307065
"436",2025-01-25,"F","F0525041",TRUE,2025-02-10,"Canis lupus",FALSE,"S92-021",0.828125,"M","XY",NA,NA,2025-01-25,2025,1,2025,"S92-021","M",c(904352.499848407, 6378001.64307065),904352.499848407,6378001.64307065
"437",2025-01-25,"F","F0525038",TRUE,2025-05-26,"Canis lupus",FALSE,"S86-078",0.744791686534882,"F","XX",NA,NA,2025-01-25,2025,1,2025,"S86-078","F",c(904352.499848407, 6373001.64307065),904352.499848407,6373001.64307065
"438",2025-01-25,"F","F0425045",TRUE,2025-04-07,"Canis lupus",FALSE,"S82-025",0.708333313465118,"F","XX",NA,NA,2025-01-25,2025,1,2025,"S82-025","F",c(934352.499848407, 6318001.64307065),934352.499848407,6318001.64307065
"439",2025-01-25,"F","F1325033",TRUE,2025-04-07,"Canis lupus",FALSE,"S87-076",0.635416686534882,"M","XY",NA,NA,2025-01-25,2025,1,2025,"S87-076","M",c(905102.499848407, 6255001.64307065),905102.499848407,6255001.64307065
"440",2025-01-25,"F","F7425007",TRUE,2025-05-26,"Canis lupus",FALSE,"S94-008",0.90625,"M","XY",NA,NA,2025-01-25,2025,1,2025,"S94-008","M",c(979352.499848407, 6533001.64307065),979352.499848407,6533001.64307065
"441",2025-01-25,"F","F0525045",TRUE,2025-02-10,"Canis lupus",FALSE,"S71-047",0.848958313465118,"M","XY",NA,NA,2025-01-25,2025,1,2025,"S71-047","M",c(904352.499848407, 6373001.64307065),904352.499848407,6373001.64307065
"442",2025-01-25,"F","F0425043",TRUE,2025-04-07,"Canis lupus",FALSE,"S93-052",0.786458313465118,"F","XX",NA,NA,2025-01-25,2025,1,2025,"S93-052","F",c(914352.499848407, 6318001.64307065),914352.499848407,6318001.64307065
"443",2025-01-26,"F","F0525039",TRUE,2025-02-10,"Canis lupus",FALSE,"S71-047",0.572916686534882,"M","XY",NA,NA,2025-01-26,2025,1,2025,"S71-047","M",c(904352.499848407, 6373001.64307065),904352.499848407,6373001.64307065
"444",2025-01-26,"F","F2625025",TRUE,2025-04-07,"Canis lupus",FALSE,"S92-102",0.880208313465118,"F","XX",NA,NA,2025-01-26,2025,1,2025,"S92-102","F",c(885102.499848407, 6365001.64307065),885102.499848407,6365001.64307065
"445",2025-01-26,"F","F2625026",TRUE,2025-04-07,"Canis lupus",FALSE,"S93-047",0.96875,"F","XX",NA,NA,2025-01-26,2025,1,2025,"S93-047","F",c(889352.499848407, 6358001.64307065),889352.499848407,6358001.64307065
"446",2025-01-26,"U","U3825011",TRUE,2025-07-07,"Canis lupus",FALSE,"S93-005",1,"M","XY",NA,NA,2025-01-26,2025,1,2025,"S93-005","M",c(915102.499848407, 6470001.64307065),915102.499848407,6470001.64307065
"447",2025-01-26,"F","F2625023",TRUE,2025-04-07,"Canis lupus",FALSE,"S93-102",0.822916686534882,"F","XX",NA,NA,2025-01-26,2025,1,2025,"S93-102","F",c(884352.499848407, 6393001.64307065),884352.499848407,6393001.64307065
"448",2025-01-27,"F","F1325027",TRUE,2025-04-07,"Canis lupus",FALSE,"S88-023",0.859375,"F","XX",NA,NA,2025-01-27,2025,1,2025,"S88-023","F",c(915102.499848407, 6260001.64307065),915102.499848407,6260001.64307065
"449",2025-01-27,"F","F8425030",TRUE,2025-07-07,"Canis lupus",FALSE,"S86-099",0.677083313465118,"F","XX",NA,NA,2025-01-27,2025,1,2025,"S86-099","F",c(879352.499848407, 6338001.64307065),879352.499848407,6338001.64307065
"450",2025-01-27,"F","F8425031",TRUE,2025-05-26,"Canis lupus",FALSE,"S94-045",1,"F","XX",NA,NA,2025-01-27,2025,1,2025,"S94-045","F",c(879352.499848407, 6343001.64307065),879352.499848407,6343001.64307065
"451",2025-01-27,"F","F2625024",TRUE,2025-04-07,"Canis lupus",FALSE,"S93-023",0.713541686534882,"F","XX",NA,NA,2025-01-27,2025,1,2025,"S93-023","F",c(859352.499848407, 6383001.64307065),859352.499848407,6383001.64307065
"452",2025-01-27,"F","F1325028",TRUE,2025-05-26,"Canis lupus",FALSE,"S87-076",0.6875,"M","NA",NA,NA,2025-01-27,2025,1,2025,"S87-076","M",c(915602.499848407, 6260501.64307065),915602.499848407,6260501.64307065
"453",2025-01-27,"F","F3025003",TRUE,2025-05-26,"Canis lupus",FALSE,"S94-015",0.588541686534882,"F","XX",NA,NA,2025-01-27,2025,1,2025,"S94-015","F",c(739352.499848407, 6323001.64307065),739352.499848407,6323001.64307065
"454",2025-01-28,"F","F0525057",TRUE,2025-04-07,"Canis lupus",FALSE,"S93-086",0.760416686534882,"M","XY",NA,NA,2025-01-28,2025,1,2025,"S93-086","M",c(979352.499848407, 6388001.64307065),979352.499848407,6388001.64307065
"455",2025-01-28,"F","F8325053",TRUE,2025-04-07,"Canis lupus",FALSE,"S93-114",0.822916686534882,"F","XX",NA,NA,2025-01-28,2025,1,2025,"S93-114","F",c(954352.499848407, 6293001.64307065),954352.499848407,6293001.64307065
"456",2025-01-28,"F","F1325030",TRUE,2025-05-26,"Canis lupus",FALSE,"S78-002",0.875,"F","XX",NA,NA,2025-01-28,2025,1,2025,"S78-002","F",c(905602.499848407, 6275501.64307065),905602.499848407,6275501.64307065
"457",2025-01-28,"F","F1325038",TRUE,2025-05-26,"Canis lupus",FALSE,"S92-042",0.994791686534882,"F","XX",NA,NA,2025-01-28,2025,1,2025,"S92-042","F",c(910602.499848407, 6240501.64307065),910602.499848407,6240501.64307065
"458",2025-01-28,"F","F1325040",TRUE,2025-05-26,"Canis lupus",FALSE,"S92-042",0.541666686534882,"F","XX",NA,NA,2025-01-28,2025,1,2025,"S92-042","F",c(913102.499848407, 6238501.64307065),913102.499848407,6238501.64307065
"459",2025-01-28,"F","F8325056",TRUE,2025-05-26,"Canis lupus",FALSE,"S94-021",0.9375,"M","XY",NA,NA,2025-01-28,2025,1,2025,"S94-021","M",c(954352.499848407, 6293001.64307065),954352.499848407,6293001.64307065
"460",2025-01-28,"F","F2625034",TRUE,2025-04-07,"Canis lupus",FALSE,"S59-06",0.989583313465118,"M","XY",NA,NA,2025-01-28,2025,1,2025,"S59-06","M",c(899352.499848407, 6408001.64307065),899352.499848407,6408001.64307065
"461",2025-01-28,"F","F8325055",TRUE,2025-04-07,"Canis lupus",FALSE,"S78-046",0.8125,"M","XY",NA,NA,2025-01-28,2025,1,2025,"S78-046","M",c(954352.499848407, 6288001.64307065),954352.499848407,6288001.64307065
"462",2025-01-28,"F","F8325054",TRUE,2025-04-07,"Canis lupus",FALSE,"S78-046",1,"M","XY",NA,NA,2025-01-28,2025,1,2025,"S78-046","M",c(955102.499848407, 6290001.64307065),955102.499848407,6290001.64307065
"463",2025-01-28,"F","F0525054",TRUE,2025-07-07,"Canis lupus",FALSE,"S94-056",1,"M","XY",NA,NA,2025-01-28,2025,1,2025,"S94-056","M",c(929352.499848407, 6373001.64307065),929352.499848407,6373001.64307065
"464",2025-01-28,"F","F3925014",TRUE,2025-05-26,"Canis lupus",FALSE,"S94-012",1,"M","XY",NA,NA,2025-01-28,2025,1,2025,"S94-012","M",c(930102.499848407, 6605001.64307065),930102.499848407,6605001.64307065
"465",2025-01-28,"F","F0525052",TRUE,2025-05-26,"Canis lupus",FALSE,"S81-125",0.989583313465118,"F","XX",NA,NA,2025-01-28,2025,1,2025,"S81-125","F",c(929352.499848407, 6373001.64307065),929352.499848407,6373001.64307065
"466",2025-01-28,"F","F0525055",TRUE,2025-05-26,"Canis lupus",FALSE,"S94-056",1,"M","XY",NA,NA,2025-01-28,2025,1,2025,"S94-056","M",c(929352.499848407, 6373001.64307065),929352.499848407,6373001.64307065
"467",2025-01-29,"F","F2625211",TRUE,2025-07-07,"Canis lupus",FALSE,"S93-048",0.859375,"M","XY",NA,NA,2025-01-29,2025,1,2025,"S93-048","M",c(894352.499848407, 6398001.64307065),894352.499848407,6398001.64307065
"468",2025-01-29,"F","F1325042",TRUE,2025-07-07,"Canis lupus",FALSE,"S92-042",0.661458313465118,"F","NA",NA,NA,2025-01-29,2025,1,2025,"S92-042","F",c(905852.499848407, 6238751.64307065),905852.499848407,6238751.64307065
"469",2025-01-29,"F","F2625032",TRUE,2025-07-07,"Canis lupus",FALSE,"S92-062",0.822916686534882,"F","XY",NA,NA,2025-01-29,2025,1,2025,"S92-062","F",c(845102.499848407, 6380001.64307065),845102.499848407,6380001.64307065
"470",2025-01-29,"F","F0625032",TRUE,2025-07-07,"Canis lupus",FALSE,"S95-001",0.958333313465118,"M","XY",NA,NA,2025-01-29,2025,1,2025,"S95-001","M",c(1009352.49984841, 6363001.64307065),1009352.49984841,6363001.64307065
"471",2025-01-29,"F","F1325034",TRUE,2025-04-07,"Canis lupus",FALSE,"S93-081",0.78125,"M","XY",NA,NA,2025-01-29,2025,1,2025,"S93-081","M",c(919352.499848407, 6263001.64307065),919352.499848407,6263001.64307065
"472",2025-01-29,"F","F2625028",TRUE,2025-04-07,"Canis lupus",FALSE,"S86-038",0.875,"M","XY",NA,NA,2025-01-29,2025,1,2025,"S86-038","M",c(839352.499848407, 6373001.64307065),839352.499848407,6373001.64307065
"473",2025-01-29,"F","F8325049",TRUE,2025-07-07,"Canis lupus",FALSE,"S78-046",0.864583313465118,"M","XY",NA,NA,2025-01-29,2025,1,2025,"S78-046","M",c(960602.499848407, 6290501.64307065),960602.499848407,6290501.64307065
"474",2025-01-29,"F","F2625033",TRUE,2025-04-07,"Canis lupus",FALSE,"S80-063",0.625,"F","XX",NA,NA,2025-01-29,2025,1,2025,"S80-063","F",c(844352.499848407, 6378001.64307065),844352.499848407,6378001.64307065
"475",2025-01-29,"F","F0625030",TRUE,2025-07-07,"Canis lupus",FALSE,"S95-033",0.598958313465118,"NI","NA",NA,NA,2025-01-29,2025,1,2025,"S95-033","NI",c(1064352.49984841, 6338001.64307065),1064352.49984841,6338001.64307065
"476",2025-01-29,"F","F2625030",TRUE,2025-04-07,"Canis lupus",FALSE,"S86-038",0.5,"M","XY",NA,NA,2025-01-29,2025,1,2025,"S86-038","M",c(845102.499848407, 6380001.64307065),845102.499848407,6380001.64307065
"477",2025-01-29,"U","U0425001",TRUE,2025-05-26,"Canis lupus",FALSE,"S94-086",0.630208313465118,"F","XX",NA,NA,2025-01-29,2025,1,2025,"S94-086","F",c(989352.499848407, 6373001.64307065),989352.499848407,6373001.64307065
"478",2025-01-30,"F","F7425012",TRUE,2025-05-26,"Canis lupus",FALSE,"S94-032",0.973958313465118,"F","XX",NA,NA,2025-01-30,2025,1,2025,"S94-032","F",c(989352.499848407, 6533001.64307065),989352.499848407,6533001.64307065
"479",2025-01-30,"F","F3825035",TRUE,2025-07-07,"Canis lupus",FALSE,"S86-101",0.671875,"M","XY",NA,NA,2025-01-30,2025,1,2025,"S86-101","M",c(925602.499848407, 6425501.64307065),925602.499848407,6425501.64307065
"480",2025-01-30,"F","F7425008",TRUE,2025-05-26,"Canis lupus",FALSE,"S73-049",0.958333313465118,"F","XX",NA,NA,2025-01-30,2025,1,2025,"S73-049","F",c(980102.499848407, 6535001.64307065),980102.499848407,6535001.64307065
"481",2025-01-30,"F","F3825036",TRUE,2025-07-07,"Canis lupus",FALSE,"S93-084",0.5,"M","XY",NA,NA,2025-01-30,2025,1,2025,"S93-084","M",c(930102.499848407, 6425001.64307065),930102.499848407,6425001.64307065
"482",2025-01-30,"F","F3825038",TRUE,2025-04-07,"Canis lupus",FALSE,"S69-06",0.911458313465118,"M","XY",NA,NA,2025-01-30,2025,1,2025,"S69-06","M",c(949352.499848407, 6443001.64307065),949352.499848407,6443001.64307065
"483",2025-01-30,"F","F7425013",TRUE,2025-05-26,"Canis lupus",FALSE,"S87-012",0.713541686534882,"F","XX",NA,NA,2025-01-30,2025,1,2025,"S87-012","F",c(989352.499848407, 6533001.64307065),989352.499848407,6533001.64307065
"484",2025-01-30,"F","F7325010",TRUE,2025-04-07,"Canis lupus",FALSE,"S70-092",0.927083313465118,"F","XX",NA,NA,2025-01-30,2025,1,2025,"S70-092","F",c(959352.499848407, 6488001.64307065),959352.499848407,6488001.64307065
"485",2025-01-30,"S","S3825002",TRUE,2025-05-26,"Canis lupus",FALSE,"S93-036",0.994791686534882,"M","XY",NA,NA,2025-01-30,2025,1,2025,"S93-036","M",c(939352.499848407, 6453001.64307065),939352.499848407,6453001.64307065
"486",2025-01-30,"F","F3825039",TRUE,2025-05-26,"Canis lupus",FALSE,"S94-083",0.989583313465118,"F","XX",NA,NA,2025-01-30,2025,1,2025,"S94-083","F",c(914352.499848407, 6468001.64307065),914352.499848407,6468001.64307065
"487",2025-01-30,"F","F0425053",TRUE,2025-05-26,"Canis lupus",FALSE,"S75-031",0.921875,"F","XX",NA,NA,2025-01-30,2025,1,2025,"S75-031","F",c(949352.499848407, 6363001.64307065),949352.499848407,6363001.64307065
"488",2025-01-31,"F","F2625036",TRUE,2025-04-07,"Canis lupus",FALSE,"S93-017",1,"F","XX",NA,NA,2025-01-31,2025,1,2025,"S93-017","F",c(890102.499848407, 6425001.64307065),890102.499848407,6425001.64307065
"489",2025-01-31,"F","F3425001",TRUE,2025-04-07,"Canis lupus",FALSE,"S92-055",0.796875,"M","XY",NA,NA,2025-01-31,2025,1,2025,"S92-055","M",c(739352.499848407, 6303001.64307065),739352.499848407,6303001.64307065
"490",2025-01-31,"F","F0525056",TRUE,2025-04-07,"Canis lupus",FALSE,"S86-030",0.916666686534882,"NI","XX",NA,NA,2025-01-31,2025,1,2025,"S86-030","NI",c(944352.499848407, 6408001.64307065),944352.499848407,6408001.64307065
"491",2025-01-31,"F","F1325036",TRUE,2025-07-07,"Canis lupus",FALSE,"S95-032",1,"F","XX",NA,NA,2025-01-31,2025,1,2025,"S95-032","F",c(899352.499848407, 6238001.64307065),899352.499848407,6238001.64307065
"492",2025-01-31,"F","F1325037",TRUE,2025-04-07,"Canis lupus",FALSE,"S88-023",0.895833313465118,"F","XX",NA,NA,2025-01-31,2025,1,2025,"S88-023","F",c(900602.499848407, 6260501.64307065),900602.499848407,6260501.64307065
"493",2025-01-31,"U","U0525001",TRUE,2025-05-26,"Canis lupus",FALSE,"S65-35",0.609375,"M","XY",NA,NA,2025-01-31,2025,1,2025,"S65-35","M",c(950602.499848407, 6410501.64307065),950602.499848407,6410501.64307065
"494",2025-02-01,"F","F0425055",TRUE,2025-05-26,"Canis lupus",FALSE,"S94-001",1,"M","XY",NA,NA,2025-02-01,2025,2,2025,"S94-001","M",c(994352.499848407, 6383001.64307065),994352.499848407,6383001.64307065
"495",2025-02-01,"F","F7425018",TRUE,2025-05-26,"Canis lupus",FALSE,"S94-051",1,"M","XY",NA,NA,2025-02-01,2025,2,2025,"S94-051","M",c(979352.499848407, 6583001.64307065),979352.499848407,6583001.64307065
"496",2025-02-03,"F","F0425057",TRUE,2025-04-07,"Canis lupus",FALSE,"S63-26",0.796875,"M","XY",NA,NA,2025-02-03,2025,2,2025,"S63-26","M",c(950102.499848407, 6375001.64307065),950102.499848407,6375001.64307065
"497",2025-02-03,"U","U7325007",TRUE,2025-07-07,"Canis lupus",FALSE,"S86-123",0.979166686534882,"F","XX",NA,NA,2025-02-03,2025,2,2025,"S86-123","F",c(920102.499848407, 6485001.64307065),920102.499848407,6485001.64307065
"498",2025-02-03,"F","F3825043",TRUE,2025-05-26,"Canis lupus",FALSE,"S94-038",0.59375,"F","XX",NA,NA,2025-02-03,2025,2,2025,"S94-038","F",c(899352.499848407, 6418001.64307065),899352.499848407,6418001.64307065
"499",2025-02-03,"F","F2625210",TRUE,2025-07-07,"Canis lupus",FALSE,"S88-086",0.776041686534882,"M","XY",NA,NA,2025-02-03,2025,2,2025,"S88-086","M",c(899352.499848407, 6398001.64307065),899352.499848407,6398001.64307065
"500",2025-02-03,"F","F7325011",TRUE,2025-04-07,"Canis lupus",FALSE,"S93-022",0.791666686534882,"M","XY",NA,NA,2025-02-03,2025,2,2025,"S93-022","M",c(919352.499848407, 6488001.64307065),919352.499848407,6488001.64307065
"501",2025-02-03,"F","F3825044",TRUE,2025-04-07,"Canis lupus",FALSE,"S93-082",0.828125,"M","XY",NA,NA,2025-02-03,2025,2,2025,"S93-082","M",c(899352.499848407, 6418001.64307065),899352.499848407,6418001.64307065
"502",2025-02-03,"F","F0425056",TRUE,2025-05-26,"Canis lupus",FALSE,"S63-26",0.84375,"M","XY",NA,NA,2025-02-03,2025,2,2025,"S63-26","M",c(950102.499848407, 6375001.64307065),950102.499848407,6375001.64307065
"503",2025-02-04,"F","F8425034",TRUE,2025-04-07,"Canis lupus",FALSE,"S83-023",0.588541686534882,"M","XY",NA,NA,2025-02-04,2025,2,2025,"S83-023","M",c(920102.499848407, 6295001.64307065),920102.499848407,6295001.64307065
"504",2025-02-04,"F","F0625033",TRUE,2025-04-07,"Canis lupus",FALSE,"S89-012",0.9375,"M","XY",NA,NA,2025-02-04,2025,2,2025,"S89-012","M",c(1004352.49984841, 6293001.64307065),1004352.49984841,6293001.64307065
"505",2025-02-04,"F","F0425062",TRUE,2025-04-07,"Canis lupus",FALSE,"S82-026",0.744791686534882,"M","XY",NA,NA,2025-02-04,2025,2,2025,"S82-026","M",c(939352.499848407, 6318001.64307065),939352.499848407,6318001.64307065
"506",2025-02-05,"F","F2625044",TRUE,2025-04-07,"Canis lupus",FALSE,"S93-015",0.848958313465118,"M","XY",NA,NA,2025-02-05,2025,2,2025,"S93-015","M",c(905102.499848407, 6395001.64307065),905102.499848407,6395001.64307065
"507",2025-02-05,"F","F3825047",TRUE,2025-04-07,"Canis lupus",FALSE,"S87-083",0.671875,"F","XX",NA,NA,2025-02-05,2025,2,2025,"S87-083","F",c(929352.499848407, 6458001.64307065),929352.499848407,6458001.64307065
"508",2025-02-05,"F","F3825052",TRUE,2025-05-26,"Canis lupus",FALSE,"S93-049",0.510416686534882,"M","XY",NA,NA,2025-02-05,2025,2,2025,"S93-049","M",c(919352.499848407, 6418001.64307065),919352.499848407,6418001.64307065
"509",2025-02-05,"F","F3925015",TRUE,2025-07-07,"Canis lupus",FALSE,"S92-091",0.838541686534882,"F","XX",NA,NA,2025-02-05,2025,2,2025,"S92-091","F",c(940102.499848407, 6630001.64307065),940102.499848407,6630001.64307065
"510",2025-02-05,"F","F2625053",TRUE,2025-05-26,"Canis lupus",FALSE,"S85-024",0.9375,"F","XX",NA,NA,2025-02-05,2025,2,2025,"S85-024","F",c(904352.499848407, 6393001.64307065),904352.499848407,6393001.64307065
"511",2025-02-05,"F","F4825005",TRUE,2025-05-26,"Canis lupus",FALSE,"S92-003",1,"F","XX",NA,NA,2025-02-05,2025,2,2025,"S92-003","F",c(743102.499848407, 6343501.64307065),743102.499848407,6343501.64307065
"512",2025-02-05,"F","F3825053",TRUE,2025-04-07,"Canis lupus",FALSE,"S93-049",0.604166686534882,"M","XY",NA,NA,2025-02-05,2025,2,2025,"S93-049","M",c(925102.499848407, 6420001.64307065),925102.499848407,6420001.64307065
"513",2025-02-05,"F","F7425067",TRUE,2025-05-26,"Canis lupus",FALSE,"S94-020",0.947916686534882,"F","XX",NA,NA,2025-02-05,2025,2,2025,"S94-020","F",c(989352.499848407, 6543001.64307065),989352.499848407,6543001.64307065
"514",2025-02-05,"F","F8325062",TRUE,2025-05-26,"Canis lupus",FALSE,"S93-055",0.833333313465118,"M","XY",NA,NA,2025-02-05,2025,2,2025,"S93-055","M",c(984352.499848407, 6283001.64307065),984352.499848407,6283001.64307065
"515",2025-02-06,"F","F0425060",TRUE,2025-04-07,"Canis lupus",FALSE,"S93-113",0.958333313465118,"M","XY",NA,NA,2025-02-06,2025,2,2025,"S93-113","M",c(939352.499848407, 6358001.64307065),939352.499848407,6358001.64307065
"516",2025-02-06,"F","F0525061",TRUE,2025-05-26,"Canis lupus",FALSE,"S89-014",0.90625,"M","XY",NA,NA,2025-02-06,2025,2,2025,"S89-014","M",c(959352.499848407, 6398001.64307065),959352.499848407,6398001.64307065
"517",2025-02-06,"F","F3825051",TRUE,2025-04-07,"Canis lupus",FALSE,"S87-077",0.854166686534882,"F","XX",NA,NA,2025-02-06,2025,2,2025,"S87-077","F",c(920602.499848407, 6415501.64307065),920602.499848407,6415501.64307065
"518",2025-02-06,"F","F0525059",TRUE,2025-04-07,"Canis lupus",FALSE,"S93-034",0.90625,"F","XX",NA,NA,2025-02-06,2025,2,2025,"S93-034","F",c(954352.499848407, 6393001.64307065),954352.499848407,6393001.64307065
"519",2025-02-06,"F","F7325012",TRUE,2025-04-07,"Canis lupus",FALSE,"S93-065",0.9375,"F","XX",NA,NA,2025-02-06,2025,2,2025,"S93-065","F",c(954352.499848407, 6483001.64307065),954352.499848407,6483001.64307065
"520",2025-02-06,"F","F7325013",TRUE,2025-04-07,"Canis lupus",FALSE,"S93-085",0.901041686534882,"F","XX",NA,NA,2025-02-06,2025,2,2025,"S93-085","F",c(939352.499848407, 6498001.64307065),939352.499848407,6498001.64307065
"521",2025-02-06,"F","F0425064",TRUE,2025-04-07,"Canis lupus",FALSE,"S93-115",0.807291686534882,"F","XX",NA,NA,2025-02-06,2025,2,2025,"S93-115","F",c(909352.499848407, 6343001.64307065),909352.499848407,6343001.64307065
"522",2025-02-06,"F","F0425059",TRUE,2025-05-26,"Canis lupus",FALSE,"S82-029",1,"F","XX",NA,NA,2025-02-06,2025,2,2025,"S82-029","F",c(940102.499848407, 6360001.64307065),940102.499848407,6360001.64307065
"523",2025-02-06,"F","F8425040",TRUE,2025-04-07,"Canis lupus",FALSE,"S93-024",0.619791686534882,"M","XY",NA,NA,2025-02-06,2025,2,2025,"S93-024","M",c(854352.499848407, 6368001.64307065),854352.499848407,6368001.64307065
"524",2025-02-06,"F","F8425039",TRUE,2025-04-07,"Canis lupus",FALSE,"S93-097",0.760416686534882,"M","XY",NA,NA,2025-02-06,2025,2,2025,"S93-097","M",c(854352.499848407, 6368001.64307065),854352.499848407,6368001.64307065
"525",2025-02-06,"F","F7325029",TRUE,2025-04-07,"Canis lupus",FALSE,"S86-129",1,"F","XX",NA,NA,2025-02-06,2025,2,2025,"S86-129","F",c(1000102.49984841, 6475001.64307065),1000102.49984841,6475001.64307065
"526",2025-02-06,"F","F0625035",TRUE,2025-07-07,"Canis lupus",FALSE,"S74-007",0.989583313465118,"F","XX",NA,NA,2025-02-06,2025,2,2025,"S74-007","F",c(1044352.49984841, 6343001.64307065),1044352.49984841,6343001.64307065
"527",2025-02-06,"U","U3825016",TRUE,2025-07-07,"Canis lupus",FALSE,"S95-070",0.984375,"M","XY",NA,NA,2025-02-06,2025,2,2025,"S95-070","M",c(894352.499848407, 6453001.64307065),894352.499848407,6453001.64307065
"528",2025-02-06,"F","F8425038",TRUE,2025-04-07,"Canis lupus",FALSE,"S93-024",0.765625,"M","XY",NA,NA,2025-02-06,2025,2,2025,"S93-024","M",c(855102.499848407, 6370001.64307065),855102.499848407,6370001.64307065
"529",2025-02-06,"F","F2625039",TRUE,2025-05-26,"Canis lupus",FALSE,"S94-070",0.828125,"F","XX",NA,NA,2025-02-06,2025,2,2025,"S94-070","F",c(884352.499848407, 6413001.64307065),884352.499848407,6413001.64307065
"530",2025-02-06,"F","F2625045",TRUE,2025-07-07,"Canis lupus",FALSE,"S86-025",1,"M","XY",NA,NA,2025-02-06,2025,2,2025,"S86-025","M",c(889352.499848407, 6428001.64307065),889352.499848407,6428001.64307065
"531",2025-02-06,"F","F7425014",TRUE,2025-05-26,"Canis lupus",FALSE,"S87-012",0.96875,"F","XX",NA,NA,2025-02-06,2025,2,2025,"S87-012","F",c(990102.499848407, 6535001.64307065),990102.499848407,6535001.64307065
"532",2025-02-06,"F","F8325094",TRUE,2025-07-07,"Canis lupus",FALSE,"S95-065",0.5625,"F","XX",NA,NA,2025-02-06,2025,2,2025,"S95-065","F",c(969352.499848407, 6228001.64307065),969352.499848407,6228001.64307065
"533",2025-02-06,"F","F3825061",TRUE,2025-05-26,"Canis lupus",FALSE,"S94-072",0.885416686534882,"F","XX",NA,NA,2025-02-06,2025,2,2025,"S94-072","F",c(889352.499848407, 6443001.64307065),889352.499848407,6443001.64307065
"534",2025-02-06,"F","F2625046",TRUE,2025-07-07,"Canis lupus",FALSE,"S93-017",0.9375,"F","XX",NA,NA,2025-02-06,2025,2,2025,"S93-017","F",c(890602.499848407, 6430501.64307065),890602.499848407,6430501.64307065
"535",2025-02-06,"F","F3825048",TRUE,2025-05-26,"Canis lupus",FALSE,"S94-069",0.979166686534882,"M","XY",NA,NA,2025-02-06,2025,2,2025,"S94-069","M",c(889352.499848407, 6443001.64307065),889352.499848407,6443001.64307065
"536",2025-02-06,"F","F0525062",TRUE,2025-04-07,"Canis lupus",FALSE,"S93-003",0.947916686534882,"F","XX",NA,NA,2025-02-06,2025,2,2025,"S93-003","F",c(955102.499848407, 6400001.64307065),955102.499848407,6400001.64307065
"537",2025-02-07,"F","F8325063",TRUE,2025-04-07,"Canis lupus",FALSE,"S93-108",0.682291686534882,"F","XX",NA,NA,2025-02-07,2025,2,2025,"S93-108","F",c(969352.499848407, 6283001.64307065),969352.499848407,6283001.64307065
"538",2025-02-07,"F","F0425065",TRUE,2025-05-26,"Canis lupus",FALSE,"S94-023",1,"F","XX",NA,NA,2025-02-07,2025,2,2025,"S94-023","F",c(989352.499848407, 6348001.64307065),989352.499848407,6348001.64307065
"539",2025-02-07,"F","F3925022",TRUE,2025-05-26,"Canis lupus",FALSE,"S94-012",1,"M","XY",NA,NA,2025-02-07,2025,2,2025,"S94-012","M",c(925602.499848407, 6605501.64307065),925602.499848407,6605501.64307065
"540",2025-02-07,"F","F3925021",TRUE,2025-05-26,"Canis lupus",FALSE,"S80-052",1,"M","XY",NA,NA,2025-02-07,2025,2,2025,"S80-052","M",c(929352.499848407, 6603001.64307065),929352.499848407,6603001.64307065
"541",2025-02-07,"F","F0425069",TRUE,2025-04-07,"Canis lupus",FALSE,"S93-007",0.630208313465118,"M","XY",NA,NA,2025-02-07,2025,2,2025,"S93-007","M",c(954352.499848407, 6328001.64307065),954352.499848407,6328001.64307065
"542",2025-02-07,"F","F8425037",TRUE,2025-07-07,"Canis lupus",FALSE,"S95-062",0.989583313465118,"F","XX",NA,NA,2025-02-07,2025,2,2025,"S95-062","F",c(869352.499848407, 6303001.64307065),869352.499848407,6303001.64307065
"543",2025-02-07,"F","F7325015",TRUE,2025-05-26,"Canis lupus",FALSE,"S94-022",0.536458313465118,"F","XX",NA,NA,2025-02-07,2025,2,2025,"S94-022","F",c(939352.499848407, 6508001.64307065),939352.499848407,6508001.64307065
"544",2025-02-07,"F","F0625036",TRUE,2025-07-07,"Canis lupus",FALSE,"S74-006",1,"F","XX",NA,NA,2025-02-07,2025,2,2025,"S74-006","F",c(1015602.49984841, 6350501.64307065),1015602.49984841,6350501.64307065
"545",2025-02-07,"F","F0425066",TRUE,2025-04-07,"Canis lupus",FALSE,"S93-007",0.947916686534882,"M","XY",NA,NA,2025-02-07,2025,2,2025,"S93-007","M",c(950102.499848407, 6325001.64307065),950102.499848407,6325001.64307065
"546",2025-02-08,"F","F0525090",TRUE,2025-07-07,"Canis lupus",FALSE,"S93-003",0.916666686534882,"F","XX",NA,NA,2025-02-08,2025,2,2025,"S93-003","F",c(955602.499848407, 6400501.64307065),955602.499848407,6400501.64307065
"547",2025-02-08,"F","F3825054",TRUE,2025-04-07,"Canis lupus",FALSE,"S93-063",0.885416686534882,"F","XX",NA,NA,2025-02-08,2025,2,2025,"S93-063","F",c(924352.499848407, 6473001.64307065),924352.499848407,6473001.64307065
"548",2025-02-08,"F","F2625052",TRUE,2025-05-26,"Canis lupus",FALSE,"S86-110",0.708333313465118,"F","XX",NA,NA,2025-02-08,2025,2,2025,"S86-110","F",c(909352.499848407, 6348001.64307065),909352.499848407,6348001.64307065
"549",2025-02-08,"F","F0125005",TRUE,2025-04-07,"Canis lupus",FALSE,"S93-032",0.723958313465118,"M","XY",NA,NA,2025-02-08,2025,2,2025,"S93-032","M",c(899352.499848407, 6548001.64307065),899352.499848407,6548001.64307065
"550",2025-02-09,"F","F2625054",TRUE,2025-05-26,"Canis lupus",FALSE,"S80-063",1,"F","XX",NA,NA,2025-02-09,2025,2,2025,"S80-063","F",c(845102.499848407, 6380001.64307065),845102.499848407,6380001.64307065
"551",2025-02-09,"F","F0425078",TRUE,2025-04-07,"Canis lupus",FALSE,"S93-040",0.947916686534882,"M","XY",NA,NA,2025-02-09,2025,2,2025,"S93-040","M",c(979352.499848407, 6343001.64307065),979352.499848407,6343001.64307065
"552",2025-02-09,"F","F0425077",TRUE,2025-04-07,"Canis lupus",FALSE,"S93-073",0.875,"F","XX",NA,NA,2025-02-09,2025,2,2025,"S93-073","F",c(979352.499848407, 6343001.64307065),979352.499848407,6343001.64307065
"553",2025-02-09,"F","F0425076",TRUE,2025-04-07,"Canis lupus",FALSE,"S92-106",0.619791686534882,"F","XX",NA,NA,2025-02-09,2025,2,2025,"S92-106","F",c(980102.499848407, 6335001.64307065),980102.499848407,6335001.64307065
"554",2025-02-09,"F","F0625050",TRUE,2025-04-07,"Canis lupus",FALSE,"S93-016",0.588541686534882,"F","XX",NA,NA,2025-02-09,2025,2,2025,"S93-016","F",c(1005102.49984841, 6315001.64307065),1005102.49984841,6315001.64307065
"555",2025-02-09,"F","F0425073",TRUE,2025-04-07,"Canis lupus",FALSE,"S62-22",0.947916686534882,"F","XX",NA,NA,2025-02-09,2025,2,2025,"S62-22","F",c(980102.499848407, 6310001.64307065),980102.499848407,6310001.64307065
"556",2025-02-09,"F","F0425072",TRUE,2025-04-07,"Canis lupus",FALSE,"S62-22",0.71875,"F","XX",NA,NA,2025-02-09,2025,2,2025,"S62-22","F",c(980602.499848407, 6310501.64307065),980602.499848407,6310501.64307065
"557",2025-02-09,"F","F7325014",TRUE,2025-04-07,"Canis lupus",FALSE,"S87-029",0.9375,"M","XY",NA,NA,2025-02-09,2025,2,2025,"S87-029","M",c(950102.499848407, 6495001.64307065),950102.499848407,6495001.64307065
"558",2025-02-09,"F","F2525019",TRUE,2025-07-07,"Canis sp",FALSE,"S90-014",0.848958313465118,"M","XY",NA,NA,2025-02-09,2025,2,2025,"S90-014","M",c(944352.499848407, 6618001.64307065),944352.499848407,6618001.64307065
"559",2025-02-10,"F","F7325019",TRUE,2025-04-07,"Canis lupus",FALSE,"S93-068",1,"M","XY",NA,NA,2025-02-10,2025,2,2025,"S93-068","M",c(974352.499848407, 6488001.64307065),974352.499848407,6488001.64307065
"560",2025-02-10,"F","F7325020",TRUE,2025-04-07,"Canis lupus",FALSE,"S93-004",1,"F","XX",NA,NA,2025-02-10,2025,2,2025,"S93-004","F",c(974352.499848407, 6488001.64307065),974352.499848407,6488001.64307065
"561",2025-02-10,"U","U1225001",TRUE,2025-04-07,"Canis lupus",FALSE,"S91-002",1,"M","XY",NA,NA,2025-02-10,2025,2,2025,"S91-002","M",c(719352.499848407, 6318001.64307065),719352.499848407,6318001.64307065
"562",2025-02-10,"F","F0625040",TRUE,2025-07-07,"Canis lupus",FALSE,"S63-01",0.598958313465118,"F","XX",NA,NA,2025-02-10,2025,2,2025,"S63-01","F",c(1004352.49984841, 6343001.64307065),1004352.49984841,6343001.64307065
"563",2025-02-10,"F","F1225002",TRUE,2025-04-07,"Canis lupus",FALSE,"S91-002",1,"M","XY",NA,NA,2025-02-10,2025,2,2025,"S91-002","M",c(720102.499848407, 6315001.64307065),720102.499848407,6315001.64307065
"564",2025-02-10,"F","F0625039",TRUE,2025-07-07,"Canis lupus",FALSE,"S95-008",0.744791686534882,"F","XX",NA,NA,2025-02-10,2025,2,2025,"S95-008","F",c(1049352.49984841, 6343001.64307065),1049352.49984841,6343001.64307065
"565",2025-02-10,"F","F8325064",TRUE,2025-04-07,"Canis lupus",FALSE,"S74-093",0.796875,"F","XY",NA,NA,2025-02-10,2025,2,2025,"S74-093","F",c(974352.499848407, 6263001.64307065),974352.499848407,6263001.64307065
"566",2025-02-10,"F","F8325065",TRUE,2025-04-07,"Canis lupus",FALSE,"S93-050",0.9375,"M","XY",NA,NA,2025-02-10,2025,2,2025,"S93-050","M",c(974352.499848407, 6263001.64307065),974352.499848407,6263001.64307065
"567",2025-02-10,"F","F7325018",TRUE,2025-04-07,"Canis lupus",FALSE,"S87-129",1,"M","XY",NA,NA,2025-02-10,2025,2,2025,"S87-129","M",c(974352.499848407, 6488001.64307065),974352.499848407,6488001.64307065
"568",2025-02-10,"F","F0425074",TRUE,2025-05-26,"Canis lupus",FALSE,"S74-009",0.864583313465118,"F","XX",NA,NA,2025-02-10,2025,2,2025,"S74-009","F",c(989352.499848407, 6343001.64307065),989352.499848407,6343001.64307065
"569",2025-02-10,"F","F3825064",TRUE,2025-04-07,"Canis lupus",FALSE,"S86-121",1,"F","XX",NA,NA,2025-02-10,2025,2,2025,"S86-121","F",c(934352.499848407, 6433001.64307065),934352.499848407,6433001.64307065
"570",2025-02-10,"F","F7325021",TRUE,2025-04-07,"Canis lupus",FALSE,"S93-066",0.927083313465118,"M","XY",NA,NA,2025-02-10,2025,2,2025,"S93-066","M",c(954352.499848407, 6483001.64307065),954352.499848407,6483001.64307065
"571",2025-02-10,"F","F7325022",TRUE,2025-05-26,"Canis lupus",FALSE,"S83-021",0.942708313465118,"M","XY",NA,NA,2025-02-10,2025,2,2025,"S83-021","M",c(949352.499848407, 6513001.64307065),949352.499848407,6513001.64307065
"572",2025-02-10,"F","F0425075",TRUE,2025-05-26,"Canis lupus",FALSE,"S94-034",0.661458313465118,"M","XY",NA,NA,2025-02-10,2025,2,2025,"S94-034","M",c(994352.499848407, 6353001.64307065),994352.499848407,6353001.64307065
"573",2025-02-10,"F","F3825057",TRUE,2025-04-07,"Canis lupus",FALSE,"S93-046",0.942708313465118,"M","XY",NA,NA,2025-02-10,2025,2,2025,"S93-046","M",c(894352.499848407, 6458001.64307065),894352.499848407,6458001.64307065
"574",2025-02-11,"F","F7325024",TRUE,2025-04-07,"Canis lupus",FALSE,"S79-069",0.526041686534882,"M","XY",NA,NA,2025-02-11,2025,2,2025,"S79-069","M",c(969352.499848407, 6513001.64307065),969352.499848407,6513001.64307065
"575",2025-02-11,"F","F7325023",TRUE,2025-04-07,"Canis lupus",FALSE,"S69-66",0.979166686534882,"M","XY",NA,NA,2025-02-11,2025,2,2025,"S69-66","M",c(964352.499848407, 6463001.64307065),964352.499848407,6463001.64307065
"576",2025-02-11,"F","F8325078",TRUE,2025-04-07,"Canis lupus",FALSE,"S93-098",0.609375,"M","XY",NA,NA,2025-02-11,2025,2,2025,"S93-098","M",c(934352.499848407, 6258001.64307065),934352.499848407,6258001.64307065
"577",2025-02-11,"F","F8325077",TRUE,2025-05-26,"Canis lupus",FALSE,"S69-29",0.515625,"M","XY",NA,NA,2025-02-11,2025,2,2025,"S69-29","M",c(934352.499848407, 6258001.64307065),934352.499848407,6258001.64307065
"578",2025-02-11,"F","F8425042",TRUE,2025-04-07,"Canis lupus",FALSE,"S93-054",0.75,"F","XX",NA,NA,2025-02-11,2025,2,2025,"S93-054","F",c(899352.499848407, 6323001.64307065),899352.499848407,6323001.64307065
"579",2025-02-11,"F","F8425043",TRUE,2025-05-26,"Canis lupus",FALSE,"S94-018",1,"M","XY",NA,NA,2025-02-11,2025,2,2025,"S94-018","M",c(899352.499848407, 6323001.64307065),899352.499848407,6323001.64307065
"580",2025-02-11,"F","F2625072",TRUE,2025-04-07,"Canis lupus",FALSE,"S84-043",0.614583313465118,"F","XX",NA,NA,2025-02-11,2025,2,2025,"S84-043","F",c(875102.499848407, 6355001.64307065),875102.499848407,6355001.64307065
"581",2025-02-11,"F","F2625057",TRUE,2025-05-26,"Canis lupus",FALSE,"S86-021",0.9375,"M","XY",NA,NA,2025-02-11,2025,2,2025,"S86-021","M",c(904352.499848407, 6348001.64307065),904352.499848407,6348001.64307065
"582",2025-02-11,"F","F2625058",TRUE,2025-04-07,"Canis lupus",FALSE,"S86-110",0.979166686534882,"F","XX",NA,NA,2025-02-11,2025,2,2025,"S86-110","F",c(910102.499848407, 6350001.64307065),910102.499848407,6350001.64307065
"583",2025-02-11,"F","F2625073",TRUE,2025-05-26,"Canis lupus",FALSE,"S84-043",0.661458313465118,"F","XX",NA,NA,2025-02-11,2025,2,2025,"S84-043","F",c(875602.499848407, 6355501.64307065),875602.499848407,6355501.64307065
"584",2025-02-11,"F","F7425100",TRUE,2025-07-07,"Canis lupus",FALSE,"S94-051",0.989583313465118,"M","XY",NA,NA,2025-02-11,2025,2,2025,"S94-051","M",c(985102.499848407, 6575001.64307065),985102.499848407,6575001.64307065
"585",2025-02-11,"F","F0425081",TRUE,2025-04-07,"Canis lupus",FALSE,"S75-031",0.979166686534882,"F","XX",NA,NA,2025-02-11,2025,2,2025,"S75-031","F",c(945102.499848407, 6375001.64307065),945102.499848407,6375001.64307065
"586",2025-02-11,"F","F0625048",TRUE,2025-05-26,"Canis lupus",FALSE,"S93-016",0.927083313465118,"F","XX",NA,NA,2025-02-11,2025,2,2025,"S93-016","F",c(1005602.49984841, 6310501.64307065),1005602.49984841,6310501.64307065
"587",2025-02-12,"F","F7325034",TRUE,2025-04-07,"Canis lupus",FALSE,"S93-067",1,"F","XX",NA,NA,2025-02-12,2025,2,2025,"S93-067","F",c(974352.499848407, 6488001.64307065),974352.499848407,6488001.64307065
"588",2025-02-12,"F","F2625068",TRUE,2025-05-26,"Canis lupus",FALSE,"S77-028",1,"F","XX",NA,NA,2025-02-12,2025,2,2025,"S77-028","F",c(899352.499848407, 6353001.64307065),899352.499848407,6353001.64307065
"589",2025-02-12,"F","F2625067",TRUE,2025-04-07,"Canis lupus",FALSE,"S86-021",0.729166686534882,"M","XY",NA,NA,2025-02-12,2025,2,2025,"S86-021","M",c(900102.499848407, 6355001.64307065),900102.499848407,6355001.64307065
"590",2025-02-12,"F","F2625066",TRUE,2025-05-26,"Canis lupus",FALSE,"S93-078",1,"F","XX",NA,NA,2025-02-12,2025,2,2025,"S93-078","F",c(904352.499848407, 6353001.64307065),904352.499848407,6353001.64307065
"591",2025-02-12,"F","F2625063",TRUE,2025-05-26,"Canis lupus",FALSE,"S77-028",0.958333313465118,"F","XX",NA,NA,2025-02-12,2025,2,2025,"S77-028","F",c(905102.499848407, 6355001.64307065),905102.499848407,6355001.64307065
"592",2025-02-12,"F","F2625062",TRUE,2025-04-07,"Canis lupus",FALSE,"S93-078",0.9375,"F","XX",NA,NA,2025-02-12,2025,2,2025,"S93-078","F",c(905102.499848407, 6355001.64307065),905102.499848407,6355001.64307065
"593",2025-02-12,"F","F2625064",TRUE,2025-04-07,"Canis lupus",FALSE,"S77-028",0.807291686534882,"F","XX",NA,NA,2025-02-12,2025,2,2025,"S77-028","F",c(905602.499848407, 6355501.64307065),905602.499848407,6355501.64307065
"594",2025-02-12,"F","F8325081",TRUE,2025-04-07,"Canis lupus",FALSE,"S69-42",0.979166686534882,"M","XY",NA,NA,2025-02-12,2025,2,2025,"S69-42","M",c(949352.499848407, 6248001.64307065),949352.499848407,6248001.64307065
"595",2025-02-12,"F","F8325084",TRUE,2025-04-07,"Canis lupus",FALSE,"S93-112",0.505208313465118,"M","XY",NA,NA,2025-02-12,2025,2,2025,"S93-112","M",c(954352.499848407, 6248001.64307065),954352.499848407,6248001.64307065
"596",2025-02-12,"F","F2625095",TRUE,2025-05-26,"Canis lupus",FALSE,"S86-025",0.895833313465118,"M","XY",NA,NA,2025-02-12,2025,2,2025,"S86-025","M",c(895102.499848407, 6420001.64307065),895102.499848407,6420001.64307065
"597",2025-02-12,"F","F8325070",TRUE,2025-04-07,"Canis lupus",FALSE,"S93-118",0.947916686534882,"M","XY",NA,NA,2025-02-12,2025,2,2025,"S93-118","M",c(959352.499848407, 6258001.64307065),959352.499848407,6258001.64307065
"598",2025-02-12,"F","F2625061",TRUE,2025-05-26,"Canis lupus",FALSE,"S77-028",0.916666686534882,"F","XX",NA,NA,2025-02-12,2025,2,2025,"S77-028","F",c(908102.499848407, 6353501.64307065),908102.499848407,6353501.64307065
"599",2025-02-12,"F","F2625080",TRUE,2025-04-07,"Canis lupus",FALSE,"S87-017",0.822916686534882,"F","XX",NA,NA,2025-02-12,2025,2,2025,"S87-017","F",c(879352.499848407, 6373001.64307065),879352.499848407,6373001.64307065
"600",2025-02-12,"F","F3825066",TRUE,2025-04-07,"Canis lupus",FALSE,"S91-030",0.682291686534882,"F","XX",NA,NA,2025-02-12,2025,2,2025,"S91-030","F",c(940602.499848407, 6475501.64307065),940602.499848407,6475501.64307065
"601",2025-02-12,"F","F2625071",TRUE,2025-04-07,"Canis lupus",FALSE,"S78-035",0.911458313465118,"F","XX",NA,NA,2025-02-12,2025,2,2025,"S78-035","F",c(850102.499848407, 6375001.64307065),850102.499848407,6375001.64307065
"602",2025-02-12,"F","F2625207",TRUE,2025-07-07,"Canis lupus",FALSE,"S95-005",0.6875,"M","XY",NA,NA,2025-02-12,2025,2,2025,"S95-005","M",c(905102.499848407, 6405001.64307065),905102.499848407,6405001.64307065
"603",2025-02-12,"F","F0525071",TRUE,2025-04-07,"Canis lupus",FALSE,"S79-044",0.989583313465118,"F","XX",NA,NA,2025-02-12,2025,2,2025,"S79-044","F",c(975102.499848407, 6380001.64307065),975102.499848407,6380001.64307065
"604",2025-02-12,"F","F2625081",TRUE,2025-07-07,"Canis lupus",FALSE,"S87-033",0.916666686534882,"M","XY",NA,NA,2025-02-12,2025,2,2025,"S87-033","M",c(879352.499848407, 6373001.64307065),879352.499848407,6373001.64307065
"605",2025-02-12,"F","F2625070",TRUE,2025-04-07,"Canis lupus",FALSE,"S93-117",0.864583313465118,"M","XY",NA,NA,2025-02-12,2025,2,2025,"S93-117","M",c(894352.499848407, 6348001.64307065),894352.499848407,6348001.64307065
"606",2025-02-13,"F","F0625086",TRUE,2025-04-07,"Canis lupus",FALSE,"S93-038",0.604166686534882,"M","XY",NA,NA,2025-02-13,2025,2,2025,"S93-038","M",c(1034352.49984841, 6323001.64307065),1034352.49984841,6323001.64307065
"607",2025-02-13,"F","F1325048",TRUE,2025-05-26,"Canis lupus",FALSE,"S94-076",0.963541686534882,"F","XX",NA,NA,2025-02-13,2025,2,2025,"S94-076","F",c(919352.499848407, 6273001.64307065),919352.499848407,6273001.64307065
"608",2025-02-13,"F","F0525075",TRUE,2025-05-26,"Canis lupus",FALSE,"S94-013",0.515625,"M","XY",NA,NA,2025-02-13,2025,2,2025,"S94-013","M",c(920102.499848407, 6360001.64307065),920102.499848407,6360001.64307065
"609",2025-02-13,"F","F1325051",TRUE,2025-05-26,"Canis lupus",FALSE,"S94-068",0.71875,"M","XY",NA,NA,2025-02-13,2025,2,2025,"S94-068","M",c(914352.499848407, 6273001.64307065),914352.499848407,6273001.64307065
"610",2025-02-13,"F","F1325050",TRUE,2025-07-07,"Canis lupus",FALSE,"S95-060",0.640625,"F","XX",NA,NA,2025-02-13,2025,2,2025,"S95-060","F",c(919352.499848407, 6273001.64307065),919352.499848407,6273001.64307065
"611",2025-02-13,"F","F1325045",TRUE,2025-05-26,"Canis lupus",FALSE,"S94-077",0.875,"F","XX",NA,NA,2025-02-13,2025,2,2025,"S94-077","F",c(914352.499848407, 6273001.64307065),914352.499848407,6273001.64307065
"612",2025-02-13,"F","F0525072",TRUE,2025-05-26,"Canis lupus",FALSE,"S94-013",0.869791686534882,"M","XY",NA,NA,2025-02-13,2025,2,2025,"S94-013","M",c(920602.499848407, 6360501.64307065),920602.499848407,6360501.64307065
"613",2025-02-13,"F","F2525004",TRUE,2025-05-26,"Canis lupus",FALSE,"S81-129",1,"F","XX",NA,NA,2025-02-13,2025,2,2025,"S81-129","F",c(954352.499848407, 6638001.64307065),954352.499848407,6638001.64307065
"614",2025-02-13,"F","F2525005",TRUE,2025-05-26,"Canis lupus",FALSE,"S94-007",1,"M","XY",NA,NA,2025-02-13,2025,2,2025,"S94-007","M",c(954352.499848407, 6638001.64307065),954352.499848407,6638001.64307065
"615",2025-02-13,"F","F1325044",TRUE,2025-04-07,"Canis lupus",FALSE,"S93-062",0.895833313465118,"F","XX",NA,NA,2025-02-13,2025,2,2025,"S93-062","F",c(864352.499848407, 6293001.64307065),864352.499848407,6293001.64307065
"616",2025-02-13,"F","F0625055",TRUE,2025-07-07,"Canis lupus",FALSE,"S63-01",0.958333313465118,"F","XX",NA,NA,2025-02-13,2025,2,2025,"S63-01","F",c(1005102.49984841, 6350001.64307065),1005102.49984841,6350001.64307065
"617",2025-02-13,"F","F0625052",TRUE,2025-07-07,"Canis lupus",FALSE,"S82-082",0.723958313465118,"NI","XY",NA,NA,2025-02-13,2025,2,2025,"S82-082","NI",c(1005602.49984841, 6315501.64307065),1005602.49984841,6315501.64307065
"618",2025-02-13,"F","F0625053",TRUE,2025-05-26,"Canis lupus",FALSE,"S82-082",0.609375,"NI","NA",NA,NA,2025-02-13,2025,2,2025,"S82-082","NI",c(1008102.49984841, 6313501.64307065),1008102.49984841,6313501.64307065
"619",2025-02-13,"F","F2525003",TRUE,2025-05-26,"Canis lupus",FALSE,"S94-007",1,"M","XY",NA,NA,2025-02-13,2025,2,2025,"S94-007","M",c(955102.499848407, 6640001.64307065),955102.499848407,6640001.64307065
"620",2025-02-13,"F","F3825067",TRUE,2025-05-26,"Canis lupus",FALSE,"S88-002",0.71875,"F","XX",NA,NA,2025-02-13,2025,2,2025,"S88-002","F",c(925602.499848407, 6435501.64307065),925602.499848407,6435501.64307065
"621",2025-02-13,"F","F2625230",TRUE,2025-05-26,"Canis lupus",FALSE,"S92-095",0.838541686534882,"M","XY",NA,NA,2025-02-13,2025,2,2025,"S92-095","M",c(870102.499848407, 6395001.64307065),870102.499848407,6395001.64307065
"622",2025-02-13,"F","F0425094",TRUE,2025-05-26,"Canis lupus",FALSE,"S92-066",0.807291686534882,"M","XY",NA,NA,2025-02-13,2025,2,2025,"S92-066","M",c(938102.499848407, 6318501.64307065),938102.499848407,6318501.64307065
"623",2025-02-13,"F","F0425092",TRUE,2025-05-26,"Canis lupus",FALSE,"S92-066",0.630208313465118,"M","XX",NA,NA,2025-02-13,2025,2,2025,"S92-066","M",c(940852.499848407, 6318751.64307065),940852.499848407,6318751.64307065
"624",2025-02-13,"F","F8425045",TRUE,2025-05-26,"Canis lupus",FALSE,"S81-109",0.916666686534882,"M","XY",NA,NA,2025-02-13,2025,2,2025,"S81-109","M",c(879352.499848407, 6343001.64307065),879352.499848407,6343001.64307065
"625",2025-02-13,"F","F0425085",TRUE,2025-04-07,"Canis lupus",FALSE,"S89-019",0.75,"F","XX",NA,NA,2025-02-13,2025,2,2025,"S89-019","F",c(1004352.49984841, 6318001.64307065),1004352.49984841,6318001.64307065
"626",2025-02-13,"F","F0425090",TRUE,2025-05-26,"Canis lupus",FALSE,"S87-109",0.875,"M","XY",NA,NA,2025-02-13,2025,2,2025,"S87-109","M",c(929352.499848407, 6338001.64307065),929352.499848407,6338001.64307065
"627",2025-02-13,"F","F3825070",TRUE,2025-05-26,"Canis lupus",FALSE,"S73-070",0.75,"M","XY",NA,NA,2025-02-13,2025,2,2025,"S73-070","M",c(938102.499848407, 6433501.64307065),938102.499848407,6433501.64307065
"628",2025-02-13,"F","F2625091",TRUE,2025-05-26,"Canis lupus",FALSE,"S92-120",0.84375,"F","XX",NA,NA,2025-02-13,2025,2,2025,"S92-120","F",c(875102.499848407, 6415001.64307065),875102.499848407,6415001.64307065
"629",2025-02-13,"F","F2625090",TRUE,2025-04-07,"Canis lupus",FALSE,"S88-089",0.864583313465118,"M","XY",NA,NA,2025-02-13,2025,2,2025,"S88-089","M",c(875602.499848407, 6415501.64307065),875602.499848407,6415501.64307065
"630",2025-02-13,"F","F7325025",TRUE,2025-04-07,"Canis lupus",FALSE,"S70-092",0.958333313465118,"F","XX",NA,NA,2025-02-13,2025,2,2025,"S70-092","F",c(970102.499848407, 6495001.64307065),970102.499848407,6495001.64307065
"631",2025-02-13,"F","F0425084",TRUE,2025-04-07,"Canis lupus",FALSE,"S89-019",0.927083313465118,"F","XX",NA,NA,2025-02-13,2025,2,2025,"S89-019","F",c(1000102.49984841, 6315001.64307065),1000102.49984841,6315001.64307065
"632",2025-02-13,"F","F0425088",TRUE,2025-05-26,"Canis lupus",FALSE,"S87-044",0.869791686534882,"M","XY",NA,NA,2025-02-13,2025,2,2025,"S87-044","M",c(1000102.49984841, 6374751.64307065),1000102.49984841,6374751.64307065
"633",2025-02-13,"F","F2625086",TRUE,2025-05-26,"Canis lupus",FALSE,"S89-031",0.520833313465118,"F","XX",NA,NA,2025-02-13,2025,2,2025,"S89-031","F",c(889352.499848407, 6348001.64307065),889352.499848407,6348001.64307065
"634",2025-02-14,"F","F0425095",TRUE,2025-05-26,"Canis lupus",FALSE,"S93-041",0.9375,"M","XY",NA,NA,2025-02-14,2025,2,2025,"S93-041","M",c(985102.499848407, 6360001.64307065),985102.499848407,6360001.64307065
"635",2025-02-14,"F","F3825071",TRUE,2025-05-26,"Canis lupus",FALSE,"S86-089",0.791666686534882,"F","XX",NA,NA,2025-02-14,2025,2,2025,"S86-089","F",c(944352.499848407, 6478001.64307065),944352.499848407,6478001.64307065
"636",2025-02-14,"F","F3825086",TRUE,2025-05-26,"Canis lupus",FALSE,"S94-039",0.927083313465118,"F","XX",NA,NA,2025-02-14,2025,2,2025,"S94-039","F",c(924352.499848407, 6413001.64307065),924352.499848407,6413001.64307065
"637",2025-02-14,"F","F0625057",TRUE,2025-07-07,"Canis lupus",FALSE,"S63-01",1,"F","XX",NA,NA,2025-02-14,2025,2,2025,"S63-01","F",c(1005602.49984841, 6345501.64307065),1005602.49984841,6345501.64307065
"638",2025-02-14,"F","F7425016",TRUE,2025-05-26,"Canis lupus",FALSE,"S92-007",1,"M","XY",NA,NA,2025-02-14,2025,2,2025,"S92-007","M",c(985602.499848407, 6585501.64307065),985602.499848407,6585501.64307065
"639",2025-02-14,"F","F7425017",TRUE,2025-07-07,"Canis lupus",FALSE,"S68-19",1,"F","XX",NA,NA,2025-02-14,2025,2,2025,"S68-19","F",c(984352.499848407, 6583001.64307065),984352.499848407,6583001.64307065
"640",2025-02-14,"F","F0525089",TRUE,2025-04-07,"Canis lupus",FALSE,"S88-005",0.958333313465118,"F","XX",NA,NA,2025-02-14,2025,2,2025,"S88-005","F",c(954352.499848407, 6403001.64307065),954352.499848407,6403001.64307065
"641",2025-02-14,"F","F0625068",TRUE,2025-07-07,"Canis lupus",FALSE,"S95-001",0.973958313465118,"M","XY",NA,NA,2025-02-14,2025,2,2025,"S95-001","M",c(1005102.49984841, 6360001.64307065),1005102.49984841,6360001.64307065
"642",2025-02-14,"F","F0525081",TRUE,2025-04-07,"Canis lupus",FALSE,"S86-030",0.598958313465118,"NI","NA",NA,NA,2025-02-14,2025,2,2025,"S86-030","NI",c(950102.499848407, 6405001.64307065),950102.499848407,6405001.64307065
"643",2025-02-14,"F","F0525078",TRUE,2025-04-07,"Canis lupus",FALSE,"S93-053",0.875,"F","XX",NA,NA,2025-02-14,2025,2,2025,"S93-053","F",c(994352.499848407, 6408001.64307065),994352.499848407,6408001.64307065
"644",2025-02-15,"P","P7425002",TRUE,2025-07-07,"Canis lupus",FALSE,"S95-071",0.75,"M","XY",NA,NA,2025-02-15,2025,2,2025,"S95-071","M",c(989352.499848407, 6543001.64307065),989352.499848407,6543001.64307065
"645",2025-02-16,"F","F0625058",TRUE,2025-05-26,"Canis lupus",FALSE,"S94-049",0.958333313465118,"M","XY",NA,NA,2025-02-16,2025,2,2025,"S94-049","M",c(1039352.49984841, 6343001.64307065),1039352.49984841,6343001.64307065
"646",2025-02-16,"F","F0525082",TRUE,2025-05-26,"Canis lupus",FALSE,"S92-001",0.989583313465118,"M","XY",NA,NA,2025-02-16,2025,2,2025,"S92-001","M",c(955602.499848407, 6395501.64307065),955602.499848407,6395501.64307065
"647",2025-02-16,"U","U3825018",TRUE,2025-07-07,"Canis lupus",FALSE,"S58-61",0.770833313465118,"M","XY",NA,NA,2025-02-16,2025,2,2025,"S58-61","M",c(904352.499848407, 6408001.64307065),904352.499848407,6408001.64307065
"648",2025-02-16,"F","F0625059",TRUE,2025-04-07,"Canis lupus",FALSE,"S93-039",0.958333313465118,"M","XY",NA,NA,2025-02-16,2025,2,2025,"S93-039","M",c(1039352.49984841, 6343001.64307065),1039352.49984841,6343001.64307065
"649",2025-02-17,"F","F3825082",TRUE,2025-07-07,"Canis lupus",FALSE,"S58-61",0.541666686534882,"M","XY",NA,NA,2025-02-17,2025,2,2025,"S58-61","M",c(904352.499848407, 6408001.64307065),904352.499848407,6408001.64307065
"650",2025-02-17,"U","U3825017",TRUE,2025-07-07,"Canis lupus",FALSE,"S58-61",0.598958313465118,"M","XY",NA,NA,2025-02-17,2025,2,2025,"S58-61","M",c(904352.499848407, 6408001.64307065),904352.499848407,6408001.64307065
"651",2025-02-17,"F","F7325028",TRUE,2025-05-26,"Canis lupus",FALSE,"S72-049",1,"M","XY",NA,NA,2025-02-17,2025,2,2025,"S72-049","M",c(1004352.49984841, 6503001.64307065),1004352.49984841,6503001.64307065
"652",2025-02-17,"F","F0425098",TRUE,2025-05-26,"Canis lupus",FALSE,"S82-025",1,"F","XX",NA,NA,2025-02-17,2025,2,2025,"S82-025","F",c(935102.499848407, 6320001.64307065),935102.499848407,6320001.64307065
"653",2025-02-17,"F","F0425104",TRUE,2025-05-26,"Canis lupus",FALSE,"S94-042",0.9375,"F","XX",NA,NA,2025-02-17,2025,2,2025,"S94-042","F",c(1004352.49984841, 6393001.64307065),1004352.49984841,6393001.64307065
"654",2025-02-17,"F","F0425103",TRUE,2025-05-26,"Canis lupus",FALSE,"S94-033",0.9375,"M","XY",NA,NA,2025-02-17,2025,2,2025,"S94-033","M",c(1004352.49984841, 6398001.64307065),1004352.49984841,6398001.64307065
"655",2025-02-17,"F","F0425108",TRUE,2025-05-26,"Canis lupus",FALSE,"S93-110",0.609375,"M","XY",NA,NA,2025-02-17,2025,2,2025,"S93-110","M",c(919352.499848407, 6343001.64307065),919352.499848407,6343001.64307065
"656",2025-02-17,"F","F0425101",TRUE,2025-05-26,"Canis lupus",FALSE,"S85-034",0.71875,"M","XY",NA,NA,2025-02-17,2025,2,2025,"S85-034","M",c(964352.499848407, 6303001.64307065),964352.499848407,6303001.64307065
"657",2025-02-17,"F","F0425100",TRUE,2025-04-07,"Canis lupus",FALSE,"S93-083",0.979166686534882,"M","XY",NA,NA,2025-02-17,2025,2,2025,"S93-083","M",c(959352.499848407, 6308001.64307065),959352.499848407,6308001.64307065
"658",2025-02-17,"F","F0425105",TRUE,2025-05-26,"Canis lupus",FALSE,"S94-004",0.786458313465118,"M","XY",NA,NA,2025-02-17,2025,2,2025,"S94-004","M",c(979352.499848407, 6368001.64307065),979352.499848407,6368001.64307065
"659",2025-02-17,"F","F0425114",TRUE,2025-04-07,"Canis lupus",FALSE,"S93-109",1,"M","XY",NA,NA,2025-02-17,2025,2,2025,"S93-109","M",c(914352.499848407, 6328001.64307065),914352.499848407,6328001.64307065
"660",2025-02-17,"F","F0425115",TRUE,2025-05-26,"Canis lupus",FALSE,"S81-006",0.880208313465118,"M","XY",NA,NA,2025-02-17,2025,2,2025,"S81-006","M",c(909352.499848407, 6328001.64307065),909352.499848407,6328001.64307065
"661",2025-02-17,"F","F0525088",TRUE,2025-07-07,"Canis lupus",FALSE,"S93-100",0.901041686534882,"M","XY",NA,NA,2025-02-17,2025,2,2025,"S93-100","M",c(974352.499848407, 6383001.64307065),974352.499848407,6383001.64307065
"662",2025-02-17,"F","F0525087",TRUE,2025-04-07,"Canis lupus",FALSE,"S93-014",0.90625,"M","XY",NA,NA,2025-02-17,2025,2,2025,"S93-014","M",c(975102.499848407, 6380001.64307065),975102.499848407,6380001.64307065
"663",2025-02-17,"F","F0525085",TRUE,2025-04-07,"Canis lupus",FALSE,"S93-100",0.958333313465118,"M","XY",NA,NA,2025-02-17,2025,2,2025,"S93-100","M",c(974352.499848407, 6383001.64307065),974352.499848407,6383001.64307065
"664",2025-02-17,"F","F0525083",TRUE,2025-04-07,"Canis lupus",FALSE,"S88-005",0.90625,"F","XX",NA,NA,2025-02-17,2025,2,2025,"S88-005","F",c(955102.499848407, 6410001.64307065),955102.499848407,6410001.64307065
"665",2025-02-17,"F","F2625094",TRUE,2025-04-07,"Canis lupus",FALSE,"S54-49",0.833333313465118,"F","XX",NA,NA,2025-02-17,2025,2,2025,"S54-49","F",c(890102.499848407, 6390001.64307065),890102.499848407,6390001.64307065
"666",2025-02-18,"F","F0525092",TRUE,2025-04-07,"Canis lupus",FALSE,"S93-012",0.947916686534882,"M","XY",NA,NA,2025-02-18,2025,2,2025,"S93-012","M",c(965102.499848407, 6405001.64307065),965102.499848407,6405001.64307065
"667",2025-02-18,"F","F0525091",TRUE,2025-04-07,"Canis lupus",FALSE,"S93-103",0.895833313465118,"F","XX",NA,NA,2025-02-18,2025,2,2025,"S93-103","F",c(954352.499848407, 6408001.64307065),954352.499848407,6408001.64307065
"668",2025-02-18,"F","F7425019",TRUE,2025-05-26,"Canis lupus",FALSE,"S94-025",0.848958313465118,"F","XX",NA,NA,2025-02-18,2025,2,2025,"S94-025","F",c(989352.499848407, 6533001.64307065),989352.499848407,6533001.64307065
"669",2025-02-18,"F","F8325093",TRUE,2025-07-07,"Canis lupus",FALSE,"S82-028",0.979166686534882,"F","XX",NA,NA,2025-02-18,2025,2,2025,"S82-028","F",c(985102.499848407, 6300001.64307065),985102.499848407,6300001.64307065
"670",2025-02-18,"U","U7425004",TRUE,2025-07-07,"Canis lupus",FALSE,"S95-004",1,"M","XY",NA,NA,2025-02-18,2025,2,2025,"S95-004","M",c(974352.499848407, 6568001.64307065),974352.499848407,6568001.64307065
"671",2025-02-18,"F","F7425020",TRUE,2025-05-26,"Canis lupus",FALSE,"S88-009",0.53125,"M","XY",NA,NA,2025-02-18,2025,2,2025,"S88-009","M",c(989352.499848407, 6533001.64307065),989352.499848407,6533001.64307065
"672",2025-02-18,"F","F2625102",TRUE,2025-05-26,"Canis lupus",FALSE,"S94-054",1,"F","XX",NA,NA,2025-02-18,2025,2,2025,"S94-054","F",c(899352.499848407, 6383001.64307065),899352.499848407,6383001.64307065
"673",2025-02-18,"F","F0525093",TRUE,2025-05-26,"Canis lupus",FALSE,"S94-030",1,"M","XY",NA,NA,2025-02-18,2025,2,2025,"S94-030","M",c(954352.499848407, 6408001.64307065),954352.499848407,6408001.64307065
"674",2025-02-18,"F","F7425096",TRUE,2025-05-26,"Canis lupus",FALSE,"S94-011",0.989583313465118,"M","XY",NA,NA,2025-02-18,2025,2,2025,"S94-011","M",c(1004352.49984841, 6548001.64307065),1004352.49984841,6548001.64307065
"675",2025-02-18,"F","F3925025",TRUE,2025-05-26,"Canis lupus",FALSE,"S92-091",1,"F","XX",NA,NA,2025-02-18,2025,2,2025,"S92-091","F",c(935602.499848407, 6605501.64307065),935602.499848407,6605501.64307065
"676",2025-02-18,"F","F3825072",TRUE,2025-04-07,"Canis lupus",FALSE,"S88-002",0.828125,"F","XX",NA,NA,2025-02-18,2025,2,2025,"S88-002","F",c(928102.499848407, 6433501.64307065),928102.499848407,6433501.64307065
"677",2025-02-18,"F","F2625101",TRUE,2025-04-07,"Canis lupus",FALSE,"S93-077",0.786458313465118,"M","XY",NA,NA,2025-02-18,2025,2,2025,"S93-077","M",c(899352.499848407, 6383001.64307065),899352.499848407,6383001.64307065
"678",2025-02-18,"F","F0625060",TRUE,2025-04-07,"Canis lupus",FALSE,"S93-037",0.994791686534882,"F","XX",NA,NA,2025-02-18,2025,2,2025,"S93-037","F",c(1024352.49984841, 6308001.64307065),1024352.49984841,6308001.64307065
"679",2025-02-18,"F","F2625098",TRUE,2025-04-07,"Canis lupus",FALSE,"S93-019",1,"M","XY",NA,NA,2025-02-18,2025,2,2025,"S93-019","M",c(894352.499848407, 6383001.64307065),894352.499848407,6383001.64307065
"680",2025-02-19,"F","F0525094",TRUE,2025-04-07,"Canis lupus",FALSE,"S93-087",0.822916686534882,"M","XY",NA,NA,2025-02-19,2025,2,2025,"S93-087","M",c(944352.499848407, 6383001.64307065),944352.499848407,6383001.64307065
"681",2025-02-19,"F","F2625104",TRUE,2025-04-07,"Canis lupus",FALSE,"S93-023",0.723958313465118,"F","XX",NA,NA,2025-02-19,2025,2,2025,"S93-023","F",c(875102.499848407, 6385001.64307065),875102.499848407,6385001.64307065
"682",2025-02-19,"F","F2625106",TRUE,2025-04-07,"Canis lupus",FALSE,"S93-072",0.588541686534882,"M","XY",NA,NA,2025-02-19,2025,2,2025,"S93-072","M",c(874352.499848407, 6393001.64307065),874352.499848407,6393001.64307065
"683",2025-02-19,"F","F2625108",TRUE,2025-04-07,"Canis lupus",FALSE,"S93-018",0.697916686534882,"F","XX",NA,NA,2025-02-19,2025,2,2025,"S93-018","F",c(875102.499848407, 6395001.64307065),875102.499848407,6395001.64307065
"684",2025-02-19,"F","F2625159",TRUE,2025-04-07,"Canis lupus",FALSE,"S93-008",0.989583313465118,"M","XY",NA,NA,2025-02-19,2025,2,2025,"S93-008","M",c(879352.499848407, 6378001.64307065),879352.499848407,6378001.64307065
"685",2025-02-19,"F","F2625160",TRUE,2025-04-07,"Canis lupus",FALSE,"S93-008",0.911458313465118,"M","XY",NA,NA,2025-02-19,2025,2,2025,"S93-008","M",c(880102.499848407, 6375001.64307065),880102.499848407,6375001.64307065
"686",2025-02-19,"F","F2625140",TRUE,2025-04-07,"Canis lupus",FALSE,"S93-021",0.713541686534882,"F","XY",NA,NA,2025-02-19,2025,2,2025,"S93-021","F",c(914352.499848407, 6403001.64307065),914352.499848407,6403001.64307065
"687",2025-02-19,"F","F7425040",TRUE,2025-07-07,"Canis lupus",FALSE,"S95-023",0.953125,"F","XX",NA,NA,2025-02-19,2025,2,2025,"S95-023","F",c(959352.499848407, 6523001.64307065),959352.499848407,6523001.64307065
"688",2025-02-19,"F","F1325059",TRUE,2025-05-26,"Canis lupus",FALSE,"S78-002",0.989583313465118,"F","XX",NA,NA,2025-02-19,2025,2,2025,"S78-002","F",c(923102.499848407, 6273501.64307065),923102.499848407,6273501.64307065
"689",2025-02-19,"F","F0525098",TRUE,2025-04-07,"Canis lupus",FALSE,"S79-044",0.9375,"F","XX",NA,NA,2025-02-19,2025,2,2025,"S79-044","F",c(970602.499848407, 6385501.64307065),970602.499848407,6385501.64307065
"690",2025-02-19,"F","F1325056",TRUE,2025-04-07,"Canis lupus",FALSE,"S88-023",0.515625,"F","XX",NA,NA,2025-02-19,2025,2,2025,"S88-023","F",c(898102.499848407, 6258501.64307065),898102.499848407,6258501.64307065
"691",2025-02-19,"F","F0525097",TRUE,2025-05-26,"Canis lupus",FALSE,"S65-35",1,"M","XY",NA,NA,2025-02-19,2025,2,2025,"S65-35","M",c(948102.499848407, 6408501.64307065),948102.499848407,6408501.64307065
"692",2025-02-19,"F","F8425048",TRUE,2025-04-07,"Canis lupus",FALSE,"S93-093",0.958333313465118,"F","XX",NA,NA,2025-02-19,2025,2,2025,"S93-093","F",c(904352.499848407, 6313001.64307065),904352.499848407,6313001.64307065
"693",2025-02-20,"F","F0625063",TRUE,2025-07-07,"Canis lupus",FALSE,"S92-011",1,"F","XX",NA,NA,2025-02-20,2025,2,2025,"S92-011","F",c(1075602.49984841, 6340501.64307065),1075602.49984841,6340501.64307065
"694",2025-02-20,"F","F7425097",TRUE,2025-05-26,"Canis lupus",FALSE,"S88-104",0.614583313465118,"M","XY",NA,NA,2025-02-20,2025,2,2025,"S88-104","M",c(995102.499848407, 6545001.64307065),995102.499848407,6545001.64307065
"695",2025-02-20,"F","F0425117",TRUE,2025-04-07,"Canis lupus",FALSE,"S93-013",0.619791686534882,"F","XX",NA,NA,2025-02-20,2025,2,2025,"S93-013","F",c(969352.499848407, 6383001.64307065),969352.499848407,6383001.64307065
"696",2025-02-20,"F","F8325097",TRUE,2025-04-07,"Canis lupus",FALSE,"S78-005",0.96875,"F","XX",NA,NA,2025-02-20,2025,2,2025,"S78-005","F",c(980102.499848407, 6240001.64307065),980102.499848407,6240001.64307065
"697",2025-02-20,"F","F0425121",TRUE,2025-07-07,"Canis lupus",FALSE,"S87-044",1,"M","XY",NA,NA,2025-02-20,2025,2,2025,"S87-044","M",c(995102.499848407, 6363251.64307065),995102.499848407,6363251.64307065
"698",2025-02-20,"F","F1325057",TRUE,2025-05-26,"Canis lupus",FALSE,"S94-048",1,"F","XX",NA,NA,2025-02-20,2025,2,2025,"S94-048","F",c(914352.499848407, 6243001.64307065),914352.499848407,6243001.64307065
"699",2025-02-20,"F","F0425122",TRUE,2025-05-26,"Canis lupus",FALSE,"S94-006",0.833333313465118,"F","XX",NA,NA,2025-02-20,2025,2,2025,"S94-006","F",c(994352.499848407, 6363001.64307065),994352.499848407,6363001.64307065
"700",2025-02-20,"F","F7425021",TRUE,2025-04-07,"Canis lupus",FALSE,"S87-085",0.994791686534882,"M","XY",NA,NA,2025-02-20,2025,2,2025,"S87-085","M",c(985102.499848407, 6590001.64307065),985102.499848407,6590001.64307065
"701",2025-02-20,"F","F3825092",TRUE,2025-04-07,"Canis lupus",FALSE,"S93-005",0.786458313465118,"M","XY",NA,NA,2025-02-20,2025,2,2025,"S93-005","M",c(910602.499848407, 6470501.64307065),910602.499848407,6470501.64307065
"702",2025-02-20,"F","F0625064",TRUE,2025-07-07,"Canis lupus",FALSE,"S92-011",0.802083313465118,"F","XX",NA,NA,2025-02-20,2025,2,2025,"S92-011","F",c(1078102.49984841, 6338501.64307065),1078102.49984841,6338501.64307065
"703",2025-02-20,"F","F0425118",TRUE,2025-05-26,"Canis lupus",FALSE,"S94-063",0.864583313465118,"F","XX",NA,NA,2025-02-20,2025,2,2025,"S94-063","F",c(904352.499848407, 6323001.64307065),904352.499848407,6323001.64307065
"704",2025-02-20,"F","F0625065",TRUE,2025-07-07,"Canis lupus",FALSE,"S92-011",0.869791686534882,"F","XX",NA,NA,2025-02-20,2025,2,2025,"S92-011","F",c(1075852.49984841, 6338751.64307065),1075852.49984841,6338751.64307065
"705",2025-02-20,"F","F8425049",TRUE,2025-05-26,"Canis lupus",FALSE,"S94-018",0.791666686534882,"M","XY",NA,NA,2025-02-20,2025,2,2025,"S94-018","M",c(900102.499848407, 6320001.64307065),900102.499848407,6320001.64307065
"706",2025-02-20,"F","F2625117",TRUE,2025-05-26,"Canis lupus",FALSE,"S94-053",0.916666686534882,"F","XX",NA,NA,2025-02-20,2025,2,2025,"S94-053","F",c(894352.499848407, 6383001.64307065),894352.499848407,6383001.64307065
"707",2025-02-20,"F","F2625116",TRUE,2025-04-07,"Canis lupus",FALSE,"S93-019",0.802083313465118,"M","XY",NA,NA,2025-02-20,2025,2,2025,"S93-019","M",c(895102.499848407, 6385001.64307065),895102.499848407,6385001.64307065
"708",2025-02-20,"F","F2625114",TRUE,2025-04-07,"Canis lupus",FALSE,"S93-074",0.942708313465118,"F","XX",NA,NA,2025-02-20,2025,2,2025,"S93-074","F",c(894352.499848407, 6388001.64307065),894352.499848407,6388001.64307065
"709",2025-02-20,"F","F2625113",TRUE,2025-05-26,"Canis lupus",FALSE,"S55-05",0.625,"M","XY",NA,NA,2025-02-20,2025,2,2025,"S55-05","M",c(894352.499848407, 6388001.64307065),894352.499848407,6388001.64307065
"710",2025-02-20,"F","F2625110",TRUE,2025-04-07,"Canis lupus",FALSE,"S87-033",0.6875,"M","XY",NA,NA,2025-02-20,2025,2,2025,"S87-033","M",c(890102.499848407, 6375001.64307065),890102.499848407,6375001.64307065
"711",2025-02-21,"F","F0425124",TRUE,2025-07-07,"Canis lupus",FALSE,"S95-025",0.958333313465118,"F","XX",NA,NA,2025-02-21,2025,2,2025,"S95-025","F",c(984352.499848407, 6363001.64307065),984352.499848407,6363001.64307065
"712",2025-02-21,"F","F0525162",TRUE,2025-05-26,"Canis lupus",FALSE,"S72-023",0.947916686534882,"M","XY",NA,NA,2025-02-21,2025,2,2025,"S72-023","M",c(949352.499848407, 6413001.64307065),949352.499848407,6413001.64307065
"713",2025-02-21,"F","F0425133",TRUE,2025-05-26,"Canis lupus",FALSE,"S94-004",0.859375,"M","XY",NA,NA,2025-02-21,2025,2,2025,"S94-004","M",c(985102.499848407, 6370001.64307065),985102.499848407,6370001.64307065
"714",2025-02-21,"F","F0425129",TRUE,2025-05-26,"Canis lupus",FALSE,"S94-041",0.90625,"M","XY",NA,NA,2025-02-21,2025,2,2025,"S94-041","M",c(999352.499848407, 6373001.64307065),999352.499848407,6373001.64307065
"715",2025-02-21,"F","F0425127",TRUE,2025-05-26,"Canis lupus",FALSE,"S94-006",0.90625,"F","XX",NA,NA,2025-02-21,2025,2,2025,"S94-006","F",c(1005102.49984841, 6375001.64307065),1005102.49984841,6375001.64307065
"716",2025-02-21,"F","F0425125",TRUE,2025-05-26,"Canis lupus",FALSE,"S87-043",1,"F","XX",NA,NA,2025-02-21,2025,2,2025,"S87-043","F",c(984352.499848407, 6363001.64307065),984352.499848407,6363001.64307065
"717",2025-02-21,"F","F3825095",TRUE,2025-05-26,"Canis lupus",FALSE,"S93-022",0.90625,"M","XY",NA,NA,2025-02-21,2025,2,2025,"S93-022","M",c(925102.499848407, 6480001.64307065),925102.499848407,6480001.64307065
"718",2025-02-21,"F","F0425123",TRUE,2025-05-26,"Canis lupus",FALSE,"S93-061",0.994791686534882,"M","XY",NA,NA,2025-02-21,2025,2,2025,"S93-061","M",c(985102.499848407, 6375001.64307065),985102.499848407,6375001.64307065
"719",2025-02-21,"F","F8325101",TRUE,2025-05-26,"Canis lupus",FALSE,"S82-062",0.640625,"F","XY",NA,NA,2025-02-21,2025,2,2025,"S82-062","F",c(954352.499848407, 6238001.64307065),954352.499848407,6238001.64307065
"720",2025-02-21,"F","F8325100",TRUE,2025-04-07,"Canis lupus",FALSE,"S93-075",0.916666686534882,"M","XY",NA,NA,2025-02-21,2025,2,2025,"S93-075","M",c(954352.499848407, 6238001.64307065),954352.499848407,6238001.64307065
"721",2025-02-21,"F","F8325099",TRUE,2025-04-07,"Canis lupus",FALSE,"S93-094",0.59375,"M","XY",NA,NA,2025-02-21,2025,2,2025,"S93-094","M",c(944352.499848407, 6228001.64307065),944352.499848407,6228001.64307065
"722",2025-02-21,"F","F8325098",TRUE,2025-04-07,"Canis lupus",FALSE,"S93-095",0.760416686534882,"M","XY",NA,NA,2025-02-21,2025,2,2025,"S93-095","M",c(954352.499848407, 6228001.64307065),954352.499848407,6228001.64307065
"723",2025-02-21,"F","F7425023",TRUE,2025-05-26,"Canis lupus",FALSE,"S92-131",0.958333313465118,"M","XY",NA,NA,2025-02-21,2025,2,2025,"S92-131","M",c(980102.499848407, 6530001.64307065),980102.499848407,6530001.64307065
"724",2025-02-21,"F","F7425024",TRUE,2025-05-26,"Canis lupus",FALSE,"S94-014",0.864583313465118,"F","XX",NA,NA,2025-02-21,2025,2,2025,"S94-014","F",c(979352.499848407, 6528001.64307065),979352.499848407,6528001.64307065
"725",2025-02-21,"F","F0425126",TRUE,2025-05-26,"Canis lupus",FALSE,"S79-006",1,"M","XY",NA,NA,2025-02-21,2025,2,2025,"S79-006","M",c(984352.499848407, 6363001.64307065),984352.499848407,6363001.64307065
"726",2025-02-22,"F","F0525104",TRUE,2025-05-26,"Canis lupus",FALSE,"S89-014",0.677083313465118,"M","XY",NA,NA,2025-02-22,2025,2,2025,"S89-014","M",c(955102.499848407, 6400001.64307065),955102.499848407,6400001.64307065
"727",2025-02-22,"F","F0525105",TRUE,2025-04-07,"Canis lupus",FALSE,"S93-012",1,"M","XY",NA,NA,2025-02-22,2025,2,2025,"S93-012","M",c(955602.499848407, 6400501.64307065),955602.499848407,6400501.64307065
"728",2025-02-22,"F","F2525007",TRUE,2025-05-26,"Canis lupus",FALSE,"S94-036",0.989583313465118,"F","XX",NA,NA,2025-02-22,2025,2,2025,"S94-036","F",c(939352.499848407, 6623001.64307065),939352.499848407,6623001.64307065
"729",2025-02-23,"F","F0425130",TRUE,2025-04-07,"Canis lupus",FALSE,"S93-029",0.692708313465118,"M","XY",NA,NA,2025-02-23,2025,2,2025,"S93-029","M",c(944352.499848407, 6298001.64307065),944352.499848407,6298001.64307065
"730",2025-02-23,"F","F3825128",TRUE,2025-07-07,"Canis lupus",FALSE,"S75-044",0.979166686534882,"M","XY",NA,NA,2025-02-23,2025,2,2025,"S75-044","M",c(899352.499848407, 6443001.64307065),899352.499848407,6443001.64307065
"731",2025-02-23,"F","F0425131",TRUE,2025-04-07,"Canis lupus",FALSE,"S92-109",0.770833313465118,"F","XX",NA,NA,2025-02-23,2025,2,2025,"S92-109","F",c(940102.499848407, 6300001.64307065),940102.499848407,6300001.64307065
"732",2025-02-23,"F","F0525102",TRUE,2025-05-26,"Canis lupus",FALSE,"S65-35",0.645833313465118,"M","XY",NA,NA,2025-02-23,2025,2,2025,"S65-35","M",c(950852.499848407, 6408751.64307065),950852.499848407,6408751.64307065
"733",2025-02-23,"F","F7425043",TRUE,2025-05-26,"Canis lupus",FALSE,"S94-019",0.854166686534882,"M","XY",NA,NA,2025-02-23,2025,2,2025,"S94-019","M",c(985102.499848407, 6545001.64307065),985102.499848407,6545001.64307065
"734",2025-02-23,"F","F3825105",TRUE,2025-05-26,"Canis lupus",FALSE,"S87-088",0.885416686534882,"F","XX",NA,NA,2025-02-23,2025,2,2025,"S87-088","F",c(939352.499848407, 6448001.64307065),939352.499848407,6448001.64307065
"735",2025-02-23,"F","F7425042",TRUE,2025-05-26,"Canis lupus",FALSE,"S94-017",0.927083313465118,"F","XX",NA,NA,2025-02-23,2025,2,2025,"S94-017","F",c(984352.499848407, 6543001.64307065),984352.499848407,6543001.64307065
"736",2025-02-23,"F","F3825104",TRUE,2025-04-07,"Canis lupus",FALSE,"S93-036",0.619791686534882,"M","XY",NA,NA,2025-02-23,2025,2,2025,"S93-036","M",c(940102.499848407, 6450001.64307065),940102.499848407,6450001.64307065
"737",2025-02-24,"F","F7325032",TRUE,2025-04-07,"Canis lupus",FALSE,"S93-069",0.875,"M","XY",NA,NA,2025-02-24,2025,2,2025,"S93-069","M",c(984352.499848407, 6483001.64307065),984352.499848407,6483001.64307065
"738",2025-02-24,"F","F3825097",TRUE,2025-04-07,"Canis lupus",FALSE,"S86-015",0.885416686534882,"M","XY",NA,NA,2025-02-24,2025,2,2025,"S86-015","M",c(939352.499848407, 6458001.64307065),939352.499848407,6458001.64307065
"739",2025-02-24,"F","F1925017",TRUE,2025-04-07,"Canis lupus",FALSE,"S89-030",1,"M","XY",NA,NA,2025-02-24,2025,2,2025,"S89-030","M",c(630602.499848407, 6505501.64307065),630602.499848407,6505501.64307065
"740",2025-02-24,"F","F0525103",TRUE,2025-04-07,"Canis lupus",FALSE,"S93-027",0.9375,"F","XX",NA,NA,2025-02-24,2025,2,2025,"S93-027","F",c(954352.499848407, 6373001.64307065),954352.499848407,6373001.64307065
"741",2025-02-24,"F","F7325030",TRUE,2025-04-07,"Canis lupus",FALSE,"S88-014",0.984375,"M","XY",NA,NA,2025-02-24,2025,2,2025,"S88-014","M",c(994352.499848407, 6498001.64307065),994352.499848407,6498001.64307065
"742",2025-02-24,"F","F7325036",TRUE,2025-04-07,"Canis lupus",FALSE,"S87-129",0.875,"M","XY",NA,NA,2025-02-24,2025,2,2025,"S87-129","M",c(975102.499848407, 6490001.64307065),975102.499848407,6490001.64307065
"743",2025-02-24,"F","F0525197",TRUE,2025-05-26,"Canis lupus",FALSE,"S81-116",0.614583313465118,"F","XX",NA,NA,2025-02-24,2025,2,2025,"S81-116","F",c(999352.499848407, 6413001.64307065),999352.499848407,6413001.64307065
"744",2025-02-24,"F","F7325040",TRUE,2025-04-07,"Canis lupus",FALSE,"S93-071",0.666666686534882,"F","XX",NA,NA,2025-02-24,2025,2,2025,"S93-071","F",c(989352.499848407, 6463001.64307065),989352.499848407,6463001.64307065
"745",2025-02-25,"F","F0525108",TRUE,2025-07-07,"Canis lupus",FALSE,"S95-049",0.864583313465118,"F","XX",NA,NA,2025-02-25,2025,2,2025,"S95-049","F",c(989352.499848407, 6403001.64307065),989352.499848407,6403001.64307065
"746",2025-02-25,"F","F0525107",TRUE,2025-04-07,"Canis lupus",FALSE,"S93-051",0.770833313465118,"M","XY",NA,NA,2025-02-25,2025,2,2025,"S93-051","M",c(1004352.49984841, 6413001.64307065),1004352.49984841,6413001.64307065
"747",2025-02-25,"F","F0525106",TRUE,2025-04-07,"Canis lupus",FALSE,"S93-088",0.791666686534882,"F","XX",NA,NA,2025-02-25,2025,2,2025,"S93-088","F",c(919352.499848407, 6368001.64307065),919352.499848407,6368001.64307065
"748",2025-02-25,"F","F3825079",TRUE,2025-04-07,"Canis lupus",FALSE,"S92-019",0.958333313465118,"F","XX",NA,NA,2025-02-25,2025,2,2025,"S92-019","F",c(938102.499848407, 6438501.64307065),938102.499848407,6438501.64307065
"749",2025-02-25,"F","F7425090",TRUE,2025-05-26,"Canis lupus",FALSE,"S94-011",0.989583313465118,"M","XY",NA,NA,2025-02-25,2025,2,2025,"S94-011","M",c(1000102.49984841, 6545001.64307065),1000102.49984841,6545001.64307065
"750",2025-02-25,"F","F0625071",TRUE,2025-07-07,"Canis lupus",FALSE,"S95-002",0.875,"F","XX",NA,NA,2025-02-25,2025,2,2025,"S95-002","F",c(1015102.49984841, 6355001.64307065),1015102.49984841,6355001.64307065
"751",2025-02-25,"F","F0625070",TRUE,2025-07-07,"Canis lupus",FALSE,"S95-006",0.9375,"F","XX",NA,NA,2025-02-25,2025,2,2025,"S95-006","F",c(1049352.49984841, 6333001.64307065),1049352.49984841,6333001.64307065
"752",2025-02-25,"F","F3825080",TRUE,2025-05-26,"Canis lupus",FALSE,"S93-031",0.885416686534882,"M","XY",NA,NA,2025-02-25,2025,2,2025,"S93-031","M",c(934352.499848407, 6438001.64307065),934352.499848407,6438001.64307065
"753",2025-02-25,"F","F3825078",TRUE,2025-05-26,"Canis lupus",FALSE,"S92-019",0.5,"F","XX",NA,NA,2025-02-25,2025,2,2025,"S92-019","F",c(935852.499848407, 6438751.64307065),935852.499848407,6438751.64307065
"754",2025-02-25,"F","F3825076",TRUE,2025-04-07,"Canis lupus",FALSE,"S75-044",0.916666686534882,"M","XY",NA,NA,2025-02-25,2025,2,2025,"S75-044","M",c(905102.499848407, 6445001.64307065),905102.499848407,6445001.64307065
"755",2025-02-25,"F","F3825077",TRUE,2025-04-07,"Canis lupus",FALSE,"S93-031",0.546875,"M","NA",NA,NA,2025-02-25,2025,2,2025,"S93-031","M",c(935102.499848407, 6445001.64307065),935102.499848407,6445001.64307065
"756",2025-02-26,"F","F0625073",TRUE,2025-07-07,"Canis lupus",FALSE,"S95-007",0.942708313465118,"M","XY",NA,NA,2025-02-26,2025,2,2025,"S95-007","M",c(1009352.49984841, 6343001.64307065),1009352.49984841,6343001.64307065
"757",2025-02-26,"F","F0625075",TRUE,2025-07-07,"Canis lupus",FALSE,"S89-004",0.942708313465118,"M","XY",NA,NA,2025-02-26,2025,2,2025,"S89-004","M",c(1004352.49984841, 6348001.64307065),1004352.49984841,6348001.64307065
"758",2025-02-26,"F","F2625133",TRUE,2025-04-07,"Canis lupus",FALSE,"S92-102",1,"F","XX",NA,NA,2025-02-26,2025,2,2025,"S92-102","F",c(885602.499848407, 6365501.64307065),885602.499848407,6365501.64307065
"759",2025-02-26,"F","F2625129",TRUE,2025-04-07,"Canis lupus",FALSE,"S93-123",0.8125,"M","XY",NA,NA,2025-02-26,2025,2,2025,"S93-123","M",c(879352.499848407, 6368001.64307065),879352.499848407,6368001.64307065
"760",2025-02-26,"F","F2625128",TRUE,2025-05-26,"Canis lupus",FALSE,"S87-017",0.755208313465118,"F","XX",NA,NA,2025-02-26,2025,2,2025,"S87-017","F",c(885102.499848407, 6380001.64307065),885102.499848407,6380001.64307065
"761",2025-02-26,"F","F2625136",TRUE,2025-04-07,"Canis lupus",FALSE,"S87-084",0.677083313465118,"F","XX",NA,NA,2025-02-26,2025,2,2025,"S87-084","F",c(874352.499848407, 6433001.64307065),874352.499848407,6433001.64307065
"762",2025-02-26,"F","F2625137",TRUE,2025-04-07,"Canis lupus",FALSE,"S92-142",0.916666686534882,"M","XY",NA,NA,2025-02-26,2025,2,2025,"S92-142","M",c(874352.499848407, 6438001.64307065),874352.499848407,6438001.64307065
"763",2025-02-26,"F","F8425052",TRUE,2025-04-07,"Canis lupus",FALSE,"S91-004",0.979166686534882,"F","XX",NA,NA,2025-02-26,2025,2,2025,"S91-004","F",c(889352.499848407, 6343001.64307065),889352.499848407,6343001.64307065
"764",2025-02-26,"F","F0625077",TRUE,2025-05-26,"Canis lupus",FALSE,"S92-046",0.932291686534882,"M","XY",NA,NA,2025-02-26,2025,2,2025,"S92-046","M",c(1025102.49984841, 6335001.64307065),1025102.49984841,6335001.64307065
"765",2025-02-26,"F","F2625118",TRUE,2025-04-07,"Canis lupus",FALSE,"S93-043",0.901041686534882,"F","XX",NA,NA,2025-02-26,2025,2,2025,"S93-043","F",c(859352.499848407, 6408001.64307065),859352.499848407,6408001.64307065
"766",2025-02-26,"F","F2625135",TRUE,2025-04-07,"Canis lupus",FALSE,"S89-026",0.875,"M","XY",NA,NA,2025-02-26,2025,2,2025,"S89-026","M",c(885102.499848407, 6370001.64307065),885102.499848407,6370001.64307065
"767",2025-02-26,"F","F8425053",TRUE,2025-04-07,"Canis lupus",FALSE,"S93-011",0.6875,"M","XY",NA,NA,2025-02-26,2025,2,2025,"S93-011","M",c(890602.499848407, 6340501.64307065),890602.499848407,6340501.64307065
"768",2025-02-26,"F","F2625131",TRUE,2025-04-07,"Canis lupus",FALSE,"S92-095",0.90625,"M","XY",NA,NA,2025-02-26,2025,2,2025,"S92-095","M",c(880602.499848407, 6370501.64307065),880602.499848407,6370501.64307065
"769",2025-02-26,"F","F8425051",TRUE,2025-05-26,"Canis lupus",FALSE,"S93-011",0.916666686534882,"M","XY",NA,NA,2025-02-26,2025,2,2025,"S93-011","M",c(893102.499848407, 6343501.64307065),893102.499848407,6343501.64307065
"770",2025-02-26,"F","F8425050",TRUE,2025-07-07,"Canis lupus",FALSE,"S91-004",0.630208313465118,"F","XX",NA,NA,2025-02-26,2025,2,2025,"S91-004","F",c(890102.499848407, 6340001.64307065),890102.499848407,6340001.64307065
"771",2025-02-26,"F","F2625120",TRUE,2025-04-07,"Canis lupus",FALSE,"S88-089",0.557291686534882,"M","XY",NA,NA,2025-02-26,2025,2,2025,"S88-089","M",c(873102.499848407, 6403501.64307065),873102.499848407,6403501.64307065
"772",2025-02-26,"F","F8325109",TRUE,2025-04-07,"Canis lupus",FALSE,"S87-065",0.708333313465118,"M","XY",NA,NA,2025-02-26,2025,2,2025,"S87-065","M",c(964352.499848407, 6233001.64307065),964352.499848407,6233001.64307065
"773",2025-02-26,"F","F3825087",TRUE,2025-05-26,"Canis lupus",FALSE,"S93-082",0.822916686534882,"M","XY",NA,NA,2025-02-26,2025,2,2025,"S93-082","M",c(900102.499848407, 6415001.64307065),900102.499848407,6415001.64307065
"774",2025-02-26,"F","F3825083",TRUE,2025-04-07,"Canis lupus",FALSE,"S92-019",0.880208313465118,"F","XX",NA,NA,2025-02-26,2025,2,2025,"S92-019","F",c(935102.499848407, 6434751.64307065),935102.499848407,6434751.64307065
"775",2025-02-26,"F","F1325058",TRUE,2025-04-07,"Canis lupus",FALSE,"S93-002",0.541666686534882,"F","XX",NA,NA,2025-02-26,2025,2,2025,"S93-002","F",c(889352.499848407, 6288001.64307065),889352.499848407,6288001.64307065
"776",2025-02-26,"F","F7425028",TRUE,2025-05-26,"Canis lupus",FALSE,"S88-104",0.854166686534882,"M","XY",NA,NA,2025-02-26,2025,2,2025,"S88-104","M",c(990602.499848407, 6545501.64307065),990602.499848407,6545501.64307065
"777",2025-02-26,"F","F7425027",TRUE,2025-05-26,"Canis lupus",FALSE,"S94-011",0.921875,"M","XY",NA,NA,2025-02-26,2025,2,2025,"S94-011","M",c(990602.499848407, 6545501.64307065),990602.499848407,6545501.64307065
"778",2025-02-26,"F","F0425134",TRUE,2025-04-07,"Canis lupus",FALSE,"S93-119",0.515625,"NI","NA",NA,NA,2025-02-26,2025,2,2025,"S93-119","NI",c(974352.499848407, 6373001.64307065),974352.499848407,6373001.64307065
"779",2025-02-26,"F","F0425135",TRUE,2025-04-07,"Canis lupus",FALSE,"S93-125",0.885416686534882,"M","XY",NA,NA,2025-02-26,2025,2,2025,"S93-125","M",c(974352.499848407, 6373001.64307065),974352.499848407,6373001.64307065
"780",2025-02-26,"F","F0425138",TRUE,2025-05-26,"Canis lupus",FALSE,"S85-018",0.760416686534882,"F","XY",NA,NA,2025-02-26,2025,2,2025,"S85-018","F",c(964352.499848407, 6363001.64307065),964352.499848407,6363001.64307065
"781",2025-02-26,"F","F0425136",TRUE,2025-04-07,"Canis lupus",FALSE,"S79-022",0.84375,"F","XX",NA,NA,2025-02-26,2025,2,2025,"S79-022","F",c(969352.499848407, 6373001.64307065),969352.499848407,6373001.64307065
"782",2025-02-26,"F","F0525110",TRUE,2025-04-07,"Canis lupus",FALSE,"S93-110",0.927083313465118,"M","XY",NA,NA,2025-02-26,2025,2,2025,"S93-110","M",c(920102.499848407, 6350001.64307065),920102.499848407,6350001.64307065
"783",2025-02-26,"F","F0425137",TRUE,2025-05-26,"Canis lupus",FALSE,"S94-066",0.90625,"M","XY",NA,NA,2025-02-26,2025,2,2025,"S94-066","M",c(919352.499848407, 6348001.64307065),919352.499848407,6348001.64307065
"784",2025-02-26,"F","F0425139",TRUE,2025-04-07,"Canis lupus",FALSE,"S85-018",0.90625,"F","XX",NA,NA,2025-02-26,2025,2,2025,"S85-018","F",c(965102.499848407, 6365001.64307065),965102.499848407,6365001.64307065
"785",2025-02-26,"F","F0425145",TRUE,2025-04-07,"Canis lupus",FALSE,"S93-057",0.604166686534882,"F","XX",NA,NA,2025-02-26,2025,2,2025,"S93-057","F",c(904352.499848407, 6328001.64307065),904352.499848407,6328001.64307065
"786",2025-02-26,"F","F0425142",TRUE,2025-07-07,"Canis lupus",FALSE,"S95-059",0.625,"M","XY",NA,NA,2025-02-26,2025,2,2025,"S95-059","M",c(904352.499848407, 6328001.64307065),904352.499848407,6328001.64307065
"787",2025-02-26,"F","F0425143",TRUE,2025-05-26,"Canis lupus",FALSE,"S94-035",0.90625,"F","XX",NA,NA,2025-02-26,2025,2,2025,"S94-035","F",c(904352.499848407, 6328001.64307065),904352.499848407,6328001.64307065
"788",2025-02-26,"F","F0425141",TRUE,2025-07-07,"Canis lupus",FALSE,"S95-011",0.53125,"F","XX",NA,NA,2025-02-26,2025,2,2025,"S95-011","F",c(904352.499848407, 6328001.64307065),904352.499848407,6328001.64307065
"789",2025-02-27,"F","F0425146",TRUE,2025-04-07,"Canis lupus",FALSE,"S93-124",0.880208313465118,"M","XY",NA,NA,2025-02-27,2025,2,2025,"S93-124","M",c(964352.499848407, 6363001.64307065),964352.499848407,6363001.64307065
"790",2025-02-27,"F","F0425150",TRUE,2025-05-26,"Canis lupus",FALSE,"S94-010",1,"F","XX",NA,NA,2025-02-27,2025,2,2025,"S94-010","F",c(999352.499848407, 6383001.64307065),999352.499848407,6383001.64307065
"791",2025-02-27,"F","F0425147",TRUE,2025-04-07,"Canis lupus",FALSE,"S93-127",0.822916686534882,"M","XY",NA,NA,2025-02-27,2025,2,2025,"S93-127","M",c(974352.499848407, 6363001.64307065),974352.499848407,6363001.64307065
"792",2025-02-27,"F","F0525123",TRUE,2025-07-07,"Canis lupus",FALSE,"S93-100",1,"M","XY",NA,NA,2025-02-27,2025,2,2025,"S93-100","M",c(975602.499848407, 6380501.64307065),975602.499848407,6380501.64307065
"793",2025-02-27,"F","F0525113",TRUE,2025-04-07,"Canis lupus",FALSE,"S93-035",0.65625,"F","XX",NA,NA,2025-02-27,2025,2,2025,"S93-035","F",c(974352.499848407, 6398001.64307065),974352.499848407,6398001.64307065
"794",2025-02-27,"F","F8325112",TRUE,2025-04-07,"Canis lupus",FALSE,"S93-126",0.953125,"F","XX",NA,NA,2025-02-27,2025,2,2025,"S93-126","F",c(974352.499848407, 6233001.64307065),974352.499848407,6233001.64307065
"795",2025-02-27,"F","F0425151",TRUE,2025-07-07,"Canis lupus",FALSE,"S83-001",0.973958313465118,"M","XY",NA,NA,2025-02-27,2025,2,2025,"S83-001","M",c(999352.499848407, 6383001.64307065),999352.499848407,6383001.64307065
"796",2025-02-27,"F","F0425152",TRUE,2025-05-26,"Canis lupus",FALSE,"S94-009",0.96875,"M","XY",NA,NA,2025-02-27,2025,2,2025,"S94-009","M",c(999352.499848407, 6383001.64307065),999352.499848407,6383001.64307065
"797",2025-02-27,"F","F0425154",TRUE,2025-05-26,"Canis lupus",FALSE,"S94-003",1,"M","XY",NA,NA,2025-02-27,2025,2,2025,"S94-003","M",c(999352.499848407, 6383001.64307065),999352.499848407,6383001.64307065
"798",2025-02-28,"F","F3825089",TRUE,2025-04-07,"Canis lupus",FALSE,"S69-06",0.958333313465118,"M","XY",NA,NA,2025-02-28,2025,2,2025,"S69-06","M",c(945102.499848407, 6435001.64307065),945102.499848407,6435001.64307065
"799",2025-02-28,"F","F3825088",TRUE,2025-04-07,"Canis lupus",FALSE,"S93-005",0.609375,"M","XY",NA,NA,2025-02-28,2025,2,2025,"S93-005","M",c(913102.499848407, 6468501.64307065),913102.499848407,6468501.64307065
"800",2025-02-28,"F","F0425158",TRUE,2025-05-26,"Canis lupus",FALSE,"S87-100",0.776041686534882,"F","XX",NA,NA,2025-02-28,2025,2,2025,"S87-100","F",c(974352.499848407, 6318001.64307065),974352.499848407,6318001.64307065
"801",2025-02-28,"F","F0425161",TRUE,2025-05-26,"Canis lupus",FALSE,"S93-007",0.953125,"M","XY",NA,NA,2025-02-28,2025,2,2025,"S93-007","M",c(960602.499848407, 6325501.64307065),960602.499848407,6325501.64307065
"802",2025-02-28,"F","F2625151",TRUE,2025-04-07,"Canis lupus",FALSE,"S93-048",0.916666686534882,"M","XY",NA,NA,2025-02-28,2025,2,2025,"S93-048","M",c(895102.499848407, 6395001.64307065),895102.499848407,6395001.64307065
"803",2025-02-28,"F","F2625144",TRUE,2025-05-26,"Canis lupus",FALSE,"S73-041",0.692708313465118,"M","XY",NA,NA,2025-02-28,2025,2,2025,"S73-041","M",c(879352.499848407, 6428001.64307065),879352.499848407,6428001.64307065
"804",2025-02-28,"F","F2625149",TRUE,2025-04-07,"Canis lupus",FALSE,"S92-119",1,"F","XX",NA,NA,2025-02-28,2025,2,2025,"S92-119","F",c(895102.499848407, 6400001.64307065),895102.499848407,6400001.64307065
"805",2025-02-28,"F","F0425155",TRUE,2025-05-26,"Canis lupus",FALSE,"S80-001",0.598958313465118,"M","XY",NA,NA,2025-02-28,2025,2,2025,"S80-001","M",c(929352.499848407, 6333001.64307065),929352.499848407,6333001.64307065
"806",2025-02-28,"F","F8325113",TRUE,2025-05-26,"Canis lupus",FALSE,"S80-077",0.526041686534882,"F","XX",NA,NA,2025-02-28,2025,2,2025,"S80-077","F",c(990102.499848407, 6280001.64307065),990102.499848407,6280001.64307065
"807",2025-02-28,"F","F8325116",TRUE,2025-04-07,"Canis lupus",FALSE,"S93-055",0.979166686534882,"M","XY",NA,NA,2025-02-28,2025,2,2025,"S93-055","M",c(975102.499848407, 6280001.64307065),975102.499848407,6280001.64307065
"808",2025-02-28,"F","F8325114",TRUE,2025-04-07,"Canis lupus",FALSE,"S92-033",1,"M","XY",NA,NA,2025-02-28,2025,2,2025,"S92-033","M",c(990102.499848407, 6280001.64307065),990102.499848407,6280001.64307065
"809",2025-02-28,"F","F8325115",TRUE,2025-05-26,"Canis lupus",FALSE,"S92-033",0.963541686534882,"M","XY",NA,NA,2025-02-28,2025,2,2025,"S92-033","M",c(990602.499848407, 6280501.64307065),990602.499848407,6280501.64307065
"810",2025-02-28,"F","F0525114",TRUE,2025-04-07,"Canis lupus",FALSE,"S78-030",1,"M","XY",NA,NA,2025-02-28,2025,2,2025,"S78-030","M",c(975602.499848407, 6400501.64307065),975602.499848407,6400501.64307065
"811",2025-02-28,"F","F0525116",TRUE,2025-04-07,"Canis lupus",FALSE,"S93-010",0.869791686534882,"M","XY",NA,NA,2025-02-28,2025,2,2025,"S93-010","M",c(924352.499848407, 6373001.64307065),924352.499848407,6373001.64307065
"812",2025-02-28,"F","F0525118",TRUE,2025-07-07,"Canis lupus",FALSE,"S94-102",0.802083313465118,"M","XY",NA,NA,2025-02-28,2025,2,2025,"S94-102","M",c(924352.499848407, 6378001.64307065),924352.499848407,6378001.64307065
"813",2025-02-28,"F","F0525119",TRUE,2025-04-07,"Canis lupus",FALSE,"S93-010",0.848958313465118,"M","XY",NA,NA,2025-02-28,2025,2,2025,"S93-010","M",c(925102.499848407, 6380001.64307065),925102.499848407,6380001.64307065
"814",2025-02-28,"F","F2625145",TRUE,2025-04-07,"Canis lupus",FALSE,"S73-041",0.708333313465118,"M","XY",NA,NA,2025-02-28,2025,2,2025,"S73-041","M",c(880102.499848407, 6435001.64307065),880102.499848407,6435001.64307065
"815",2025-03-01,"F","F7425091",TRUE,2025-07-07,"Canis lupus",FALSE,"S95-039",1,"F","XX",NA,NA,2025-03-01,2025,3,2025,"S95-039","F",c(994352.499848407, 6563001.64307065),994352.499848407,6563001.64307065
"816",2025-03-01,"F","F0425159",TRUE,2025-05-26,"Canis lupus",FALSE,"S94-003",1,"M","XY",NA,NA,2025-03-01,2025,3,2025,"S94-003","M",c(1005102.49984841, 6375001.64307065),1005102.49984841,6375001.64307065
"817",2025-03-01,"F","F0425160",TRUE,2025-05-26,"Canis lupus",FALSE,"S94-084",1,"F","XX",NA,NA,2025-03-01,2025,3,2025,"S94-084","F",c(944352.499848407, 6333001.64307065),944352.499848407,6333001.64307065
"818",2025-03-01,"F","F7425029",TRUE,2025-07-07,"Canis lupus",FALSE,"S94-074",0.828125,"M","XY",NA,NA,2025-03-01,2025,3,2025,"S94-074","M",c(999352.499848407, 6543001.64307065),999352.499848407,6543001.64307065
"819",2025-03-03,"F","F0425163",TRUE,2025-07-07,"Canis lupus",FALSE,"S94-001",1,"M","XY",NA,NA,2025-03-03,2025,3,2025,"S94-001","M",c(995102.499848407, 6375001.64307065),995102.499848407,6375001.64307065
"820",2025-03-03,"F","F0525145",TRUE,2025-05-26,"Canis lupus",FALSE,"S78-042",0.927083313465118,"M","XY",NA,NA,2025-03-03,2025,3,2025,"S78-042","M",c(935102.499848407, 6395001.64307065),935102.499848407,6395001.64307065
"821",2025-03-03,"F","F7425037",TRUE,2025-05-26,"Canis lupus",FALSE,"S94-020",0.786458313465118,"F","XX",NA,NA,2025-03-03,2025,3,2025,"S94-020","F",c(990102.499848407, 6545001.64307065),990102.499848407,6545001.64307065
"822",2025-03-03,"F","F2625153",TRUE,2025-05-26,"Canis lupus",FALSE,"S62-30",0.911458313465118,"F","XX",NA,NA,2025-03-03,2025,3,2025,"S62-30","F",c(874352.499848407, 6423001.64307065),874352.499848407,6423001.64307065
"823",2025-03-03,"F","F4825009",TRUE,2025-05-26,"Canis lupus",FALSE,"S87-021",0.958333313465118,"M","XY",NA,NA,2025-03-03,2025,3,2025,"S87-021","M",c(754352.499848407, 6368001.64307065),754352.499848407,6368001.64307065
"824",2025-03-03,"F","F0625080",TRUE,2025-07-07,"Canis lupus",FALSE,"S57-44",0.578125,"F","XY",NA,NA,2025-03-03,2025,3,2025,"S57-44","F",c(1009352.49984841, 6363001.64307065),1009352.49984841,6363001.64307065
"825",2025-03-03,"F","F7425038",TRUE,2025-05-26,"Canis lupus",FALSE,"S94-020",0.526041686534882,"F","XX",NA,NA,2025-03-03,2025,3,2025,"S94-020","F",c(990602.499848407, 6545501.64307065),990602.499848407,6545501.64307065
"826",2025-03-03,"F","F0625081",TRUE,2025-07-07,"Canis lupus",FALSE,"S63-01",1,"F","XX",NA,NA,2025-03-03,2025,3,2025,"S63-01","F",c(1003102.49984841, 6348501.64307065),1003102.49984841,6348501.64307065
"827",2025-03-04,"F","F0425165",TRUE,2025-05-26,"Canis lupus",FALSE,"S94-005",0.932291686534882,"F","XX",NA,NA,2025-03-04,2025,3,2025,"S94-005","F",c(994352.499848407, 6373001.64307065),994352.499848407,6373001.64307065
"828",2025-03-04,"F","F0625083",TRUE,2025-07-07,"Canis lupus",FALSE,"S95-026",1,"M","XY",NA,NA,2025-03-04,2025,3,2025,"S95-026","M",c(999352.499848407, 6343001.64307065),999352.499848407,6343001.64307065
"829",2025-03-04,"F","F7325037",TRUE,2025-04-07,"Canis lupus",FALSE,"S93-026",0.994791686534882,"M","XY",NA,NA,2025-03-04,2025,3,2025,"S93-026","M",c(989352.499848407, 6513001.64307065),989352.499848407,6513001.64307065
"830",2025-03-04,"F","F7325038",TRUE,2025-04-07,"Canis lupus",FALSE,"S93-026",0.890625,"M","XY",NA,NA,2025-03-04,2025,3,2025,"S93-026","M",c(995102.499848407, 6515001.64307065),995102.499848407,6515001.64307065
"831",2025-03-04,"F","F0425166",TRUE,2025-04-07,"Canis lupus",FALSE,"S93-001",0.760416686534882,"F","XX",NA,NA,2025-03-04,2025,3,2025,"S93-001","F",c(949352.499848407, 6373001.64307065),949352.499848407,6373001.64307065
"832",2025-03-04,"F","F2625155",TRUE,2025-04-07,"Canis lupus",FALSE,"S83-019",1,"F","XX",NA,NA,2025-03-04,2025,3,2025,"S83-019","F",c(899352.499848407, 6403001.64307065),899352.499848407,6403001.64307065
"833",2025-03-04,"F","F2625156",TRUE,2025-04-07,"Canis lupus",FALSE,"S70-074",0.973958313465118,"F","XX",NA,NA,2025-03-04,2025,3,2025,"S70-074","F",c(844352.499848407, 6393001.64307065),844352.499848407,6393001.64307065
"834",2025-03-04,"F","F0425169",TRUE,2025-05-26,"Canis lupus",FALSE,"S94-005",1,"F","XX",NA,NA,2025-03-04,2025,3,2025,"S94-005","F",c(995102.499848407, 6380001.64307065),995102.499848407,6380001.64307065
"835",2025-03-04,"F","F0425167",TRUE,2025-05-26,"Canis lupus",FALSE,"S62-22",0.802083313465118,"F","XX",NA,NA,2025-03-04,2025,3,2025,"S62-22","F",c(988102.499848407, 6308501.64307065),988102.499848407,6308501.64307065
"836",2025-03-04,"F","F1325061",TRUE,2025-04-07,"Canis lupus",FALSE,"S74-002",0.90625,"F","XX",NA,NA,2025-03-04,2025,3,2025,"S74-002","F",c(900602.499848407, 6245501.64307065),900602.499848407,6245501.64307065
"837",2025-03-04,"F","F0425164",TRUE,2025-05-26,"Canis lupus",FALSE,"S94-001",0.994791686534882,"M","XY",NA,NA,2025-03-04,2025,3,2025,"S94-001","M",c(995602.499848407, 6375501.64307065),995602.499848407,6375501.64307065
"838",2025-03-04,"F","F0425171",TRUE,2025-04-07,"Canis lupus",FALSE,"S86-029",0.505208313465118,"M","XY",NA,NA,2025-03-04,2025,3,2025,"S86-029","M",c(945102.499848407, 6325001.64307065),945102.499848407,6325001.64307065
"839",2025-03-04,"F","F3825090",TRUE,2025-04-07,"Canis lupus",FALSE,"S69-06",0.958333313465118,"M","XY",NA,NA,2025-03-04,2025,3,2025,"S69-06","M",c(950602.499848407, 6435501.64307065),950602.499848407,6435501.64307065
"840",2025-03-05,"F","F2625163",TRUE,2025-05-26,"Canis lupus",FALSE,"S75-059",0.885416686534882,"F","XX",NA,NA,2025-03-05,2025,3,2025,"S75-059","F",c(884352.499848407, 6403001.64307065),884352.499848407,6403001.64307065
"841",2025-03-05,"F","F0425176",TRUE,2025-04-07,"Canis lupus",FALSE,"S93-001",0.78125,"F","XX",NA,NA,2025-03-05,2025,3,2025,"S93-001","F",c(950102.499848407, 6365001.64307065),950102.499848407,6365001.64307065
"842",2025-03-05,"F","F0525125",TRUE,2025-04-07,"Canis lupus",FALSE,"S86-131",0.916666686534882,"M","XY",NA,NA,2025-03-05,2025,3,2025,"S86-131","M",c(974352.499848407, 6438001.64307065),974352.499848407,6438001.64307065
"843",2025-03-05,"F","F0525128",TRUE,2025-04-07,"Canis lupus",FALSE,"S93-025",0.578125,"M","XY",NA,NA,2025-03-05,2025,3,2025,"S93-025","M",c(999352.499848407, 6413001.64307065),999352.499848407,6413001.64307065
"844",2025-03-05,"F","F0525137",TRUE,2025-04-07,"Canis lupus",FALSE,"S85-023",0.59375,"F","XX",NA,NA,2025-03-05,2025,3,2025,"S85-023","F",c(999352.499848407, 6408001.64307065),999352.499848407,6408001.64307065
"845",2025-03-05,"F","F0525138",TRUE,2025-04-07,"Canis lupus",FALSE,"S93-025",0.932291686534882,"M","XY",NA,NA,2025-03-05,2025,3,2025,"S93-025","M",c(1000102.49984841, 6410001.64307065),1000102.49984841,6410001.64307065
"846",2025-03-05,"F","F0525127",TRUE,2025-04-07,"Canis lupus",FALSE,"S87-111",0.708333313465118,"F","XX",NA,NA,2025-03-05,2025,3,2025,"S87-111","F",c(999352.499848407, 6413001.64307065),999352.499848407,6413001.64307065
"847",2025-03-05,"F","F2625189",TRUE,2025-07-07,"Canis lupus",FALSE,"S95-035",0.578125,"F","XX",NA,NA,2025-03-05,2025,3,2025,"S95-035","F",c(899352.499848407, 6403001.64307065),899352.499848407,6403001.64307065
"848",2025-03-05,"F","F7425033",TRUE,2025-07-07,"Canis lupus",FALSE,"S95-013",1,"M","XY",NA,NA,2025-03-05,2025,3,2025,"S95-013","M",c(994352.499848407, 6543001.64307065),994352.499848407,6543001.64307065
"849",2025-03-05,"F","F3825099",TRUE,2025-04-07,"Canis lupus",FALSE,"S92-019",0.765625,"F","XX",NA,NA,2025-03-05,2025,3,2025,"S92-019","F",c(940102.499848407, 6438251.64307065),940102.499848407,6438251.64307065
"850",2025-03-05,"F","F7425034",TRUE,2025-07-07,"Canis lupus",FALSE,"S88-104",1,"M","XY",NA,NA,2025-03-05,2025,3,2025,"S88-104","M",c(993102.499848407, 6543501.64307065),993102.499848407,6543501.64307065
"851",2025-03-05,"F","F2625188",TRUE,2025-07-07,"Canis lupus",FALSE,"S95-036",0.921875,"F","XX",NA,NA,2025-03-05,2025,3,2025,"S95-036","F",c(899352.499848407, 6403001.64307065),899352.499848407,6403001.64307065
"852",2025-03-05,"F","F2625190",TRUE,2025-07-07,"Canis lupus",FALSE,"S93-021",0.994791686534882,"F","XX",NA,NA,2025-03-05,2025,3,2025,"S93-021","F",c(900602.499848407, 6405501.64307065),900602.499848407,6405501.64307065
"853",2025-03-05,"F","F7425035",TRUE,2025-07-07,"Canis lupus",FALSE,"S94-020",0.963541686534882,"F","XX",NA,NA,2025-03-05,2025,3,2025,"S94-020","F",c(989352.499848407, 6543001.64307065),989352.499848407,6543001.64307065
"854",2025-03-05,"F","F7325039",TRUE,2025-04-07,"Canis lupus",FALSE,"S93-022",0.875,"M","XY",NA,NA,2025-03-05,2025,3,2025,"S93-022","M",c(920602.499848407, 6495501.64307065),920602.499848407,6495501.64307065
"855",2025-03-05,"F","F2625187",TRUE,2025-07-07,"Canis lupus",FALSE,"S88-087",0.916666686534882,"F","XX",NA,NA,2025-03-05,2025,3,2025,"S88-087","F",c(899352.499848407, 6403001.64307065),899352.499848407,6403001.64307065
"856",2025-03-05,"F","F0625090",TRUE,2025-07-07,"Canis lupus",FALSE,"S63-35",0.572916686534882,"F","XX",NA,NA,2025-03-05,2025,3,2025,"S63-35","F",c(1030102.49984841, 6345001.64307065),1030102.49984841,6345001.64307065
"857",2025-03-05,"F","F2525016",TRUE,2025-05-26,"Canis sp.",FALSE,"S90-014",0.84375,"M","XY",NA,NA,2025-03-05,2025,3,2025,"S90-014","M",c(935102.499848407, 6625001.64307065),935102.499848407,6625001.64307065
"858",2025-03-06,"F","F0525143",TRUE,2025-04-07,"Canis lupus",FALSE,"S92-024",0.989583313465118,"M","XY",NA,NA,2025-03-06,2025,3,2025,"S92-024","M",c(985102.499848407, 6415001.64307065),985102.499848407,6415001.64307065
"859",2025-03-06,"F","F0525142",TRUE,2025-05-26,"Canis lupus",FALSE,"S92-024",0.989583313465118,"M","XY",NA,NA,2025-03-06,2025,3,2025,"S92-024","M",c(985602.499848407, 6415501.64307065),985602.499848407,6415501.64307065
"860",2025-03-06,"F","F0525196",TRUE,2025-07-07,"Canis lupus",FALSE,"S95-064",0.619791686534882,"M","XY",NA,NA,2025-03-06,2025,3,2025,"S95-064","M",c(969352.499848407, 6393001.64307065),969352.499848407,6393001.64307065
"861",2025-03-06,"F","F7325046",TRUE,2025-05-26,"Canis lupus",FALSE,"S94-029",0.979166686534882,"F","XX",NA,NA,2025-03-06,2025,3,2025,"S94-029","F",c(959352.499848407, 6458001.64307065),959352.499848407,6458001.64307065
"862",2025-03-06,"F","F0525130",TRUE,2025-04-07,"Canis lupus",FALSE,"S78-031",0.953125,"F","XX",NA,NA,2025-03-06,2025,3,2025,"S78-031","F",c(970102.499848407, 6420001.64307065),970102.499848407,6420001.64307065
"863",2025-03-06,"F","F0525133",TRUE,2025-05-26,"Canis lupus",FALSE,"S92-085",0.760416686534882,"F","XX",NA,NA,2025-03-06,2025,3,2025,"S92-085","F",c(935102.499848407, 6400001.64307065),935102.499848407,6400001.64307065
"864",2025-03-06,"F","F0625089",TRUE,2025-07-07,"Canis lupus",FALSE,"S95-046",0.901041686534882,"F","XX",NA,NA,2025-03-06,2025,3,2025,"S95-046","F",c(1019352.49984841, 6348001.64307065),1019352.49984841,6348001.64307065
"865",2025-03-06,"F","F0525139",TRUE,2025-04-07,"Canis lupus",FALSE,"S93-025",0.989583313465118,"M","XY",NA,NA,2025-03-06,2025,3,2025,"S93-025","M",c(995602.499848407, 6410501.64307065),995602.499848407,6410501.64307065
"866",2025-03-06,"F","F0125011",TRUE,2025-04-07,"Canis lupus",FALSE,"S92-161",1,"F","XX",NA,NA,2025-03-06,2025,3,2025,"S92-161","F",c(930102.499848407, 6590001.64307065),930102.499848407,6590001.64307065
"867",2025-03-06,"F","F0525140",TRUE,2025-05-26,"Canis lupus",FALSE,"S92-086",0.921875,"M","XY",NA,NA,2025-03-06,2025,3,2025,"S92-086","M",c(925102.499848407, 6395001.64307065),925102.499848407,6395001.64307065
"868",2025-03-07,"F","F7325042",TRUE,2025-04-07,"Canis lupus",FALSE,"S93-004",1,"F","XX",NA,NA,2025-03-07,2025,3,2025,"S93-004","F",c(975102.499848407, 6480001.64307065),975102.499848407,6480001.64307065
"869",2025-03-07,"F","F0625094",TRUE,2025-05-26,"Canis lupus",FALSE,"S93-009",0.854166686534882,"F","XX",NA,NA,2025-03-07,2025,3,2025,"S93-009","F",c(1025602.49984841, 6335501.64307065),1025602.49984841,6335501.64307065
"870",2025-03-07,"F","F8325119",TRUE,2025-07-07,"Canis lupus",FALSE,"S95-054",1,"F","XX",NA,NA,2025-03-07,2025,3,2025,"S95-054","F",c(984352.499848407, 6298001.64307065),984352.499848407,6298001.64307065
"871",2025-03-07,"F","F7325041",TRUE,2025-04-07,"Canis lupus",FALSE,"S93-045",0.817708313465118,"M","XY",NA,NA,2025-03-07,2025,3,2025,"S93-045","M",c(999352.499848407, 6473001.64307065),999352.499848407,6473001.64307065
"872",2025-03-07,"F","F0525146",TRUE,2025-07-07,"Canis lupus",FALSE,"S87-006",0.510416686534882,"F","NA",NA,NA,2025-03-07,2025,3,2025,"S87-006","F",c(979352.499848407, 6413001.64307065),979352.499848407,6413001.64307065
"873",2025-03-07,"F","F0525147",TRUE,2025-04-07,"Canis lupus",FALSE,"S93-058",0.947916686534882,"M","XY",NA,NA,2025-03-07,2025,3,2025,"S93-058","M",c(979352.499848407, 6413001.64307065),979352.499848407,6413001.64307065
"874",2025-03-07,"F","F0525153",TRUE,2025-04-07,"Canis lupus",FALSE,"S93-107",0.989583313465118,"M","XY",NA,NA,2025-03-07,2025,3,2025,"S93-107","M",c(979352.499848407, 6418001.64307065),979352.499848407,6418001.64307065
"875",2025-03-07,"F","F0525148",TRUE,2025-05-26,"Canis lupus",FALSE,"S93-058",0.729166686534882,"M","XY",NA,NA,2025-03-07,2025,3,2025,"S93-058","M",c(980102.499848407, 6415001.64307065),980102.499848407,6415001.64307065
"876",2025-03-07,"F","F0525151",TRUE,2025-04-07,"Canis lupus",FALSE,"S92-085",0.958333313465118,"F","XX",NA,NA,2025-03-07,2025,3,2025,"S92-085","F",c(940602.499848407, 6395501.64307065),940602.499848407,6395501.64307065
"877",2025-03-07,"F","F0525149",TRUE,2025-04-07,"Canis lupus",FALSE,"S93-079",0.9375,"M","XY",NA,NA,2025-03-07,2025,3,2025,"S93-079","M",c(939352.499848407, 6393001.64307065),939352.499848407,6393001.64307065
"878",2025-03-08,"F","F0525152",TRUE,2025-04-07,"Canis lupus",FALSE,"S93-111",1,"F","XX",NA,NA,2025-03-08,2025,3,2025,"S93-111","F",c(974352.499848407, 6433001.64307065),974352.499848407,6433001.64307065
"879",2025-03-08,"F","F2625240",TRUE,2025-07-07,"Canis lupus",FALSE,"S92-119",0.682291686534882,"F","XX",NA,NA,2025-03-08,2025,3,2025,"S92-119","F",c(905602.499848407, 6400501.64307065),905602.499848407,6400501.64307065
"880",2025-03-08,"F","F2625169",TRUE,2025-05-26,"Canis lupus",FALSE,"S87-127",0.619791686534882,"F","XX",NA,NA,2025-03-08,2025,3,2025,"S87-127","F",c(894352.499848407, 6433001.64307065),894352.499848407,6433001.64307065
"881",2025-03-08,"F","F2625168",TRUE,2025-05-26,"Canis lupus",FALSE,"S94-050",0.552083313465118,"F","XX",NA,NA,2025-03-08,2025,3,2025,"S94-050","F",c(894352.499848407, 6433001.64307065),894352.499848407,6433001.64307065
"882",2025-03-08,"F","F2625167",TRUE,2025-04-07,"Canis lupus",FALSE,"S87-061",0.505208313465118,"F","XX",NA,NA,2025-03-08,2025,3,2025,"S87-061","F",c(869352.499848407, 6428001.64307065),869352.499848407,6428001.64307065
"883",2025-03-08,"F","F2625241",TRUE,2025-07-07,"Canis lupus",FALSE,"S92-119",0.625,"F","NA",NA,NA,2025-03-08,2025,3,2025,"S92-119","F",c(908102.499848407, 6398501.64307065),908102.499848407,6398501.64307065
"884",2025-03-09,"F","F0425182",TRUE,2025-05-26,"Canis lupus",FALSE,"S94-081",0.90625,"F","XX",NA,NA,2025-03-09,2025,3,2025,"S94-081","F",c(959352.499848407, 6313001.64307065),959352.499848407,6313001.64307065
"885",2025-03-09,"F","F1925021",TRUE,2025-05-26,"Canis lupus",FALSE,"S89-030",0.989583313465118,"M","XY",NA,NA,2025-03-09,2025,3,2025,"S89-030","M",c(623102.499848407, 6488501.64307065),623102.499848407,6488501.64307065
"886",2025-03-09,"F","F0425184",TRUE,2025-07-07,"Canis lupus",FALSE,"S86-035",0.802083313465118,"M","XY",NA,NA,2025-03-09,2025,3,2025,"S86-035","M",c(959352.499848407, 6313001.64307065),959352.499848407,6313001.64307065
"887",2025-03-09,"F","F0425183",TRUE,2025-05-26,"Canis lupus",FALSE,"S93-083",0.989583313465118,"M","XY",NA,NA,2025-03-09,2025,3,2025,"S93-083","M",c(960102.499848407, 6315001.64307065),960102.499848407,6315001.64307065
"888",2025-03-09,"F","F2625171",TRUE,2025-07-07,"Canis lupus",FALSE,"S86-025",0.557291686534882,"M","XY",NA,NA,2025-03-09,2025,3,2025,"S86-025","M",c(900602.499848407, 6415501.64307065),900602.499848407,6415501.64307065
"889",2025-03-09,"F","F0525155",TRUE,2025-05-26,"Canis lupus",FALSE,"S93-014",0.854166686534882,"M","XY",NA,NA,2025-03-09,2025,3,2025,"S93-014","M",c(975602.499848407, 6380501.64307065),975602.499848407,6380501.64307065
"890",2025-03-09,"F","F0525154",TRUE,2025-04-07,"Canis lupus",FALSE,"S93-013",1,"F","XX",NA,NA,2025-03-09,2025,3,2025,"S93-013","F",c(975102.499848407, 6380001.64307065),975102.499848407,6380001.64307065
"891",2025-03-09,"F","F0425181",TRUE,2025-07-07,"Canis lupus",FALSE,"S93-083",0.859375,"M","XY",NA,NA,2025-03-09,2025,3,2025,"S93-083","M",c(960102.499848407, 6315001.64307065),960102.499848407,6315001.64307065
"892",2025-03-09,"F","F2625175",TRUE,2025-04-07,"Canis lupus",FALSE,"S83-069",0.9375,"F","XX",NA,NA,2025-03-09,2025,3,2025,"S83-069","F",c(884352.499848407, 6418001.64307065),884352.499848407,6418001.64307065
"893",2025-03-10,"F","F0425179",TRUE,2025-07-07,"Canis lupus",FALSE,"S73-064",0.989583313465118,"F","XX",NA,NA,2025-03-10,2025,3,2025,"S73-064","F",c(960102.499848407, 6315001.64307065),960102.499848407,6315001.64307065
"894",2025-03-10,"F","F0425180",TRUE,2025-07-07,"Canis lupus",FALSE,"S93-083",0.848958313465118,"M","XY",NA,NA,2025-03-10,2025,3,2025,"S93-083","M",c(963102.499848407, 6313501.64307065),963102.499848407,6313501.64307065
"895",2025-03-10,"F","F3925029",TRUE,2025-07-07,"Canis lupus",FALSE,"S94-012",0.708333313465118,"M","XY",NA,NA,2025-03-10,2025,3,2025,"S94-012","M",c(928102.499848407, 6598501.64307065),928102.499848407,6598501.64307065
"896",2025-03-10,"F","F3825109",TRUE,2025-04-07,"Canis lupus",FALSE,"S93-101",0.942708313465118,"M","XY",NA,NA,2025-03-10,2025,3,2025,"S93-101","M",c(934352.499848407, 6468001.64307065),934352.499848407,6468001.64307065
"897",2025-03-10,"F","F8325124",TRUE,2025-05-26,"Canis lupus",FALSE,"S88-066",0.515625,"F","NA",NA,NA,2025-03-10,2025,3,2025,"S88-066","F",c(944352.499848407, 6273001.64307065),944352.499848407,6273001.64307065
"898",2025-03-10,"F","F0525156",TRUE,2025-04-07,"Canis lupus",FALSE,"S93-106",1,"F","XX",NA,NA,2025-03-10,2025,3,2025,"S93-106","F",c(969352.499848407, 6438001.64307065),969352.499848407,6438001.64307065
"899",2025-03-10,"F","F7425088",TRUE,2025-05-26,"Canis lupus",FALSE,"S88-009",0.90625,"M","XY",NA,NA,2025-03-10,2025,3,2025,"S88-009","M",c(965102.499848407, 6545001.64307065),965102.499848407,6545001.64307065
"900",2025-03-11,"F","F8325128",TRUE,2025-04-07,"Canis lupus",FALSE,"S93-120",0.661458313465118,"M","XY",NA,NA,2025-03-11,2025,3,2025,"S93-120","M",c(944352.499848407, 6283001.64307065),944352.499848407,6283001.64307065
"901",2025-03-11,"F","F7325048",TRUE,2025-05-26,"Canis lupus",FALSE,"S94-026",0.791666686534882,"M","XY",NA,NA,2025-03-11,2025,3,2025,"S94-026","M",c(949352.499848407, 6468001.64307065),949352.499848407,6468001.64307065
"902",2025-03-11,"F","F0425190",TRUE,2025-05-26,"Canis lupus",FALSE,"S62-22",0.927083313465118,"F","XX",NA,NA,2025-03-11,2025,3,2025,"S62-22","F",c(975852.499848407, 6313751.64307065),975852.499848407,6313751.64307065
"903",2025-03-11,"F","F7325045",TRUE,2025-05-26,"Canis lupus",FALSE,"S94-027",0.927083313465118,"M","XY",NA,NA,2025-03-11,2025,3,2025,"S94-027","M",c(994352.499848407, 6468001.64307065),994352.499848407,6468001.64307065
"904",2025-03-11,"F","F7325047",TRUE,2025-04-07,"Canis lupus",FALSE,"S88-014",0.953125,"M","XY",NA,NA,2025-03-11,2025,3,2025,"S88-014","M",c(995102.499848407, 6500001.64307065),995102.499848407,6500001.64307065
"905",2025-03-11,"F","F7325043",TRUE,2025-04-07,"Canis lupus",FALSE,"S89-028",0.916666686534882,"NI","XX",NA,NA,2025-03-11,2025,3,2025,"S89-028","NI",c(984352.499848407, 6488001.64307065),984352.499848407,6488001.64307065
"906",2025-03-11,"F","F7325051",TRUE,2025-04-07,"Canis lupus",FALSE,"S72-049",0.5,"M","XY",NA,NA,2025-03-11,2025,3,2025,"S72-049","M",c(1005102.49984841, 6500001.64307065),1005102.49984841,6500001.64307065
"907",2025-03-11,"F","F7325052",TRUE,2025-04-07,"Canis lupus",FALSE,"S92-125",1,"F","XX",NA,NA,2025-03-11,2025,3,2025,"S92-125","F",c(1004352.49984841, 6498001.64307065),1004352.49984841,6498001.64307065
"908",2025-03-11,"F","F0425187",TRUE,2025-07-07,"Canis lupus",FALSE,"S62-22",0.755208313465118,"F","XX",NA,NA,2025-03-11,2025,3,2025,"S62-22","F",c(975102.499848407, 6314751.64307065),975102.499848407,6314751.64307065
"909",2025-03-11,"F","F8325133",TRUE,2025-07-07,"Canis lupus",FALSE,"S80-077",0.557291686534882,"F","NA",NA,NA,2025-03-11,2025,3,2025,"S80-077","F",c(980602.499848407, 6285501.64307065),980602.499848407,6285501.64307065
"910",2025-03-11,"F","F8325132",TRUE,2025-05-26,"Canis lupus",FALSE,"S94-078",0.776041686534882,"F","XX",NA,NA,2025-03-11,2025,3,2025,"S94-078","F",c(954352.499848407, 6283001.64307065),954352.499848407,6283001.64307065
"911",2025-03-11,"F","F0425186",TRUE,2025-07-07,"Canis lupus",FALSE,"S62-22",0.770833313465118,"F","XX",NA,NA,2025-03-11,2025,3,2025,"S62-22","F",c(975102.499848407, 6314751.64307065),975102.499848407,6314751.64307065
"912",2025-03-11,"F","F0525160",TRUE,2025-05-26,"Canis lupus",FALSE,"S78-081",0.901041686534882,"F","XX",NA,NA,2025-03-11,2025,3,2025,"S78-081","F",c(925602.499848407, 6395501.64307065),925602.499848407,6395501.64307065
"913",2025-03-11,"F","F8325131",TRUE,2025-04-07,"Canis lupus",FALSE,"S93-121",0.958333313465118,"M","XY",NA,NA,2025-03-11,2025,3,2025,"S93-121","M",c(954352.499848407, 6283001.64307065),954352.499848407,6283001.64307065
"914",2025-03-12,"F","F0125029",FALSE,NA,NA,FALSE,"S92-004",0.939999997615814,"F","XX",NA,NA,2025-03-12,2025,3,2025,"S92-004","F",c(938102.499848407, 6588501.64307065),938102.499848407,6588501.64307065
"915",2025-03-12,"F","F2625182",TRUE,2025-04-07,"Canis lupus",FALSE,"S84-024",0.546875,"F","XX",NA,NA,2025-03-12,2025,3,2025,"S84-024","F",c(875602.499848407, 6395501.64307065),875602.499848407,6395501.64307065
"916",2025-03-12,"F","F8325135",TRUE,2025-04-07,"Canis lupus",FALSE,"S93-122",1,"F","XX",NA,NA,2025-03-12,2025,3,2025,"S93-122","F",c(934352.499848407, 6278001.64307065),934352.499848407,6278001.64307065
"917",2025-03-12,"F","F0425193",TRUE,2025-05-26,"Canis lupus",FALSE,"S87-098",0.927083313465118,"F","XX",NA,NA,2025-03-12,2025,3,2025,"S87-098","F",c(924352.499848407, 6333001.64307065),924352.499848407,6333001.64307065
"918",2025-03-13,"F","F3825112",TRUE,2025-04-07,"Canis lupus",FALSE,"S72-023",0.552083313465118,"M","XY",NA,NA,2025-03-13,2025,3,2025,"S72-023","M",c(955102.499848407, 6430001.64307065),955102.499848407,6430001.64307065
"919",2025-03-13,"F","F0525157",TRUE,2025-04-07,"Canis lupus",FALSE,"S88-026",0.9375,"M","XY",NA,NA,2025-03-13,2025,3,2025,"S88-026","M",c(979352.499848407, 6418001.64307065),979352.499848407,6418001.64307065
"920",2025-03-13,"F","F8325148",TRUE,2025-07-07,"Canis lupus",FALSE,"S95-003",0.958333313465118,"M","XY",NA,NA,2025-03-13,2025,3,2025,"S95-003","M",c(944352.499848407, 6243001.64307065),944352.499848407,6243001.64307065
"921",2025-03-13,"F","F8325140",TRUE,2025-07-07,"Canis lupus",FALSE,"S95-029",0.989583313465118,"M","XY",NA,NA,2025-03-13,2025,3,2025,"S95-029","M",c(944352.499848407, 6228001.64307065),944352.499848407,6228001.64307065
"922",2025-03-13,"F","F0525159",TRUE,2025-05-26,"Canis lupus",FALSE,"S88-026",0.5,"M","XY",NA,NA,2025-03-13,2025,3,2025,"S88-026","M",c(980102.499848407, 6420001.64307065),980102.499848407,6420001.64307065
"923",2025-03-13,"F","F0525158",TRUE,2025-04-07,"Canis lupus",FALSE,"S88-026",0.932291686534882,"M","XY",NA,NA,2025-03-13,2025,3,2025,"S88-026","M",c(980602.499848407, 6420501.64307065),980602.499848407,6420501.64307065
"924",2025-03-13,"F","F3825114",TRUE,2025-04-07,"Canis lupus",FALSE,"S86-121",0.911458313465118,"F","XX",NA,NA,2025-03-13,2025,3,2025,"S86-121","F",c(935102.499848407, 6440001.64307065),935102.499848407,6440001.64307065
"925",2025-03-13,"F","F8325144",TRUE,2025-07-07,"Canis lupus",FALSE,"S95-048",0.588541686534882,"F","XX",NA,NA,2025-03-13,2025,3,2025,"S95-048","F",c(964352.499848407, 6253001.64307065),964352.499848407,6253001.64307065
"926",2025-03-13,"F","F0425199",TRUE,2025-07-07,"Canis lupus",FALSE,"S72-012",0.744791686534882,"F","NA",NA,NA,2025-03-13,2025,3,2025,"S72-012","F",c(934352.499848407, 6333001.64307065),934352.499848407,6333001.64307065
"927",2025-03-13,"F","F0625095",TRUE,2025-07-07,"Canis lupus",FALSE,"S95-045",0.65625,"F","XX",NA,NA,2025-03-13,2025,3,2025,"S95-045","F",c(1019352.49984841, 6343001.64307065),1019352.49984841,6343001.64307065
"928",2025-03-13,"F","F0425203",TRUE,2025-05-26,"Canis lupus",FALSE,"S92-113",0.947916686534882,"F","XX",NA,NA,2025-03-13,2025,3,2025,"S92-113","F",c(965102.499848407, 6350001.64307065),965102.499848407,6350001.64307065
"929",2025-03-13,"F","F2625185",TRUE,2025-07-07,"Canis lupus",FALSE,"S80-063",0.651041686534882,"F","XX",NA,NA,2025-03-13,2025,3,2025,"S80-063","F",c(840602.499848407, 6375501.64307065),840602.499848407,6375501.64307065
"930",2025-03-13,"F","F8325141",TRUE,2025-05-26,"Canis lupus",FALSE,"S94-080",0.96875,"F","XX",NA,NA,2025-03-13,2025,3,2025,"S94-080","F",c(949352.499848407, 6288001.64307065),949352.499848407,6288001.64307065
"931",2025-03-13,"F","F8325143",TRUE,2025-07-07,"Canis lupus",FALSE,"S95-042",0.78125,"M","XY",NA,NA,2025-03-13,2025,3,2025,"S95-042","M",c(964352.499848407, 6253001.64307065),964352.499848407,6253001.64307065
"932",2025-03-13,"F","F8325147",TRUE,2025-07-07,"Canis lupus",FALSE,"S95-003",0.953125,"M","XY",NA,NA,2025-03-13,2025,3,2025,"S95-003","M",c(945102.499848407, 6245001.64307065),945102.499848407,6245001.64307065
"933",2025-03-13,"F","F8325142",TRUE,2025-04-07,"Canis lupus",FALSE,"S85-034",0.927083313465118,"M","XY",NA,NA,2025-03-13,2025,3,2025,"S85-034","M",c(950102.499848407, 6290001.64307065),950102.499848407,6290001.64307065
"934",2025-03-13,"F","F2625186",TRUE,2025-07-07,"Canis lupus",FALSE,"S92-062",0.854166686534882,"F","XX",NA,NA,2025-03-13,2025,3,2025,"S92-062","F",c(843102.499848407, 6373501.64307065),843102.499848407,6373501.64307065
"935",2025-03-13,"F","F2625191",TRUE,2025-07-07,"Canis lupus",FALSE,"S95-019",0.786458313465118,"F","XX",NA,NA,2025-03-13,2025,3,2025,"S95-019","F",c(869352.499848407, 6423001.64307065),869352.499848407,6423001.64307065
"936",2025-03-13,"F","F0425206",TRUE,2025-05-26,"Canis lupus",FALSE,"S79-035",0.505208313465118,"F","XY",NA,NA,2025-03-13,2025,3,2025,"S79-035","F",c(964352.499848407, 6353001.64307065),964352.499848407,6353001.64307065
"937",2025-03-13,"F","F8325146",TRUE,2025-07-07,"Canis lupus",FALSE,"S92-115",0.911458313465118,"F","XX",NA,NA,2025-03-13,2025,3,2025,"S92-115","F",c(965102.499848407, 6240001.64307065),965102.499848407,6240001.64307065
"938",2025-03-14,"F","F7425049",TRUE,2025-07-07,"Canis lupus",FALSE,"S73-049",1,"F","XX",NA,NA,2025-03-14,2025,3,2025,"S73-049","F",c(980602.499848407, 6535501.64307065),980602.499848407,6535501.64307065
"939",2025-03-14,"F","F0425209",TRUE,2025-05-26,"Canis lupus",FALSE,"S62-22",0.875,"F","XX",NA,NA,2025-03-14,2025,3,2025,"S62-22","F",c(984602.499848407, 6311001.64307065),984602.499848407,6311001.64307065
"940",2025-03-15,"F","F2625192",TRUE,2025-07-07,"Canis lupus",FALSE,"S95-038",0.677083313465118,"F","XX",NA,NA,2025-03-15,2025,3,2025,"S95-038","F",c(859352.499848407, 6373001.64307065),859352.499848407,6373001.64307065
"941",2025-03-16,"F","F8425064",TRUE,2025-04-07,"Canis lupus",FALSE,"S93-096",0.859375,"F","XX",NA,NA,2025-03-16,2025,3,2025,"S93-096","F",c(869352.499848407, 6303001.64307065),869352.499848407,6303001.64307065
"942",2025-03-16,"U","U3825019",TRUE,2025-07-07,"Canis lupus",FALSE,"S95-055",0.703125,"M","XY",NA,NA,2025-03-16,2025,3,2025,"S95-055","M",c(889352.499848407, 6453001.64307065),889352.499848407,6453001.64307065
"943",2025-03-16,"F","F8425066",TRUE,2025-05-26,"Canis lupus",FALSE,"S86-099",0.770833313465118,"F","XX",NA,NA,2025-03-16,2025,3,2025,"S86-099","F",c(875102.499848407, 6345001.64307065),875102.499848407,6345001.64307065
"944",2025-03-17,"F","F0425211",TRUE,2025-05-26,"Canis lupus",FALSE,"S57-55",0.90625,"F","XX",NA,NA,2025-03-17,2025,3,2025,"S57-55","F",c(955102.499848407, 6355001.64307065),955102.499848407,6355001.64307065
"945",2025-03-17,"F","F0425212",TRUE,2025-04-07,"Canis lupus",FALSE,"S79-035",0.84375,"F","XX",NA,NA,2025-03-17,2025,3,2025,"S79-035","F",c(955102.499848407, 6355001.64307065),955102.499848407,6355001.64307065
"946",2025-03-17,"F","F4825012",TRUE,2025-05-26,"Canis lupus",FALSE,"S94-015",0.96875,"F","XX",NA,NA,2025-03-17,2025,3,2025,"S94-015","F",c(740102.499848407, 6340001.64307065),740102.499848407,6340001.64307065
"947",2025-03-17,"F","F7325056",TRUE,2025-05-26,"Canis lupus",FALSE,"S93-066",1,"M","XY",NA,NA,2025-03-17,2025,3,2025,"S93-066","M",c(955102.499848407, 6485001.64307065),955102.499848407,6485001.64307065
"948",2025-03-17,"F","F0625098",TRUE,2025-07-07,"Canis lupus",FALSE,"S93-039",1,"M","XY",NA,NA,2025-03-17,2025,3,2025,"S93-039","M",c(1045102.49984841, 6345001.64307065),1045102.49984841,6345001.64307065
"949",2025-03-17,"F","F0125013",TRUE,2025-07-07,"Canis lupus",FALSE,"S92-164",0.875,"M","XY",NA,NA,2025-03-17,2025,3,2025,"S92-164","M",c(935602.499848407, 6590501.64307065),935602.499848407,6590501.64307065
"950",2025-03-17,"F","F3825116",TRUE,2025-05-26,"Canis lupus",FALSE,"S69-06",0.833333313465118,"M","XY",NA,NA,2025-03-17,2025,3,2025,"S69-06","M",c(948102.499848407, 6433501.64307065),948102.499848407,6433501.64307065
"951",2025-03-17,"F","F3825115",TRUE,2025-04-07,"Canis lupus",FALSE,"S69-06",0.895833313465118,"M","XY",NA,NA,2025-03-17,2025,3,2025,"S69-06","M",c(945852.499848407, 6433751.64307065),945852.499848407,6433751.64307065
"952",2025-03-17,"F","F7425066",TRUE,2025-05-26,"Canis lupus",FALSE,"S94-074",0.96875,"M","XY",NA,NA,2025-03-17,2025,3,2025,"S94-074","M",c(1000102.49984841, 6550001.64307065),1000102.49984841,6550001.64307065
"953",2025-03-18,"F","F7425065",TRUE,2025-05-26,"Canis lupus",FALSE,"S94-020",0.9375,"F","XX",NA,NA,2025-03-18,2025,3,2025,"S94-020","F",c(1005852.49984841, 6548751.64307065),1005852.49984841,6548751.64307065
"954",2025-03-18,"F","F3825117",TRUE,2025-04-07,"Canis lupus",FALSE,"S73-070",0.921875,"M","XY",NA,NA,2025-03-18,2025,3,2025,"S73-070","M",c(935852.499848407, 6428751.64307065),935852.499848407,6428751.64307065
"955",2025-03-18,"F","F7325059",TRUE,2025-05-26,"Canis lupus",FALSE,"S73-012",0.921875,"F","XX",NA,NA,2025-03-18,2025,3,2025,"S73-012","F",c(979352.499848407, 6513001.64307065),979352.499848407,6513001.64307065
"956",2025-03-18,"F","F7325058",TRUE,2025-05-26,"Canis lupus",FALSE,"S94-008",1,"M","XY",NA,NA,2025-03-18,2025,3,2025,"S94-008","M",c(980102.499848407, 6525001.64307065),980102.499848407,6525001.64307065
"957",2025-03-18,"F","F7325057",TRUE,2025-05-26,"Canis lupus",FALSE,"S94-055",0.916666686534882,"M","XY",NA,NA,2025-03-18,2025,3,2025,"S94-055","M",c(979352.499848407, 6523001.64307065),979352.499848407,6523001.64307065
"958",2025-03-18,"F","F7425064",TRUE,2025-05-26,"Canis lupus",FALSE,"S94-017",0.739583313465118,"F","XX",NA,NA,2025-03-18,2025,3,2025,"S94-017","F",c(1005102.49984841, 6550001.64307065),1005102.49984841,6550001.64307065
"959",2025-03-18,"F","F0425215",TRUE,2025-05-26,"Canis lupus",FALSE,"S85-034",0.927083313465118,"M","XY",NA,NA,2025-03-18,2025,3,2025,"S85-034","M",c(965602.499848407, 6305501.64307065),965602.499848407,6305501.64307065
"960",2025-03-18,"F","F7425075",TRUE,2025-07-07,"Canis lupus",FALSE,"S94-020",0.776041686534882,"F","XX",NA,NA,2025-03-18,2025,3,2025,"S94-020","F",c(990102.499848407, 6545001.64307065),990102.499848407,6545001.64307065
"961",2025-03-18,"F","F1325074",TRUE,2025-04-07,"Canis lupus",FALSE,"S93-002",0.927083313465118,"F","XX",NA,NA,2025-03-18,2025,3,2025,"S93-002","F",c(890102.499848407, 6285001.64307065),890102.499848407,6285001.64307065
"962",2025-03-19,"F","F0625107",TRUE,2025-07-07,"Canis lupus",FALSE,"S95-016",0.6875,"M","XY",NA,NA,2025-03-19,2025,3,2025,"S95-016","M",c(1004352.49984841, 6313001.64307065),1004352.49984841,6313001.64307065
"963",2025-03-19,"F","F4825014",TRUE,2025-05-26,"Canis lupus",FALSE,"S86-033",0.84375,"F","XX",NA,NA,2025-03-19,2025,3,2025,"S86-033","F",c(740602.499848407, 6335501.64307065),740602.499848407,6335501.64307065
"964",2025-03-19,"F","F7425095",TRUE,2025-07-07,"Canis lupus",FALSE,"S95-053",0.953125,"M","XY",NA,NA,2025-03-19,2025,3,2025,"S95-053","M",c(999352.499848407, 6548001.64307065),999352.499848407,6548001.64307065
"965",2025-03-19,"F","F2625214",TRUE,2025-07-07,"Canis lupus",FALSE,"S95-058",0.838541686534882,"M","XY",NA,NA,2025-03-19,2025,3,2025,"S95-058","M",c(869352.499848407, 6368001.64307065),869352.499848407,6368001.64307065
"966",2025-03-19,"F","F2625218",TRUE,2025-07-07,"Canis lupus",TRUE,"S75-020",0.536458313465118,"F","XX",NA,NA,2025-03-19,2025,3,2025,"S75-020","F",c(904352.499848407, 6388001.64307065),904352.499848407,6388001.64307065
"967",2025-03-19,"F","F7325060",TRUE,2025-07-07,"Canis lupus",FALSE,"S94-025",0.994791686534882,"F","XX",NA,NA,2025-03-19,2025,3,2025,"S94-025","F",c(975102.499848407, 6535001.64307065),975102.499848407,6535001.64307065
"968",2025-03-19,"F","F4825013",TRUE,2025-05-26,"Canis lupus",FALSE,"S85-007",1,"M","XY",NA,NA,2025-03-19,2025,3,2025,"S85-007","M",c(740852.499848407, 6338751.64307065),740852.499848407,6338751.64307065
"969",2025-03-19,"F","F7325061",TRUE,2025-05-26,"Canis lupus",FALSE,"S94-014",0.890625,"F","XX",NA,NA,2025-03-19,2025,3,2025,"S94-014","F",c(970102.499848407, 6520001.64307065),970102.499848407,6520001.64307065
"970",2025-03-19,"F","F0425234",TRUE,2025-05-26,"Canis lupus",FALSE,"S94-059",0.630208313465118,"NI","NA",NA,NA,2025-03-19,2025,3,2025,"S94-059","NI",c(924352.499848407, 6323001.64307065),924352.499848407,6323001.64307065
"971",2025-03-20,"F","F7425092",TRUE,2025-07-07,"Canis lupus",FALSE,"S75-071",0.786458313465118,"M","XY",NA,NA,2025-03-20,2025,3,2025,"S75-071","M",c(994352.499848407, 6563001.64307065),994352.499848407,6563001.64307065
"972",2025-03-20,"F","F0625103",TRUE,2025-07-07,"Canis lupus",FALSE,"S95-044",0.630208313465118,"M","XY",NA,NA,2025-03-20,2025,3,2025,"S95-044","M",c(1009352.49984841, 6363001.64307065),1009352.49984841,6363001.64307065
"973",2025-03-21,"F","F0125020",FALSE,NA,NA,FALSE,"S92-090",0.970000028610229,"M","XY",NA,NA,2025-03-21,2025,3,2025,"S92-090","M",c(935102.499848407, 6590001.64307065),935102.499848407,6590001.64307065
"974",2025-03-21,"F","F0125027",FALSE,NA,NA,FALSE,"S92-164",0.959999978542328,"M","XY",NA,NA,2025-03-21,2025,3,2025,"S92-164","M",c(938102.499848407, 6588501.64307065),938102.499848407,6588501.64307065
"975",2025-03-21,"F","F0125024",FALSE,NA,NA,FALSE,"S92-164",1,"M","XY",NA,NA,2025-03-21,2025,3,2025,"S92-164","M",c(935852.499848407, 6588751.64307065),935852.499848407,6588751.64307065
"976",2025-03-21,"F","F0125025",FALSE,NA,NA,FALSE,"S92-164",0.839999973773956,"M","XY",NA,NA,2025-03-21,2025,3,2025,"S92-164","M",c(935102.499848407, 6589751.64307065),935102.499848407,6589751.64307065
"977",2025-03-21,"F","F0525173",TRUE,2025-05-26,"Canis lupus",FALSE,"S78-042",0.869791686534882,"M","XY",NA,NA,2025-03-21,2025,3,2025,"S78-042","M",c(940602.499848407, 6395501.64307065),940602.499848407,6395501.64307065
"978",2025-03-21,"F","F7425046",TRUE,2025-04-07,"Canis lupus",FALSE,"S79-066",0.984375,"F","XX",NA,NA,2025-03-21,2025,3,2025,"S79-066","F",c(959352.499848407, 6548001.64307065),959352.499848407,6548001.64307065
"979",2025-03-21,"F","F7425047",TRUE,2025-04-07,"Canis lupus",FALSE,"S79-066",1,"F","XX",NA,NA,2025-03-21,2025,3,2025,"S79-066","F",c(960102.499848407, 6550001.64307065),960102.499848407,6550001.64307065
"980",2025-03-21,"F","F8325166",TRUE,2025-07-07,"Canis lupus",FALSE,"S94-021",1,"M","XY",NA,NA,2025-03-21,2025,3,2025,"S94-021","M",c(965102.499848407, 6300001.64307065),965102.499848407,6300001.64307065
"981",2025-03-21,"F","F0425219",TRUE,2025-05-26,"Canis lupus",FALSE,"S92-109",0.901041686534882,"F","XX",NA,NA,2025-03-21,2025,3,2025,"S92-109","F",c(935602.499848407, 6315501.64307065),935602.499848407,6315501.64307065
"982",2025-03-21,"F","F2625219",TRUE,2025-07-07,"Canis lupus",FALSE,"S95-022",0.9375,"M","XY",NA,NA,2025-03-21,2025,3,2025,"S95-022","M",c(904352.499848407, 6388001.64307065),904352.499848407,6388001.64307065
"983",2025-03-21,"F","F1325076",TRUE,2025-05-26,"Canis lupus",FALSE,"S82-039",0.911458313465118,"F","XX",NA,NA,2025-03-21,2025,3,2025,"S82-039","F",c(859352.499848407, 6293001.64307065),859352.499848407,6293001.64307065
"984",2025-03-21,"F","F8325167",TRUE,2025-07-07,"Canis lupus",FALSE,"S95-024",0.901041686534882,"M","XY",NA,NA,2025-03-21,2025,3,2025,"S95-024","M",c(974352.499848407, 6263001.64307065),974352.499848407,6263001.64307065
"985",2025-03-22,"F","F8325168",TRUE,2025-07-07,"Canis lupus",FALSE,"S95-051",0.916666686534882,"M","XY",NA,NA,2025-03-22,2025,3,2025,"S95-051","M",c(994352.499848407, 6238001.64307065),994352.499848407,6238001.64307065
"986",2025-03-22,"F","F2525008",TRUE,2025-05-26,"Canis lupus",FALSE,"S94-047",0.619791686534882,"F","XX",NA,NA,2025-03-22,2025,3,2025,"S94-047","F",c(954352.499848407, 6643001.64307065),954352.499848407,6643001.64307065
"987",2025-03-22,"F","F2525009",TRUE,2025-05-26,"Canis lupus",FALSE,"S81-129",0.859375,"F","XX",NA,NA,2025-03-22,2025,3,2025,"S81-129","F",c(955102.499848407, 6645001.64307065),955102.499848407,6645001.64307065
"988",2025-03-22,"F","F2625221",TRUE,2025-07-07,"Canis lupus",FALSE,"S94-073",0.864583313465118,"F","XX",NA,NA,2025-03-22,2025,3,2025,"S94-073","F",c(850102.499848407, 6380001.64307065),850102.499848407,6380001.64307065
"989",2025-03-22,"F","F2625220",TRUE,2025-07-07,"Canis lupus",FALSE,"S95-037",0.875,"M","XY",NA,NA,2025-03-22,2025,3,2025,"S95-037","M",c(849352.499848407, 6378001.64307065),849352.499848407,6378001.64307065
"990",2025-03-24,"F","F7325062",TRUE,2025-07-07,"Canis lupus",FALSE,"S88-024",0.588541686534882,"F","XX",NA,NA,2025-03-24,2025,3,2025,"S88-024","F",c(980102.499848407, 6485001.64307065),980102.499848407,6485001.64307065
"991",2025-03-24,"F","F0125014",TRUE,2025-07-07,"Canis lupus",FALSE,"S93-032",0.947916686534882,"M","XY",NA,NA,2025-03-24,2025,3,2025,"S93-032","M",c(905102.499848407, 6565001.64307065),905102.499848407,6565001.64307065
"992",2025-03-24,"F","F2625226",TRUE,2025-07-07,"Canis lupus",FALSE,"S80-063",1,"F","XX",NA,NA,2025-03-24,2025,3,2025,"S80-063","F",c(853102.499848407, 6373501.64307065),853102.499848407,6373501.64307065
"993",2025-03-24,"F","F8325169",TRUE,2025-07-07,"Canis lupus",FALSE,"S95-014",1,"M","XY",NA,NA,2025-03-24,2025,3,2025,"S95-014","M",c(984352.499848407, 6273001.64307065),984352.499848407,6273001.64307065
"994",2025-03-24,"F","F2625224",TRUE,2025-07-07,"Canis lupus",FALSE,"S95-057",0.890625,"M","XY",NA,NA,2025-03-24,2025,3,2025,"S95-057","M",c(849352.499848407, 6373001.64307065),849352.499848407,6373001.64307065
"995",2025-03-24,"F","F2625225",TRUE,2025-07-07,"Canis lupus",FALSE,"S78-035",0.885416686534882,"F","XX",NA,NA,2025-03-24,2025,3,2025,"S78-035","F",c(850602.499848407, 6375501.64307065),850602.499848407,6375501.64307065
"996",2025-03-25,"F","F2625244",TRUE,2025-07-07,"Canis lupus",FALSE,"S83-069",0.989583313465118,"F","XX",NA,NA,2025-03-25,2025,3,2025,"S83-069","F",c(880102.499848407, 6430001.64307065),880102.499848407,6430001.64307065
"997",2025-03-25,"F","F0625108",TRUE,2025-07-07,"Canis lupus",FALSE,"S89-012",0.994791686534882,"M","XY",NA,NA,2025-03-25,2025,3,2025,"S89-012","M",c(1010102.49984841, 6300001.64307065),1010102.49984841,6300001.64307065
"998",2025-03-25,"F","F2625242",TRUE,2025-07-07,"Canis lupus",FALSE,"S83-069",1,"F","XX",NA,NA,2025-03-25,2025,3,2025,"S83-069","F",c(880102.499848407, 6430001.64307065),880102.499848407,6430001.64307065
"999",2025-03-25,"F","F0425227",TRUE,2025-05-26,"Canis lupus",FALSE,"S89-019",0.71875,"F","XX",NA,NA,2025-03-25,2025,3,2025,"S89-019","F",c(1000602.49984841, 6315501.64307065),1000602.49984841,6315501.64307065
"1000",2025-03-25,"F","F7425063",TRUE,2025-07-07,"Canis lupus",FALSE,"S94-019",0.947916686534882,"M","XY",NA,NA,2025-03-25,2025,3,2025,"S94-019","M",c(995602.499848407, 6540501.64307065),995602.499848407,6540501.64307065
"1001",2025-03-26,"F","F0125026",FALSE,NA,NA,FALSE,"S92-164",1,"M","XY",NA,NA,2025-03-26,2025,3,2025,"S92-164","M",c(935102.499848407, 6588251.64307065),935102.499848407,6588251.64307065
"1002",2025-03-26,"F","F1325078",TRUE,2025-05-26,"Canis lupus",FALSE,"S94-031",1,"M","XY",NA,NA,2025-03-26,2025,3,2025,"S94-031","M",c(900102.499848407, 6245001.64307065),900102.499848407,6245001.64307065
"1003",2025-03-26,"F","F7425072",TRUE,2025-07-07,"Canis lupus",FALSE,"S94-074",0.526041686534882,"M","XY",NA,NA,2025-03-26,2025,3,2025,"S94-074","M",c(995602.499848407, 6545501.64307065),995602.499848407,6545501.64307065
"1004",2025-03-26,"F","F0425226",TRUE,2025-05-26,"Canis lupus",FALSE,"S89-019",0.546875,"F","XX",NA,NA,2025-03-26,2025,3,2025,"S89-019","F",c(1003102.49984841, 6323501.64307065),1003102.49984841,6323501.64307065
"1005",2025-03-26,"F","F0425228",TRUE,2025-05-26,"Canis lupus",FALSE,"S94-009",0.828125,"M","XY",NA,NA,2025-03-26,2025,3,2025,"S94-009","M",c(1005102.49984841, 6380001.64307065),1005102.49984841,6380001.64307065
"1006",2025-03-26,"F","F0525176",TRUE,2025-05-26,"Canis lupus",FALSE,"S92-087",0.916666686534882,"M","XY",NA,NA,2025-03-26,2025,3,2025,"S92-087","M",c(935102.499848407, 6395001.64307065),935102.499848407,6395001.64307065
"1007",2025-03-26,"F","F7425102",TRUE,2025-07-07,"Canis lupus",FALSE,"S94-011",0.791666686534882,"M","XY",NA,NA,2025-03-26,2025,3,2025,"S94-011","M",c(988102.499848407, 6543501.64307065),988102.499848407,6543501.64307065
"1008",2025-03-26,"F","F8325174",TRUE,2025-05-26,"Canis lupus",FALSE,"S79-060",0.713541686534882,"F","XX",NA,NA,2025-03-26,2025,3,2025,"S79-060","F",c(984352.499848407, 6253001.64307065),984352.499848407,6253001.64307065
"1009",2025-03-26,"F","F7425070",TRUE,2025-07-07,"Canis lupus",FALSE,"S94-011",0.90625,"M","XY",NA,NA,2025-03-26,2025,3,2025,"S94-011","M",c(995852.499848407, 6543751.64307065),995852.499848407,6543751.64307065
"1010",2025-03-26,"F","F7425071",TRUE,2025-07-07,"Canis lupus",FALSE,"S88-104",0.989583313465118,"M","XY",NA,NA,2025-03-26,2025,3,2025,"S88-104","M",c(995852.499848407, 6543751.64307065),995852.499848407,6543751.64307065
"1011",2025-03-26,"S","S0425001",TRUE,2025-05-26,"Canis lupus",FALSE,"S74-024",1,"F","XX",NA,NA,2025-03-26,2025,3,2025,"S74-024","F",c(999352.499848407, 6363001.64307065),999352.499848407,6363001.64307065
"1012",2025-03-27,"F","F2625239",TRUE,2025-07-07,"Canis lupus",FALSE,"S80-063",0.744791686534882,"F","XX",NA,NA,2025-03-27,2025,3,2025,"S80-063","F",c(845852.499848407, 6378751.64307065),845852.499848407,6378751.64307065
"1013",2025-03-27,"F","F7325064",TRUE,2025-07-07,"Canis lupus",FALSE,"S93-070",0.869791686534882,"M","XY",NA,NA,2025-03-27,2025,3,2025,"S93-070","M",c(970102.499848407, 6480001.64307065),970102.499848407,6480001.64307065
"1014",2025-03-27,"F","F8325176",TRUE,2025-05-26,"Canis lupus",FALSE,"S92-065",0.854166686534882,"M","XY",NA,NA,2025-03-27,2025,3,2025,"S92-065","M",c(965102.499848407, 6285001.64307065),965102.499848407,6285001.64307065
"1015",2025-03-27,"F","F3825124",TRUE,2025-07-07,"Canis lupus",FALSE,"S95-012",0.8125,"F","XX",NA,NA,2025-03-27,2025,3,2025,"S95-012","F",c(894352.499848407, 6413001.64307065),894352.499848407,6413001.64307065
"1016",2025-03-27,"F","F8325175",TRUE,2025-05-26,"Canis lupus",FALSE,"S78-046",0.557291686534882,"M","NA",NA,NA,2025-03-27,2025,3,2025,"S78-046","M",c(973102.499848407, 6283501.64307065),973102.499848407,6283501.64307065
"1017",2025-03-27,"F","F2625243",TRUE,2025-07-07,"Canis lupus",FALSE,"S83-069",0.958333313465118,"F","XX",NA,NA,2025-03-27,2025,3,2025,"S83-069","F",c(888102.499848407, 6428501.64307065),888102.499848407,6428501.64307065
"1018",2025-03-27,"F","F2625227",TRUE,2025-07-07,"Canis lupus",FALSE,"S86-038",0.989583313465118,"M","XY",NA,NA,2025-03-27,2025,3,2025,"S86-038","M",c(845602.499848407, 6380501.64307065),845602.499848407,6380501.64307065
"1019",2025-03-27,"F","F2525014",TRUE,2025-05-26,"Canis lupus",FALSE,"S94-046",1,"M","XY",NA,NA,2025-03-27,2025,3,2025,"S94-046","M",c(954352.499848407, 6638001.64307065),954352.499848407,6638001.64307065
"1020",2025-03-27,"F","F0625112",TRUE,2025-07-07,"Canis lupus",FALSE,"S82-114",0.802083313465118,"M","XY",NA,NA,2025-03-27,2025,3,2025,"S82-114","M",c(1009352.49984841, 6358001.64307065),1009352.49984841,6358001.64307065
"1021",2025-03-27,"F","F0525175",TRUE,2025-07-07,"Canis lupus",FALSE,"S95-030",0.572916686534882,"F","XX",NA,NA,2025-03-27,2025,3,2025,"S95-030","F",c(939352.499848407, 6398001.64307065),939352.499848407,6398001.64307065
"1022",2025-03-28,"F","F2525015",TRUE,2025-05-26,"Canis lupus",FALSE,"S81-129",0.770833313465118,"F","XX",NA,NA,2025-03-28,2025,3,2025,"S81-129","F",c(955602.499848407, 6640501.64307065),955602.499848407,6640501.64307065
"1023",2025-03-28,"F","F1325080",TRUE,2025-05-26,"Canis lupus",FALSE,"S82-039",0.927083313465118,"F","XX",NA,NA,2025-03-28,2025,3,2025,"S82-039","F",c(860102.499848407, 6295001.64307065),860102.499848407,6295001.64307065
"1024",2025-03-28,"F","F0525180",TRUE,2025-05-26,"Canis lupus",FALSE,"S94-082",1,"F","XX",NA,NA,2025-03-28,2025,3,2025,"S94-082","F",c(939352.499848407, 6413001.64307065),939352.499848407,6413001.64307065
"1025",2025-03-28,"F","F0525182",TRUE,2025-07-07,"Canis lupus",FALSE,"S78-081",0.661458313465118,"F","XX",NA,NA,2025-03-28,2025,3,2025,"S78-081","F",c(933102.499848407, 6393501.64307065),933102.499848407,6393501.64307065
"1026",2025-03-28,"F","F0525177",TRUE,2025-05-26,"Canis lupus",FALSE,"S93-086",0.6875,"M","XY",NA,NA,2025-03-28,2025,3,2025,"S93-086","M",c(985102.499848407, 6385001.64307065),985102.499848407,6385001.64307065
"1027",2025-03-28,"F","F8325177",TRUE,2025-07-07,"Canis lupus",FALSE,"S78-046",0.515625,"M","XY",NA,NA,2025-03-28,2025,3,2025,"S78-046","M",c(965852.499848407, 6288751.64307065),965852.499848407,6288751.64307065
"1028",2025-03-28,"F","F1325081",TRUE,2025-05-26,"Canis lupus",FALSE,"S94-079",0.552083313465118,"F","XX",NA,NA,2025-03-28,2025,3,2025,"S94-079","F",c(859352.499848407, 6293001.64307065),859352.499848407,6293001.64307065
"1029",2025-03-29,"F","F0425231",TRUE,2025-05-26,"Canis lupus",FALSE,"S93-083",0.552083313465118,"M","XY",NA,NA,2025-03-29,2025,3,2025,"S93-083","M",c(965852.499848407, 6313751.64307065),965852.499848407,6313751.64307065
"1030",2025-03-29,"F","F7425093",TRUE,2025-07-07,"Canis lupus",FALSE,"S94-074",0.989583313465118,"M","XY",NA,NA,2025-03-29,2025,3,2025,"S94-074","M",c(1003102.49984841, 6543501.64307065),1003102.49984841,6543501.64307065
"1031",2025-03-29,"F","F0425230",TRUE,2025-05-26,"Canis lupus",FALSE,"S93-083",1,"M","XY",NA,NA,2025-03-29,2025,3,2025,"S93-083","M",c(965102.499848407, 6309751.64307065),965102.499848407,6309751.64307065
"1032",2025-03-29,"F","F0525189",TRUE,2025-07-07,"Canis lupus",FALSE,"S95-063",0.71875,"F","XX",NA,NA,2025-03-29,2025,3,2025,"S95-063","F",c(984352.499848407, 6423001.64307065),984352.499848407,6423001.64307065
"1033",2025-03-29,"F","F0425229",TRUE,2025-07-07,"Canis lupus",FALSE,"S93-083",0.895833313465118,"M","XY",NA,NA,2025-03-29,2025,3,2025,"S93-083","M",c(965102.499848407, 6309751.64307065),965102.499848407,6309751.64307065
"1034",2025-03-29,"F","F0525181",TRUE,2025-05-26,"Canis lupus",FALSE,"S93-103",0.953125,"F","XX",NA,NA,2025-03-29,2025,3,2025,"S93-103","F",c(950102.499848407, 6405001.64307065),950102.499848407,6405001.64307065
"1035",2025-03-29,"F","F7425094",TRUE,2025-07-07,"Canis lupus",FALSE,"S94-011",0.973958313465118,"M","XY",NA,NA,2025-03-29,2025,3,2025,"S94-011","M",c(1000102.49984841, 6544751.64307065),1000102.49984841,6544751.64307065
"1036",2025-03-30,"F","F7425081",TRUE,2025-07-07,"Canis lupus",FALSE,"S95-052",0.958333313465118,"F","XX",NA,NA,2025-03-30,2025,3,2025,"S95-052","F",c(969352.499848407, 6548001.64307065),969352.499848407,6548001.64307065
"1037",2025-03-30,"F","F7425078",TRUE,2025-07-07,"Canis lupus",FALSE,"S95-069",0.682291686534882,"F","XX",NA,NA,2025-03-30,2025,3,2025,"S95-069","F",c(974352.499848407, 6568001.64307065),974352.499848407,6568001.64307065
"1038",2025-03-30,"F","F4825019",TRUE,2025-05-26,"Canis lupus",FALSE,"S94-085",0.526041686534882,"M","XY",NA,NA,2025-03-30,2025,3,2025,"S94-085","M",c(734352.499848407, 6353001.64307065),734352.499848407,6353001.64307065
"1039",2025-03-30,"F","F7425082",TRUE,2025-07-07,"Canis lupus",FALSE,"S95-056",0.536458313465118,"M","XY",NA,NA,2025-03-30,2025,3,2025,"S95-056","M",c(969352.499848407, 6548001.64307065),969352.499848407,6548001.64307065
"1040",2025-03-30,"F","F3825120",TRUE,2025-05-26,"Canis lupus",FALSE,"S94-057",0.796875,"M","XY",NA,NA,2025-03-30,2025,3,2025,"S94-057","M",c(914352.499848407, 6438001.64307065),914352.499848407,6438001.64307065
"1041",2025-03-30,"F","F2625229",TRUE,2025-07-07,"Canis lupus",FALSE,"S94-073",1,"F","XX",NA,NA,2025-03-30,2025,3,2025,"S94-073","F",c(855602.499848407, 6380501.64307065),855602.499848407,6380501.64307065
"1042",2025-03-31,"F","F0625114",TRUE,2025-07-07,"Canis lupus",FALSE,"S95-050",0.963541686534882,"M","XY",NA,NA,2025-03-31,2025,3,2025,"S95-050","M",c(1054352.49984841, 6343001.64307065),1054352.49984841,6343001.64307065
"1043",2025-03-31,"F","F1325084",TRUE,2025-05-26,"Canis lupus",FALSE,"S92-042",0.776041686534882,"F","XX",NA,NA,2025-03-31,2025,3,2025,"S92-042","F",c(895102.499848407, 6239751.64307065),895102.499848407,6239751.64307065
"1044",2025-03-31,"F","F0625116",TRUE,2025-07-07,"Canis lupus",FALSE,"S82-114",0.854166686534882,"M","XY",NA,NA,2025-03-31,2025,3,2025,"S82-114","M",c(1010102.49984841, 6365001.64307065),1010102.49984841,6365001.64307065
"1045",2025-03-31,"F","F7325072",TRUE,2025-05-26,"Canis lupus",FALSE,"S94-052",0.895833313465118,"M","XY",NA,NA,2025-03-31,2025,3,2025,"S94-052","M",c(969352.499848407, 6458001.64307065),969352.499848407,6458001.64307065
"1046",2025-03-31,"F","F7325076",TRUE,2025-05-26,"Canis lupus",FALSE,"S94-028",0.609375,"F","XX",NA,NA,2025-03-31,2025,3,2025,"S94-028","F",c(944352.499848407, 6518001.64307065),944352.499848407,6518001.64307065
"1047",2025-03-31,"F","F0425232",TRUE,2025-05-26,"Canis lupus",FALSE,"S94-010",0.817708313465118,"F","XX",NA,NA,2025-03-31,2025,3,2025,"S94-010","F",c(1005102.49984841, 6380001.64307065),1005102.49984841,6380001.64307065
