"","INDEX_CAL","SEXE","date1","Year","mois","saisonyear","Id","x","y","geometry"
"2063",0.9375,"XY",2023-11-02,2023,11,2024,"S83-015",904499.999998825,6240499.99999992,c(904499.999998825, 6240499.99999992)
"2066",0.895833313,"XY",2023-11-06,2023,11,2024,"S87-103",1004499.99999868,6340499.99999989,c(1004499.99999868, 6340499.99999989)
"2067",0.854166687,"XY",2023-11-07,2023,11,2024,"S78-030",969499.999998728,6395499.99999987,c(969499.999998728, 6395499.99999987)
"2068",1,"XX",2023-11-08,2023,11,2024,"S81-125",929499.999998788,6370499.99999987,c(929499.999998788, 6370499.99999987)
"2069",0.755208313,"XY",2023-11-08,2023,11,2024,"S74-001",934499.99999878,6370499.99999987,c(934499.99999878, 6370499.99999987)
"2070",0.859375,"XY",2023-11-08,2023,11,2024,"S74-001",928499.99999879,6374499.99999987,c(928499.99999879, 6374499.99999987)
"2072",0.994791687,"XX",2023-11-09,2023,11,2024,"S86-106",949499.999998758,6410499.99999986,c(949499.999998758, 6410499.99999986)
"2076",1,"XX",2023-11-12,2023,11,2024,"S74-007",1044499.99999862,6340499.99999989,c(1044499.99999862, 6340499.99999989)
"2077",0.604166687,"XY",2023-11-12,2023,11,2024,"S65-35",949499.999998758,6410499.99999986,c(949499.999998758, 6410499.99999986)
"2079",0.723958313,"XY",2023-11-13,2023,11,2024,"S86-035",924499.999998795,6395499.99999987,c(924499.999998795, 6395499.99999987)
"2080",0.864583313,"XY",2023-11-13,2023,11,2024,"S73-070",944499.999998766,6425499.99999985,c(944499.999998766, 6425499.99999985)
"2081",0.864583313,"XY",2023-11-14,2023,11,2024,"S86-037",909499.999998818,6370499.99999987,c(909499.999998818, 6370499.99999987)
"2082",1,"XX",2023-11-14,2023,11,2024,"S74-014",909499.999998818,6345499.99999988,c(909499.999998818, 6345499.99999988)
"2083",0.921875,"XX",2023-11-14,2023,11,2024,"S86-110",909499.999998818,6345499.99999988,c(909499.999998818, 6345499.99999988)
"2088",1,"XY",2023-11-17,2023,11,2024,"S65-35",948499.99999876,6414499.99999986,c(948499.99999876, 6414499.99999986)
"2089",0.802083313,"XX",2023-11-17,2023,11,2024,"S83-044",909499.999998818,6375499.99999987,c(909499.999998818, 6375499.99999987)
"2090",0.958333313,"XX",2023-11-17,2023,11,2024,"S83-044",909499.999998818,6375499.99999987,c(909499.999998818, 6375499.99999987)
"2092",0.973958313,"XX",2023-11-17,2023,11,2024,"S78-001",914499.99999881,6275499.99999991,c(914499.99999881, 6275499.99999991)
"2095",0.911458313,"XX",2023-11-20,2023,11,2024,"S80-061",874499.99999887,6380499.99999987,c(874499.99999887, 6380499.99999987)
"2096",0.989583313,"XX",2023-11-21,2023,11,2024,"S81-136",934499.99999878,6425499.99999985,c(934499.99999878, 6425499.99999985)
"2097",0.744791687,"XY",2023-11-21,2023,11,2024,"S83-024",889499.999998848,6300499.9999999,c(889499.999998848, 6300499.9999999)
"2098",1,"XX",2023-11-21,2023,11,2024,"S77-049",769499.999999027,6365499.99999988,c(769499.999999027, 6365499.99999988)
"2099",0.682291687,"XX",2023-11-22,2023,11,2024,"S86-002",989499.999998698,6475499.99999984,c(989499.999998698, 6475499.99999984)
"2100",0.895833313,"XY",2023-11-22,2023,11,2024,"S86-073",959499.999998743,6315499.99999989,c(959499.999998743, 6315499.99999989)
"2101",0.770833313,"XY",2023-11-22,2023,11,2024,"S81-113",959499.999998743,6315499.99999989,c(959499.999998743, 6315499.99999989)
"2102",0.536458313,"XY",2023-11-22,2023,11,2024,"S78-030",968499.99999873,6394499.99999987,c(968499.99999873, 6394499.99999987)
"2103",0.520833313,"XY",2023-11-22,2023,11,2024,"S86-133",989499.999998698,6475499.99999984,c(989499.999998698, 6475499.99999984)
"2104",0.541666687,"XY",2023-11-22,2023,11,2024,"S86-057",924499.999998795,6390499.99999987,c(924499.999998795, 6390499.99999987)
"2105",0.677083313,"XX",2023-11-23,2023,11,2024,"S77-027",914499.99999881,6355499.99999988,c(914499.99999881, 6355499.99999988)
"2107",0.989583313,"XY",2023-11-23,2023,11,2024,"S86-042",909499.999998818,6345499.99999988,c(909499.999998818, 6345499.99999988)
"2108",1,"XY",2023-11-23,2023,11,2024,"S86-118",934499.99999878,6420499.99999986,c(934499.99999878, 6420499.99999986)
"2109",1,"XY",2023-11-23,2023,11,2024,"S84-018",954499.999998751,6390499.99999987,c(954499.999998751, 6390499.99999987)
"2110",1,"XX",2023-11-24,2023,11,2024,"S83-017",899499.999998833,6240499.99999992,c(899499.999998833, 6240499.99999992)
"2112",1,"XX",2023-11-24,2023,11,2024,"S87-110",1004499.99999868,6350499.99999988,c(1004499.99999868, 6350499.99999988)
"2113",0.796875,"XX",2023-11-24,2023,11,2024,"S78-002",909499.999998818,6275499.99999991,c(909499.999998818, 6275499.99999991)
"2114",1,"XX",2023-11-24,2023,11,2024,"S86-075",909499.999998818,6275499.99999991,c(909499.999998818, 6275499.99999991)
"2115",1,"XX",2023-11-24,2023,11,2024,"S84-032",954499.999998751,6495499.99999983,c(954499.999998751, 6495499.99999983)
"2116",0.6875,"XX",2023-11-25,2023,11,2024,"S86-107",949499.999998758,6410499.99999986,c(949499.999998758, 6410499.99999986)
"2118",1,"XY",2023-11-26,2023,11,2024,"S83-024",873499.999998871,6304499.9999999,c(873499.999998871, 6304499.9999999)
"2120",0.598958313,"XX",2023-11-27,2023,11,2024,"S65-13",959499.999998743,6365499.99999988,c(959499.999998743, 6365499.99999988)
"2121",0.828125,"XY",2023-11-27,2023,11,2024,"S80-052",944499.999998766,6625499.99999978,c(944499.999998766, 6625499.99999978)
"2122",0.989583313,"XX",2023-11-27,2023,11,2024,"S86-017",959499.999998743,6365499.99999988,c(959499.999998743, 6365499.99999988)
"2124",0.958333313,"XX",2023-11-27,2023,11,2024,"S86-017",959499.999998743,6365499.99999988,c(959499.999998743, 6365499.99999988)
"2126",1,"XY",2023-11-29,2023,11,2024,"S86-195",939499.999998773,6590499.99999979,c(939499.999998773, 6590499.99999979)
"2127",0.927083313,"XX",2023-11-30,2023,11,2024,"S77-028",909499.999998818,6355499.99999988,c(909499.999998818, 6355499.99999988)
"2128",0.552083313,"XY",2023-11-30,2023,11,2024,"S86-038",849499.999998907,6375499.99999987,c(849499.999998907, 6375499.99999987)
"2129",0.770833313,"XY",2023-11-30,2023,11,2024,"S86-037",903499.999998827,6364499.99999988,c(903499.999998827, 6364499.99999988)
"2131",0.729166687,"XX",2023-12-01,2023,12,2024,"S78-002",903499.999998827,6274499.99999991,c(903499.999998827, 6274499.99999991)
"2132",1,"XY",2023-12-01,2023,12,2024,"S84-015",954499.999998751,6325499.99999989,c(954499.999998751, 6325499.99999989)
"2133",0.921875,"XX",2023-12-01,2023,12,2024,"S83-017",908499.999998819,6244499.99999992,c(908499.999998819, 6244499.99999992)
"2134",0.765625,"XX",2023-12-01,2023,12,2024,"S75-039",954499.999998751,6325499.99999989,c(954499.999998751, 6325499.99999989)
"2135",1,"XX",2023-12-03,2023,12,2024,"S86-004",974499.999998721,6420499.99999986,c(974499.999998721, 6420499.99999986)
"2136",1,"XY",2023-12-03,2023,12,2024,"S86-197",609499.999999265,6285499.99999991,c(609499.999999265, 6285499.99999991)
"2137",0.760416687,"XX",2023-12-03,2023,12,2024,"S79-112",1069499.99999858,6330499.99999989,c(1069499.99999858, 6330499.99999989)
"2138",1,"XX",2023-12-03,2023,12,2024,"S86-004",974499.999998721,6420499.99999986,c(974499.999998721, 6420499.99999986)
"2139",0.979166687,"XX",2023-12-04,2023,12,2024,"S86-086",944499.999998766,6305499.9999999,c(944499.999998766, 6305499.9999999)
"2140",0.947916687,"XX",2023-12-04,2023,12,2024,"S80-032",944499.999998766,6305499.9999999,c(944499.999998766, 6305499.9999999)
"2141",0.869791687,"XX",2023-12-04,2023,12,2024,"S80-032",933499.999998782,6309499.9999999,c(933499.999998782, 6309499.9999999)
"2142",0.901041687,"XX",2023-12-05,2023,12,2024,"S80-013",939499.999998773,6425499.99999985,c(939499.999998773, 6425499.99999985)
"2143",1,"XY",2023-12-05,2023,12,2024,"S86-093",894499.99999884,6440499.99999985,c(894499.99999884, 6440499.99999985)
"2144",0.640625,"XX",2023-12-05,2023,12,2024,"S77-067",964499.999998736,6265499.99999991,c(964499.999998736, 6265499.99999991)
"2145",0.90625,"XX",2023-12-06,2023,12,2024,"S88-011",909499.999998818,6375499.99999987,c(909499.999998818, 6375499.99999987)
"2146",1,"XX",2023-12-06,2023,12,2024,"S88-011",909499.999998818,6375499.99999987,c(909499.999998818, 6375499.99999987)
"2147",1,"XX",2023-12-06,2023,12,2024,"S88-085",909499.999998818,6375499.99999987,c(909499.999998818, 6375499.99999987)
"2149",0.958333313,"XX",2023-12-06,2023,12,2024,"S88-070",1004499.99999868,6390499.99999987,c(1004499.99999868, 6390499.99999987)
"2150",1,"XY",2023-12-07,2023,12,2024,"S85-021",939499.999998773,6350499.99999988,c(939499.999998773, 6350499.99999988)
"2151",1,"XX",2023-12-07,2023,12,2024,"S86-051",1024499.99999865,6350499.99999988,c(1024499.99999865, 6350499.99999988)
"2152",0.979166687,"XY",2023-12-07,2023,12,2024,"S86-045",1024499.99999865,6350499.99999988,c(1024499.99999865, 6350499.99999988)
"2153",0.713541687,"XY",2023-12-07,2023,12,2024,"S86-029",944499.999998766,6320499.99999989,c(944499.999998766, 6320499.99999989)
"2156",0.989583313,"XY",2023-12-08,2023,12,2024,"S86-014",824499.999998945,6630499.99999978,c(824499.999998945, 6630499.99999978)
"2157",1,"XY",2023-12-09,2023,12,2024,"S65-35",946499.999998763,6413499.99999986,c(946499.999998763, 6413499.99999986)
"2158",0.765625,"XY",2023-12-09,2023,12,2024,"S86-034",954499.999998751,6500499.99999983,c(954499.999998751, 6500499.99999983)
"2159",0.828125,"XY",2023-12-09,2023,12,2024,"S65-35",949499.999998758,6410499.99999986,c(949499.999998758, 6410499.99999986)
"2161",0.59375,"XX",2023-12-10,2023,12,2024,"S86-019",944499.999998766,6345499.99999988,c(944499.999998766, 6345499.99999988)
"2162",0.828125,"XX",2023-12-11,2023,12,2024,"S86-019",938499.999998775,6354499.99999988,c(938499.999998775, 6354499.99999988)
"2163",0.96875,"XX",2023-12-11,2023,12,2024,"S86-066",914499.99999881,6275499.99999991,c(914499.99999881, 6275499.99999991)
"2164",0.817708313,"XY",2023-12-11,2023,12,2024,"S86-130",979499.999998713,6460499.99999984,c(979499.999998713, 6460499.99999984)
"2166",0.890625,"XX",2023-12-12,2023,12,2024,"S74-093",964499.999998736,6265499.99999991,c(964499.999998736, 6265499.99999991)
"2167",1,"XY",2023-12-12,2023,12,2024,"S86-082",944499.999998766,6345499.99999988,c(944499.999998766, 6345499.99999988)
"2168",0.9375,"XX",2023-12-12,2023,12,2024,"S86-040",959499.999998743,6325499.99999989,c(959499.999998743, 6325499.99999989)
"2170",0.942708313,"XX",2023-12-12,2023,12,2024,"S86-087",944499.999998766,6345499.99999988,c(944499.999998766, 6345499.99999988)
"2171",0.901041687,"XY",2023-12-12,2023,12,2024,"S86-083",944499.999998766,6345499.99999988,c(944499.999998766, 6345499.99999988)
"2172",0.802083313,"XY",2023-12-12,2023,12,2024,"S85-021",943499.999998767,6344499.99999988,c(943499.999998767, 6344499.99999988)
"2173",0.682291687,"XX",2023-12-12,2023,12,2024,"S80-013",938499.999998775,6429499.99999985,c(938499.999998775, 6429499.99999985)
"2174",0.682291687,"XY",2023-12-13,2023,12,2024,"S86-021",904499.999998825,6355499.99999988,c(904499.999998825, 6355499.99999988)
"2175",1,"XX",2023-12-13,2023,12,2024,"S81-129",959499.999998743,6635499.99999978,c(959499.999998743, 6635499.99999978)
"2176",0.848958313,"XY",2023-12-13,2023,12,2024,"S86-021",904499.999998825,6355499.99999988,c(904499.999998825, 6355499.99999988)
"2178",0.994791687,"XX",2023-12-13,2023,12,2024,"S77-028",898499.999998834,6359499.99999988,c(898499.999998834, 6359499.99999988)
"2179",1,"XX",2023-12-13,2023,12,2024,"S77-028",901499.99999883,6358499.99999988,c(901499.99999883, 6358499.99999988)
"2180",0.979166687,"XY",2023-12-13,2023,12,2024,"S86-021",901499.99999883,6358499.99999988,c(901499.99999883, 6358499.99999988)
"2181",0.859375,"XY",2023-12-13,2023,12,2024,"S79-027",914499.99999881,6380499.99999987,c(914499.99999881, 6380499.99999987)
"2183",1,"XY",2023-12-15,2023,12,2024,"S86-022",954499.999998751,6465499.99999984,c(954499.999998751, 6465499.99999984)
"2185",0.515625,"XY",2023-12-15,2023,12,2024,"S86-022",954499.999998751,6465499.99999984,c(954499.999998751, 6465499.99999984)
"2191",0.510416687,"NI",2023-12-16,2023,12,2024,"S86-090",919499.999998803,6330499.99999989,c(919499.999998803, 6330499.99999989)
"2192",0.9375,"XY",2023-12-17,2023,12,2024,"S65-35",946499.999998763,6413499.99999986,c(946499.999998763, 6413499.99999986)
"2194",0.958333313,"XY",2023-12-18,2023,12,2024,"S87-119",974499.999998721,6390499.99999987,c(974499.999998721, 6390499.99999987)
"2195",1,"XX",2023-12-18,2023,12,2024,"S81-136",948499.99999876,6429499.99999985,c(948499.99999876, 6429499.99999985)
"2197",0.979166687,"XX",2023-12-18,2023,12,2024,"S83-029",989499.999998698,6345499.99999988,c(989499.999998698, 6345499.99999988)
"2198",0.96875,"XY",2023-12-18,2023,12,2024,"S65-23",974499.999998721,6320499.99999989,c(974499.999998721, 6320499.99999989)
"2199",1,"XY",2023-12-19,2023,12,2024,"S86-081",904499.999998825,6240499.99999992,c(904499.999998825, 6240499.99999992)
"2201",0.869791687,"XY",2023-12-19,2023,12,2024,"S86-138",919499.999998803,6250499.99999992,c(919499.999998803, 6250499.99999992)
"2202",1,"XY",2023-12-19,2023,12,2024,"S84-005",959499.999998743,6440499.99999985,c(959499.999998743, 6440499.99999985)
"2204",0.958333313,"XX",2023-12-19,2023,12,2024,"S87-120",984499.999998706,6405499.99999986,c(984499.999998706, 6405499.99999986)
"2205",0.979166687,"XY",2023-12-19,2023,12,2024,"S86-085",979499.999998713,6435499.99999985,c(979499.999998713, 6435499.99999985)
"2207",1,"XY",2023-12-20,2023,12,2024,"S84-005",953499.999998752,6444499.99999985,c(953499.999998752, 6444499.99999985)
"2208",1,"XX",2023-12-20,2023,12,2024,"S86-047",969499.999998728,6380499.99999987,c(969499.999998728, 6380499.99999987)
"2209",0.895833313,"XX",2023-12-20,2023,12,2024,"S86-032",949499.999998758,6440499.99999985,c(949499.999998758, 6440499.99999985)
"2210",0.807291687,"XY",2023-12-20,2023,12,2024,"S73-070",938499.999998775,6429499.99999985,c(938499.999998775, 6429499.99999985)
"2211",1,"XX",2023-12-20,2023,12,2024,"S86-032",949499.999998758,6440499.99999985,c(949499.999998758, 6440499.99999985)
"2212",1,"XX",2023-12-20,2023,12,2024,"S88-052",1004499.99999868,6355499.99999988,c(1004499.99999868, 6355499.99999988)
"2213",0.583333313,"XY",2023-12-20,2023,12,2024,"S89-009",1069499.99999858,6330499.99999989,c(1069499.99999858, 6330499.99999989)
"2214",0.989583313,"XX",2023-12-20,2023,12,2024,"S78-043",949499.999998758,6440499.99999985,c(949499.999998758, 6440499.99999985)
"2215",0.958333313,"XX",2023-12-20,2023,12,2024,"S86-120",949499.999998758,6440499.99999985,c(949499.999998758, 6440499.99999985)
"2216",1,"XX",2023-12-20,2023,12,2024,"S86-053",1029499.99999864,6345499.99999988,c(1029499.99999864, 6345499.99999988)
"2217",1,"XX",2023-12-20,2023,12,2024,"S65-32",979499.999998713,6395499.99999987,c(979499.999998713, 6395499.99999987)
"2218",1,"XY",2023-12-20,2023,12,2024,"S73-070",938499.999998775,6429499.99999985,c(938499.999998775, 6429499.99999985)
"2220",0.885416687,"XY",2023-12-21,2023,12,2024,"S87-048",1064499.99999859,6330499.99999989,c(1064499.99999859, 6330499.99999989)
"2222",1,"XY",2023-12-21,2023,12,2024,"S87-097",1054499.9999986,6340499.99999989,c(1054499.9999986, 6340499.99999989)
"2223",0.703125,"XY",2023-12-21,2023,12,2024,"S86-031",909499.999998818,6345499.99999988,c(909499.999998818, 6345499.99999988)
"2225",1,"XY",2023-12-21,2023,12,2024,"S84-005",961499.99999874,6443499.99999985,c(961499.99999874, 6443499.99999985)
"2226",0.541666687,"NI",2023-12-21,2023,12,2024,"S86-112",909499.999998818,6345499.99999988,c(909499.999998818, 6345499.99999988)
"2227",0.864583313,"XY",2023-12-21,2023,12,2024,"S86-026",909499.999998818,6345499.99999988,c(909499.999998818, 6345499.99999988)
"2228",0.838541687,"XY",2023-12-21,2023,12,2024,"S86-031",909499.999998818,6345499.99999988,c(909499.999998818, 6345499.99999988)
"2229",1,"XX",2023-12-22,2023,12,2024,"S66-09",1064499.99999859,6345499.99999988,c(1064499.99999859, 6345499.99999988)
"2230",0.557291687,"XX",2023-12-22,2023,12,2024,"S82-029",944499.999998766,6365499.99999988,c(944499.999998766, 6365499.99999988)
"2231",0.744791687,"XY",2023-12-22,2023,12,2024,"S87-042",1009499.99999867,6345499.99999988,c(1009499.99999867, 6345499.99999988)
"2233",1,"XY",2023-12-22,2023,12,2024,"S58-61",914499.99999881,6420499.99999986,c(914499.99999881, 6420499.99999986)
"2234",0.541666687,"XX",2023-12-22,2023,12,2024,"S86-129",999499.999998684,6465499.99999984,c(999499.999998684, 6465499.99999984)
"2236",0.994791687,"XY",2023-12-23,2023,12,2024,"S86-091",989499.999998698,6315499.99999989,c(989499.999998698, 6315499.99999989)
"2238",0.75,"XX",2023-12-24,2023,12,2024,"S86-002",988499.9999987,6479499.99999983,c(988499.9999987, 6479499.99999983)
"2239",1,"XX",2023-12-24,2023,12,2024,"S83-029",993499.999998693,6354499.99999988,c(993499.999998693, 6354499.99999988)
"2241",1,"XY",2023-12-25,2023,12,2024,"S86-070",979499.999998713,6485499.99999983,c(979499.999998713, 6485499.99999983)
"2242",1,"XX",2023-12-25,2023,12,2024,"S86-067",979499.999998713,6485499.99999983,c(979499.999998713, 6485499.99999983)
"2244",0.875,"XX",2023-12-27,2023,12,2024,"S74-024",999499.999998684,6360499.99999988,c(999499.999998684, 6360499.99999988)
"2245",0.911458313,"XY",2023-12-27,2023,12,2024,"S88-030",979499.999998713,6245499.99999992,c(979499.999998713, 6245499.99999992)
"2246",0.984375,"XY",2023-12-27,2023,12,2024,"S86-069",924499.999998795,6370499.99999987,c(924499.999998795, 6370499.99999987)
"2247",0.84375,"XY",2023-12-27,2023,12,2024,"S86-131",1004499.99999868,6500499.99999983,c(1004499.99999868, 6500499.99999983)
"2248",0.994791687,"XY",2023-12-27,2023,12,2024,"S86-029",938499.999998775,6329499.99999989,c(938499.999998775, 6329499.99999989)
"2249",0.692708313,"XY",2023-12-28,2023,12,2024,"S86-079",919499.999998803,6390499.99999987,c(919499.999998803, 6390499.99999987)
"2250",1,"XY",2023-12-28,2023,12,2024,"S86-132",994499.999998691,6515499.99999982,c(994499.999998691, 6515499.99999982)
"2251",0.973958313,"XX",2023-12-28,2023,12,2024,"S86-096",959499.999998743,6325499.99999989,c(959499.999998743, 6325499.99999989)
"2252",0.838541687,"XY",2023-12-28,2023,12,2024,"S87-038",1069499.99999858,6345499.99999988,c(1069499.99999858, 6345499.99999988)
"2253",1,"XY",2023-12-28,2023,12,2024,"S74-011",979499.999998713,6395499.99999987,c(979499.999998713, 6395499.99999987)
"2254",0.552083313,"XY",2023-12-28,2023,12,2024,"S86-009",939499.999998773,6590499.99999979,c(939499.999998773, 6590499.99999979)
"2255",0.71875,"XY",2023-12-28,2023,12,2024,"S86-023",939499.999998773,6590499.99999979,c(939499.999998773, 6590499.99999979)
"2256",0.713541687,"XX",2023-12-28,2023,12,2024,"S86-117",899499.999998833,6435499.99999985,c(899499.999998833, 6435499.99999985)
"2257",0.984375,"XX",2023-12-28,2023,12,2024,"S88-046",969499.999998728,6395499.99999987,c(969499.999998728, 6395499.99999987)
"2259",1,"XY",2023-12-29,2023,12,2024,"S87-021",764499.999999034,6360499.99999988,c(764499.999999034, 6360499.99999988)
"2261",0.973958313,"XX",2023-12-29,2023,12,2024,"S67-45",969499.999998728,6460499.99999984,c(969499.999998728, 6460499.99999984)
"2262",0.958333313,"XX",2023-12-29,2023,12,2024,"S81-011",769499.999999027,6360499.99999988,c(769499.999999027, 6360499.99999988)
"2264",0.859375,"XY",2023-12-29,2023,12,2024,"S86-200",984499.999998706,6485499.99999983,c(984499.999998706, 6485499.99999983)
"2265",0.963541687,"XY",2023-12-29,2023,12,2024,"S88-104",994499.999998691,6540499.99999981,c(994499.999998691, 6540499.99999981)
"2266",0.692708313,"XX",2023-12-29,2023,12,2024,"S75-055",904499.999998825,6410499.99999986,c(904499.999998825, 6410499.99999986)
"2267",0.625,"XY",2023-12-29,2023,12,2024,"S86-024",949499.999998758,6330499.99999989,c(949499.999998758, 6330499.99999989)
"2268",0.791666687,"XX",2023-12-29,2023,12,2024,"S72-022",964499.999998736,6330499.99999989,c(964499.999998736, 6330499.99999989)
"2270",0.921875,"XX",2023-12-29,2023,12,2024,"S86-062",994499.999998691,6355499.99999988,c(994499.999998691, 6355499.99999988)
"2271",0.989583313,"XY",2023-12-29,2023,12,2024,"S88-056",994499.999998691,6540499.99999981,c(994499.999998691, 6540499.99999981)
"2272",1,"XX",2023-12-30,2023,12,2024,"S86-062",988499.9999987,6354499.99999988,c(988499.9999987, 6354499.99999988)
"2273",1,"XY",2023-12-30,2023,12,2024,"S86-023",933499.999998782,6589499.99999979,c(933499.999998782, 6589499.99999979)
"2274",0.911458313,"XX",2023-12-30,2023,12,2024,"S83-029",991499.999998695,6358499.99999988,c(991499.999998695, 6358499.99999988)
"2275",0.947916687,"XX",2023-12-30,2023,12,2024,"S55-17",894499.99999884,6415499.99999986,c(894499.99999884, 6415499.99999986)
"2276",0.833333313,"XY",2023-12-31,2023,12,2024,"S84-005",960499.999998742,6444499.99999985,c(960499.999998742, 6444499.99999985)
"2277",0.703125,"XY",2024-01-01,2024,1,2024,"S73-026",1004499.99999868,6350499.99999988,c(1004499.99999868, 6350499.99999988)
"2278",0.640625,"XY",2024-01-01,2024,1,2024,"S86-023",936499.999998778,6593499.99999979,c(936499.999998778, 6593499.99999979)
"2279",0.828125,"XY",2024-01-02,2024,1,2024,"S81-140",609499.999999265,6155499.99999995,c(609499.999999265, 6155499.99999995)
"2280",0.90625,"XY",2024-01-02,2024,1,2024,"S58-61",913499.999998812,6419499.99999986,c(913499.999998812, 6419499.99999986)
"2281",0.979166687,"XY",2024-01-02,2024,1,2024,"S87-030",894499.99999884,6340499.99999989,c(894499.99999884, 6340499.99999989)
"2282",1,"XY",2024-01-02,2024,1,2024,"S88-071",924499.999998795,6310499.9999999,c(924499.999998795, 6310499.9999999)
"2283",0.588541687,"XX",2024-01-03,2024,1,2024,"S86-127",929499.999998788,6600499.99999979,c(929499.999998788, 6600499.99999979)
"2284",0.890625,"XY",2024-01-03,2024,1,2024,"S83-080",644499.999999213,6175499.99999995,c(644499.999999213, 6175499.99999995)
"2285",1,"XY",2024-01-03,2024,1,2024,"S86-084",974499.999998721,6510499.99999982,c(974499.999998721, 6510499.99999982)
"2286",0.8125,"XY",2024-01-03,2024,1,2024,"S86-024",948499.99999876,6334499.99999989,c(948499.99999876, 6334499.99999989)
"2287",0.583333313,"XY",2024-01-04,2024,1,2024,"S86-097",964499.999998736,6320499.99999989,c(964499.999998736, 6320499.99999989)
"2288",0.729166687,"XX",2024-01-04,2024,1,2024,"S61-30",964499.999998736,6325499.99999989,c(964499.999998736, 6325499.99999989)
"2289",1,"XX",2024-01-04,2024,1,2024,"S78-043",953499.999998752,6444499.99999985,c(953499.999998752, 6444499.99999985)
"2290",1,"XY",2024-01-04,2024,1,2024,"S84-005",951499.999998755,6444499.99999985,c(951499.999998755, 6444499.99999985)
"2291",0.734375,"XX",2024-01-04,2024,1,2024,"S86-040",963499.999998737,6329499.99999989,c(963499.999998737, 6329499.99999989)
"2292",0.958333313,"XX",2024-01-04,2024,1,2024,"S86-099",964499.999998736,6325499.99999989,c(964499.999998736, 6325499.99999989)
"2293",1,"XX",2024-01-04,2024,1,2024,"S83-007",1009499.99999867,6335499.99999989,c(1009499.99999867, 6335499.99999989)
"2294",0.994791687,"XX",2024-01-04,2024,1,2024,"S61-30",963499.999998737,6329499.99999989,c(963499.999998737, 6329499.99999989)
"2295",1,"XY",2024-01-04,2024,1,2024,"S86-014",823499.999998946,6629499.99999978,c(823499.999998946, 6629499.99999978)
"2296",0.958333313,"XY",2024-01-04,2024,1,2024,"S86-098",964499.999998736,6320499.99999989,c(964499.999998736, 6320499.99999989)
"2297",0.989583313,"XY",2024-01-04,2024,1,2024,"S87-118",939499.999998773,6585499.9999998,c(939499.999998773, 6585499.9999998)
"2298",1,"XY",2024-01-06,2024,1,2024,"S86-128",764499.999999034,6365499.99999988,c(764499.999999034, 6365499.99999988)
"2300",1,"XY",2024-01-08,2024,1,2024,"S86-058",979499.999998713,6305499.9999999,c(979499.999998713, 6305499.9999999)
"2301",1,"XY",2024-01-08,2024,1,2024,"S87-044",999499.999998684,6370499.99999987,c(999499.999998684, 6370499.99999987)
"2302",1,"XY",2024-01-08,2024,1,2024,"S87-044",998499.999998685,6374499.99999987,c(998499.999998685, 6374499.99999987)
"2303",0.869791687,"XY",2024-01-08,2024,1,2024,"S86-080",984499.999998706,6405499.99999986,c(984499.999998706, 6405499.99999986)
"2304",0.932291687,"XX",2024-01-08,2024,1,2024,"S82-123",1069499.99999858,6325499.99999989,c(1069499.99999858, 6325499.99999989)
"2305",0.5625,"XX",2024-01-08,2024,1,2024,"S86-054",984499.999998706,6305499.9999999,c(984499.999998706, 6305499.9999999)
"2306",0.708333313,"XX",2024-01-08,2024,1,2024,"S74-006",1019499.99999865,6350499.99999988,c(1019499.99999865, 6350499.99999988)
"2307",0.619791687,"XY",2024-01-08,2024,1,2024,"S86-024",946499.999998763,6333499.99999989,c(946499.999998763, 6333499.99999989)
"2308",0.78125,"XY",2024-01-09,2024,1,2024,"S71-044",934499.99999878,6610499.99999979,c(934499.99999878, 6610499.99999979)
"2309",0.989583313,"XX",2024-01-09,2024,1,2024,"S86-056",964499.999998736,6235499.99999992,c(964499.999998736, 6235499.99999992)
"2310",0.541666687,"XX",2024-01-09,2024,1,2024,"S82-062",964499.999998736,6235499.99999992,c(964499.999998736, 6235499.99999992)
"2312",0.96875,"XX",2024-01-09,2024,1,2024,"S78-081",929499.999998788,6390499.99999987,c(929499.999998788, 6390499.99999987)
"2313",1,"XY",2024-01-09,2024,1,2024,"S78-075",1029499.99999864,6345499.99999988,c(1029499.99999864, 6345499.99999988)
"2314",0.875,"XY",2024-01-09,2024,1,2024,"S86-125",934499.99999878,6610499.99999979,c(934499.99999878, 6610499.99999979)
"2315",0.760416687,"XY",2024-01-09,2024,1,2024,"S71-044",934499.99999878,6610499.99999979,c(934499.99999878, 6610499.99999979)
"2316",0.989583313,"XX",2024-01-09,2024,1,2024,"S86-124",934499.99999878,6610499.99999979,c(934499.99999878, 6610499.99999979)
"2317",1,"XY",2024-01-09,2024,1,2024,"S87-122",754499.999999049,6400499.99999986,c(754499.999999049, 6400499.99999986)
"2318",0.619791687,"XY",2024-01-09,2024,1,2024,"S71-044",934499.99999878,6610499.99999979,c(934499.99999878, 6610499.99999979)
"2319",0.817708313,"XY",2024-01-09,2024,1,2024,"S86-199",929499.999998788,6445499.99999985,c(929499.999998788, 6445499.99999985)
"2320",1,"XX",2024-01-09,2024,1,2024,"S86-126",934499.99999878,6610499.99999979,c(934499.99999878, 6610499.99999979)
"2321",0.671875,"XX",2024-01-10,2024,1,2024,"S86-059",1024499.99999865,6310499.9999999,c(1024499.99999865, 6310499.9999999)
"2322",0.708333313,"XX",2024-01-10,2024,1,2024,"S55-17",893499.999998842,6424499.99999985,c(893499.999998842, 6424499.99999985)
"2323",0.947916687,"XX",2024-01-10,2024,1,2024,"S79-060",974499.999998721,6235499.99999992,c(974499.999998721, 6235499.99999992)
"2324",0.671875,"XX",2024-01-10,2024,1,2024,"S79-060",973499.999998722,6239499.99999992,c(973499.999998722, 6239499.99999992)
"2325",1,"XY",2024-01-10,2024,1,2024,"S86-055",974499.999998721,6235499.99999992,c(974499.999998721, 6235499.99999992)
"2326",0.833333313,"XY",2024-01-11,2024,1,2024,"S86-050",1034499.99999863,6345499.99999988,c(1034499.99999863, 6345499.99999988)
"2327",0.921875,"XX",2024-01-11,2024,1,2024,"S86-049",1029499.99999864,6345499.99999988,c(1029499.99999864, 6345499.99999988)
"2329",0.619791687,"XY",2024-01-11,2024,1,2024,"S87-045",1049499.99999861,6340499.99999989,c(1049499.99999861, 6340499.99999989)
"2330",0.880208313,"XY",2024-01-11,2024,1,2024,"S73-070",940499.999998772,6424499.99999985,c(940499.999998772, 6424499.99999985)
"2331",0.677083313,"XY",2024-01-11,2024,1,2024,"S79-002",989499.999998698,6365499.99999988,c(989499.999998698, 6365499.99999988)
"2332",0.567708313,"XY",2024-01-11,2024,1,2024,"S86-009",939499.999998773,6590499.99999979,c(939499.999998773, 6590499.99999979)
"2333",0.911458313,"XY",2024-01-11,2024,1,2024,"S86-027",894499.99999884,6365499.99999988,c(894499.99999884, 6365499.99999988)
"2334",0.838541687,"XY",2024-01-11,2024,1,2024,"S86-027",894499.99999884,6365499.99999988,c(894499.99999884, 6365499.99999988)
"2335",0.796875,"XY",2024-01-11,2024,1,2024,"S86-027",894499.99999884,6365499.99999988,c(894499.99999884, 6365499.99999988)
"2336",0.9375,"XY",2024-01-11,2024,1,2024,"S79-003",999499.999998684,6380499.99999987,c(999499.999998684, 6380499.99999987)
"2338",0.833333313,"XX",2024-01-11,2024,1,2024,"S86-114",894499.99999884,6420499.99999986,c(894499.99999884, 6420499.99999986)
"2339",0.786458313,"XX",2024-01-11,2024,1,2024,"S56-48",974499.999998721,6325499.99999989,c(974499.999998721, 6325499.99999989)
"2340",0.875,"XY",2024-01-11,2024,1,2024,"S86-113",894499.99999884,6365499.99999988,c(894499.99999884, 6365499.99999988)
"2342",0.890625,"XX",2024-01-11,2024,1,2024,"S82-109",989499.999998698,6365499.99999988,c(989499.999998698, 6365499.99999988)
"2343",0.65625,"XY",2024-01-12,2024,1,2024,"S82-065",974499.999998721,6240499.99999992,c(974499.999998721, 6240499.99999992)
"2344",0.578125,"XY",2024-01-12,2024,1,2024,"S86-198",999499.999998684,6410499.99999986,c(999499.999998684, 6410499.99999986)
"2345",0.927083313,"XY",2024-01-12,2024,1,2024,"S59-06",904499.999998825,6420499.99999986,c(904499.999998825, 6420499.99999986)
"2346",0.942708313,"XX",2024-01-12,2024,1,2024,"S75-031",954499.999998751,6375499.99999987,c(954499.999998751, 6375499.99999987)
"2347",0.505208313,"XX",2024-01-12,2024,1,2024,"S86-108",989499.999998698,6430499.99999985,c(989499.999998698, 6430499.99999985)
"2348",1,"XY",2024-01-12,2024,1,2024,"S86-015",934499.99999878,6450499.99999985,c(934499.99999878, 6450499.99999985)
"2349",0.947916687,"XX",2024-01-12,2024,1,2024,"S70-007",979499.999998713,6240499.99999992,c(979499.999998713, 6240499.99999992)
"2350",1,"XX",2024-01-12,2024,1,2024,"S86-089",949499.999998758,6480499.99999983,c(949499.999998758, 6480499.99999983)
"2351",0.953125,"XX",2024-01-12,2024,1,2024,"S79-060",976499.999998718,6248499.99999992,c(976499.999998718, 6248499.99999992)
"2352",1,"XX",2024-01-12,2024,1,2024,"S86-046",1029499.99999864,6350499.99999988,c(1029499.99999864, 6350499.99999988)
"2353",1,"XY",2024-01-12,2024,1,2024,"S86-044",1029499.99999864,6350499.99999988,c(1029499.99999864, 6350499.99999988)
"2354",0.84375,"XX",2024-01-12,2024,1,2024,"S85-098",1019499.99999865,6350499.99999988,c(1019499.99999865, 6350499.99999988)
"2355",0.651041687,"XY",2024-01-12,2024,1,2024,"S80-015",754499.999999049,6400499.99999986,c(754499.999999049, 6400499.99999986)
"2356",1,"XY",2024-01-12,2024,1,2024,"S86-015",934499.99999878,6450499.99999985,c(934499.99999878, 6450499.99999985)
"2357",1,"XX",2024-01-13,2024,1,2024,"S82-021",969499.999998728,6310499.9999999,c(969499.999998728, 6310499.9999999)
"2358",1,"XY",2024-01-13,2024,1,2024,"S87-037",999499.999998684,6345499.99999988,c(999499.999998684, 6345499.99999988)
"2359",0.989583313,"XY",2024-01-13,2024,1,2024,"S86-052",924499.999998795,6340499.99999989,c(924499.999998795, 6340499.99999989)
"2360",0.53125,"XX",2024-01-14,2024,1,2024,"S82-025",939499.999998773,6315499.99999989,c(939499.999998773, 6315499.99999989)
"2361",1,"XX",2024-01-14,2024,1,2024,"S82-025",938499.999998775,6319499.99999989,c(938499.999998775, 6319499.99999989)
"2362",0.927083313,"XX",2024-01-14,2024,1,2024,"S86-100",939499.999998773,6315499.99999989,c(939499.999998773, 6315499.99999989)
"2363",0.708333313,"XX",2024-01-15,2024,1,2024,"S83-044",906499.999998822,6378499.99999987,c(906499.999998822, 6378499.99999987)
"2365",0.973958313,"XY",2024-01-15,2024,1,2024,"S82-032",909499.999998818,6375499.99999987,c(909499.999998818, 6375499.99999987)
"2367",0.994791687,"XX",2024-01-15,2024,1,2024,"S88-047",1059499.99999859,6310499.9999999,c(1059499.99999859, 6310499.9999999)
"2368",0.99000001,"XY",2024-01-15,2024,1,2024,"S75-071",989499.999998698,6525499.99999982,c(989499.999998698, 6525499.99999982)
"2369",0.979166687,"XY",2024-01-15,2024,1,2024,"S69-68",994499.999998691,6345499.99999988,c(994499.999998691, 6345499.99999988)
"2370",0.927083313,"XX",2024-01-15,2024,1,2024,"S86-078",909499.999998818,6370499.99999987,c(909499.999998818, 6370499.99999987)
"2371",0.515625,"XX",2024-01-15,2024,1,2024,"S86-064",969499.999998728,6340499.99999989,c(969499.999998728, 6340499.99999989)
"2372",0.875,"XY",2024-01-15,2024,1,2024,"S82-114",1014499.99999866,6365499.99999988,c(1014499.99999866, 6365499.99999988)
"2373",0.895833313,"XX",2024-01-15,2024,1,2024,"S64-38",944499.999998766,6480499.99999983,c(944499.999998766, 6480499.99999983)
"2375",1,"XY",2024-01-16,2024,1,2024,"S86-006",944499.999998766,6480499.99999983,c(944499.999998766, 6480499.99999983)
"2376",0.989583313,"XY",2024-01-16,2024,1,2024,"S86-060",889499.999998848,6330499.99999989,c(889499.999998848, 6330499.99999989)
"2377",1,"XY",2024-01-16,2024,1,2024,"S86-023",935499.999998779,6589499.99999979,c(935499.999998779, 6589499.99999979)
"2378",0.78125,"XX",2024-01-16,2024,1,2024,"S86-033",744499.999999064,6335499.99999989,c(744499.999999064, 6335499.99999989)
"2379",0.8125,"XY",2024-01-16,2024,1,2024,"S65-35",950499.999998757,6407499.99999986,c(950499.999998757, 6407499.99999986)
"2380",0.958333313,"XY",2024-01-16,2024,1,2024,"S86-092",944499.999998766,6480499.99999983,c(944499.999998766, 6480499.99999983)
"2381",0.510416687,"XX",2024-01-16,2024,1,2024,"S86-071",924499.999998795,6285499.99999991,c(924499.999998795, 6285499.99999991)
"2382",1,"XX",2024-01-16,2024,1,2024,"S86-051",1008499.99999867,6359499.99999988,c(1008499.99999867, 6359499.99999988)
"2384",0.666666687,"NI",2024-01-16,2024,1,2024,"S86-076",1009499.99999867,6300499.9999999,c(1009499.99999867, 6300499.9999999)
"2385",1,"XX",2024-01-16,2024,1,2024,"S86-072",1004499.99999868,6300499.9999999,c(1004499.99999868, 6300499.9999999)
"2386",0.828125,"XY",2024-01-16,2024,1,2024,"S86-006",944499.999998766,6480499.99999983,c(944499.999998766, 6480499.99999983)
"2387",0.90625,"XY",2024-01-16,2024,1,2024,"S86-088",944499.999998766,6480499.99999983,c(944499.999998766, 6480499.99999983)
"2388",1,"XX",2024-01-16,2024,1,2024,"S86-123",924499.999998795,6475499.99999984,c(924499.999998795, 6475499.99999984)
"2389",0.848958313,"XY",2024-01-16,2024,1,2024,"S87-081",924499.999998795,6415499.99999986,c(924499.999998795, 6415499.99999986)
"2390",0.859375,"XY",2024-01-16,2024,1,2024,"S87-007",924499.999998795,6415499.99999986,c(924499.999998795, 6415499.99999986)
"2391",0.9375,"XY",2024-01-16,2024,1,2024,"S87-008",924499.999998795,6415499.99999986,c(924499.999998795, 6415499.99999986)
"2392",0.609375,"XY",2024-01-16,2024,1,2024,"S85-007",744499.999999064,6335499.99999989,c(744499.999999064, 6335499.99999989)
"2393",0.973958313,"XX",2024-01-16,2024,1,2024,"S86-033",744499.999999064,6335499.99999989,c(744499.999999064, 6335499.99999989)
"2394",0.932291687,"XX",2024-01-16,2024,1,2024,"S55-24",924499.999998795,6290499.9999999,c(924499.999998795, 6290499.9999999)
"2395",0.875,"XY",2024-01-17,2024,1,2024,"S86-122",939499.999998773,6455499.99999984,c(939499.999998773, 6455499.99999984)
"2397",0.817708313,"XY",2024-01-17,2024,1,2024,"S80-056",944499.999998766,6290499.9999999,c(944499.999998766, 6290499.9999999)
"2398",1,"XY",2024-01-17,2024,1,2024,"S86-065",864499.999998885,6410499.99999986,c(864499.999998885, 6410499.99999986)
"2399",0.598958313,"XX",2024-01-17,2024,1,2024,"S86-077",869499.999998878,6415499.99999986,c(869499.999998878, 6415499.99999986)
"2400",0.697916687,"XY",2024-01-17,2024,1,2024,"S84-004",889499.999998848,6400499.99999986,c(889499.999998848, 6400499.99999986)
"2401",0.911458313,"XY",2024-01-17,2024,1,2024,"S86-068",949499.999998758,6340499.99999989,c(949499.999998758, 6340499.99999989)
"2402",0.96875,"XY",2024-01-17,2024,1,2024,"S86-034",968499.99999873,6509499.99999982,c(968499.99999873, 6509499.99999982)
"2403",0.635416687,"XY",2024-01-17,2024,1,2024,"S86-132",993499.999998693,6509499.99999982,c(993499.999998693, 6509499.99999982)
"2404",0.96875,"XX",2024-01-17,2024,1,2024,"S86-121",934499.99999878,6430499.99999985,c(934499.99999878, 6430499.99999985)
"2405",0.78125,"XX",2024-01-17,2024,1,2024,"S75-059",889499.999998848,6400499.99999986,c(889499.999998848, 6400499.99999986)
"2406",0.939999998,"XY",2024-01-18,2024,1,2024,"S88-040",939499.999998773,6440499.99999985,c(939499.999998773, 6440499.99999985)
"2407",1,"XX",2024-01-18,2024,1,2024,"S86-039",924499.999998795,6285499.99999991,c(924499.999998795, 6285499.99999991)
"2408",0.822916687,"XY",2024-01-18,2024,1,2024,"S87-049",1064499.99999859,6330499.99999989,c(1064499.99999859, 6330499.99999989)
"2409",0.677083313,"XX",2024-01-18,2024,1,2024,"S86-033",744499.999999064,6335499.99999989,c(744499.999999064, 6335499.99999989)
"2410",0.833333313,"XX",2024-01-18,2024,1,2024,"S79-112",1073499.99999857,6344499.99999988,c(1073499.99999857, 6344499.99999988)
"2411",0.885416687,"XX",2024-01-18,2024,1,2024,"S87-050",1074499.99999857,6340499.99999989,c(1074499.99999857, 6340499.99999989)
"2412",1,"XX",2024-01-18,2024,1,2024,"S87-001",1014499.99999866,6340499.99999989,c(1014499.99999866, 6340499.99999989)
"2414",1,"XY",2024-01-18,2024,1,2024,"S86-020",1009499.99999867,6295499.9999999,c(1009499.99999867, 6295499.9999999)
"2415",0.839999974,"XX",2024-01-18,2024,1,2024,"S81-136",936499.999998778,6443499.99999985,c(936499.999998778, 6443499.99999985)
"2416",0.828125,"XX",2024-01-18,2024,1,2024,"S86-039",923499.999998797,6289499.9999999,c(923499.999998797, 6289499.9999999)
"2418",0.708333313,"NI",2024-01-18,2024,1,2024,"S86-061",924499.999998795,6285499.99999991,c(924499.999998795, 6285499.99999991)
"2419",0.744791687,"XY",2024-01-18,2024,1,2024,"S86-001",879499.999998863,6320499.99999989,c(879499.999998863, 6320499.99999989)
"2420",0.854166687,"XY",2024-01-18,2024,1,2024,"S86-001",878499.999998864,6324499.99999989,c(878499.999998864, 6324499.99999989)
"2421",0.84375,"XY",2024-01-18,2024,1,2024,"S86-001",878499.999998864,6324499.99999989,c(878499.999998864, 6324499.99999989)
"2422",0.541666687,"XX",2024-01-18,2024,1,2024,"S81-136",936499.999998778,6443499.99999985,c(936499.999998778, 6443499.99999985)
"2423",1,"XX",2024-01-18,2024,1,2024,"S86-063",924499.999998795,6285499.99999991,c(924499.999998795, 6285499.99999991)
"2424",0.930000007,"XX",2024-01-18,2024,1,2024,"S81-136",936499.999998778,6444499.99999985,c(936499.999998778, 6444499.99999985)
"2425",1,"XX",2024-01-18,2024,1,2024,"S86-005",924499.999998795,6300499.9999999,c(924499.999998795, 6300499.9999999)
"2427",1,"XX",2024-01-18,2024,1,2024,"S86-005",918499.999998804,6299499.9999999,c(918499.999998804, 6299499.9999999)
"2428",0.96875,"XY",2024-01-18,2024,1,2024,"S83-023",919499.999998803,6295499.9999999,c(919499.999998803, 6295499.9999999)
"2429",1,"XY",2024-01-18,2024,1,2024,"S86-102",924499.999998795,6300499.9999999,c(924499.999998795, 6300499.9999999)
"2430",0.994791687,"XY",2024-01-18,2024,1,2024,"S86-101",924499.999998795,6300499.9999999,c(924499.999998795, 6300499.9999999)
"2431",0.859375,"XY",2024-01-18,2024,1,2024,"S85-010",959499.999998743,6325499.99999989,c(959499.999998743, 6325499.99999989)
"2432",0.989583313,"XX",2024-01-18,2024,1,2024,"S85-016",994499.999998691,6320499.99999989,c(994499.999998691, 6320499.99999989)
"2434",1,"XX",2024-01-18,2024,1,2024,"S86-005",921499.9999988,6303499.9999999,c(921499.9999988, 6303499.9999999)
"2436",0.932291687,"XY",2024-01-19,2024,1,2024,"S77-032",889499.999998848,6410499.99999986,c(889499.999998848, 6410499.99999986)
"2437",1,"XX",2024-01-19,2024,1,2024,"S73-025",1004499.99999868,6340499.99999989,c(1004499.99999868, 6340499.99999989)
"2438",1,"XY",2024-01-19,2024,1,2024,"S77-032",888499.999998849,6414499.99999986,c(888499.999998849, 6414499.99999986)
"2439",0.96875,"XY",2024-01-19,2024,1,2024,"S86-038",843499.999998916,6379499.99999987,c(843499.999998916, 6379499.99999987)
"2440",0.729166687,"XX",2024-01-21,2024,1,2024,"S87-123",769499.999999027,6360499.99999988,c(769499.999999027, 6360499.99999988)
"2441",0.625,"XX",2024-01-21,2024,1,2024,"S88-031",954499.999998751,6375499.99999987,c(954499.999998751, 6375499.99999987)
"2442",0.833333313,"XY",2024-01-21,2024,1,2024,"S86-103",954499.999998751,6360499.99999988,c(954499.999998751, 6360499.99999988)
"2443",0.807291687,"XY",2024-01-21,2024,1,2024,"S87-048",1058499.9999986,6334499.99999989,c(1058499.9999986, 6334499.99999989)
"2444",0.994791687,"XX",2024-01-21,2024,1,2024,"S78-082",1034499.99999863,6340499.99999989,c(1034499.99999863, 6340499.99999989)
"2445",0.9375,"XX",2024-01-21,2024,1,2024,"S63-35",1039499.99999862,6345499.99999988,c(1039499.99999862, 6345499.99999988)
"2446",0.979166687,"XX",2024-01-22,2024,1,2024,"S87-001",1013499.99999866,6344499.99999988,c(1013499.99999866, 6344499.99999988)
"2448",1,"XX",2024-01-22,2024,1,2024,"S81-116",1019499.99999865,6410499.99999986,c(1019499.99999865, 6410499.99999986)
"2449",1,"XX",2024-01-22,2024,1,2024,"S87-111",1019499.99999865,6410499.99999986,c(1019499.99999865, 6410499.99999986)
"2450",1,"XY",2024-01-22,2024,1,2024,"S82-114",1013499.99999866,6364499.99999988,c(1013499.99999866, 6364499.99999988)
"2451",0.614583313,"XY",2024-01-22,2024,1,2024,"S79-003",1003499.99999868,6384499.99999987,c(1003499.99999868, 6384499.99999987)
"2452",0.625,"XX",2024-01-22,2024,1,2024,"S87-026",884499.999998855,6300499.9999999,c(884499.999998855, 6300499.9999999)
"2454",0.850000024,"XX",2024-01-22,2024,1,2024,"S88-025",879499.999998863,6300499.9999999,c(879499.999998863, 6300499.9999999)
"2455",1,"XX",2024-01-22,2024,1,2024,"S80-085",899499.999998833,6305499.9999999,c(899499.999998833, 6305499.9999999)
"2456",0.703125,"XY",2024-01-22,2024,1,2024,"S74-098",899499.999998833,6305499.9999999,c(899499.999998833, 6305499.9999999)
"2457",1,"XX",2024-01-22,2024,1,2024,"S86-048",904499.999998825,6305499.9999999,c(904499.999998825, 6305499.9999999)
"2458",0.65625,"XX",2024-01-22,2024,1,2024,"S86-017",951499.999998755,6368499.99999988,c(951499.999998755, 6368499.99999988)
"2459",0.614583313,"XX",2024-01-22,2024,1,2024,"S86-017",951499.999998755,6368499.99999988,c(951499.999998755, 6368499.99999988)
"2460",0.947916687,"XY",2024-01-22,2024,1,2024,"S79-003",1003499.99999868,6384499.99999987,c(1003499.99999868, 6384499.99999987)
"2461",1,"XY",2024-01-22,2024,1,2024,"S87-114",1019499.99999865,6410499.99999986,c(1019499.99999865, 6410499.99999986)
"2462",0.994791687,"XX",2024-01-23,2024,1,2024,"S64-38",948499.99999876,6479499.99999983,c(948499.99999876, 6479499.99999983)
"2463",0.78125,"XX",2024-01-23,2024,1,2024,"S75-031",943499.999998767,6374499.99999987,c(943499.999998767, 6374499.99999987)
"2464",0.973958313,"XY",2024-01-23,2024,1,2024,"S87-078",924499.999998795,6415499.99999986,c(924499.999998795, 6415499.99999986)
"2465",0.973958313,"XY",2024-01-23,2024,1,2024,"S87-008",923499.999998797,6419499.99999986,c(923499.999998797, 6419499.99999986)
"2466",1,"XX",2024-01-23,2024,1,2024,"S81-136",930499.999998786,6442499.99999985,c(930499.999998786, 6442499.99999985)
"2467",1,"XY",2024-01-23,2024,1,2024,"S87-005",949499.999998758,6370499.99999987,c(949499.999998758, 6370499.99999987)
"2468",0.942708313,"XX",2024-01-23,2024,1,2024,"S87-058",949499.999998758,6370499.99999987,c(949499.999998758, 6370499.99999987)
"2469",0.989583313,"XY",2024-01-23,2024,1,2024,"S70-113",969499.999998728,6460499.99999984,c(969499.999998728, 6460499.99999984)
"2470",0.729166687,"XY",2024-01-23,2024,1,2024,"S86-130",973499.999998722,6464499.99999984,c(973499.999998722, 6464499.99999984)
"2471",0.989583313,"XY",2024-01-23,2024,1,2024,"S87-005",948499.99999876,6374499.99999987,c(948499.99999876, 6374499.99999987)
"2473",0.970000029,"XX",2024-01-23,2024,1,2024,"S88-002",929499.999998788,6430499.99999985,c(929499.999998788, 6430499.99999985)
"2474",0.9375,"XX",2024-01-24,2024,1,2024,"S88-005",964499.999998736,6410499.99999986,c(964499.999998736, 6410499.99999986)
"2475",1,"XX",2024-01-24,2024,1,2024,"S87-075",979499.999998713,6525499.99999982,c(979499.999998713, 6525499.99999982)
"2476",0.770833313,"XY",2024-01-24,2024,1,2024,"S86-043",934499.99999878,6385499.99999987,c(934499.99999878, 6385499.99999987)
"2477",1,"XY",2024-01-24,2024,1,2024,"S89-005",994499.999998691,6350499.99999988,c(994499.999998691, 6350499.99999988)
"2478",0.921875,"XX",2024-01-24,2024,1,2024,"S86-062",991499.999998695,6353499.99999988,c(991499.999998695, 6353499.99999988)
"2479",0.880208313,"XY",2024-01-24,2024,1,2024,"S65-23",973499.999998722,6329499.99999989,c(973499.999998722, 6329499.99999989)
"2480",0.889999986,"XY",2024-01-24,2024,1,2024,"S86-201",994499.999998691,6535499.99999981,c(994499.999998691, 6535499.99999981)
"2481",0.557291687,"XX",2024-01-24,2024,1,2024,"S87-012",994499.999998691,6535499.99999981,c(994499.999998691, 6535499.99999981)
"2482",0.864583313,"XX",2024-01-24,2024,1,2024,"S89-018",979499.999998713,6310499.9999999,c(979499.999998713, 6310499.9999999)
"2483",0.807291687,"XX",2024-01-24,2024,1,2024,"S86-054",978499.999998715,6314499.99999989,c(978499.999998715, 6314499.99999989)
"2484",0.708333313,"XY",2024-01-24,2024,1,2024,"S86-201",994499.999998691,6535499.99999981,c(994499.999998691, 6535499.99999981)
"2485",0.822916687,"XX",2024-01-24,2024,1,2024,"S87-095",979499.999998713,6310499.9999999,c(979499.999998713, 6310499.9999999)
"2486",1,"XY",2024-01-24,2024,1,2024,"S85-025",934499.99999878,6385499.99999987,c(934499.99999878, 6385499.99999987)
"2487",0.989583313,"XY",2024-01-24,2024,1,2024,"S88-093",949499.999998758,6440499.99999985,c(949499.999998758, 6440499.99999985)
"2488",0.84375,"XY",2024-01-24,2024,1,2024,"S87-019",899499.999998833,6455499.99999984,c(899499.999998833, 6455499.99999984)
"2489",1,"XX",2024-01-24,2024,1,2024,"S78-037",909499.999998818,6390499.99999987,c(909499.999998818, 6390499.99999987)
"2490",0.744791687,"XX",2024-01-24,2024,1,2024,"S86-041",864499.999998885,6410499.99999986,c(864499.999998885, 6410499.99999986)
"2491",0.916666687,"XX",2024-01-24,2024,1,2024,"S86-041",863499.999998886,6414499.99999986,c(863499.999998886, 6414499.99999986)
"2492",0.796875,"XY",2024-01-24,2024,1,2024,"S82-010",894499.99999884,6430499.99999985,c(894499.99999884, 6430499.99999985)
"2493",0.96875,"XX",2024-01-24,2024,1,2024,"S87-127",894499.99999884,6430499.99999985,c(894499.99999884, 6430499.99999985)
"2494",0.776041687,"XY",2024-01-24,2024,1,2024,"S86-093",898499.999998834,6459499.99999984,c(898499.999998834, 6459499.99999984)
"2495",0.989583313,"XX",2024-01-24,2024,1,2024,"S87-083",934499.99999878,6460499.99999984,c(934499.99999878, 6460499.99999984)
"2496",0.973958313,"XX",2024-01-24,2024,1,2024,"S88-005",958499.999998745,6414499.99999986,c(958499.999998745, 6414499.99999986)
"2497",0.880208313,"XY",2024-01-24,2024,1,2024,"S88-093",948499.99999876,6449499.99999985,c(948499.99999876, 6449499.99999985)
"2498",0.953125,"XY",2024-01-25,2024,1,2024,"S88-100",974499.999998721,6530499.99999982,c(974499.999998721, 6530499.99999982)
"2499",0.947916687,"XY",2024-01-25,2024,1,2024,"S87-129",984499.999998706,6475499.99999984,c(984499.999998706, 6475499.99999984)
"2501",1,"XY",2024-01-25,2024,1,2024,"S87-014",959499.999998743,6635499.99999978,c(959499.999998743, 6635499.99999978)
"2503",1,"XX",2024-01-25,2024,1,2024,"S87-015",959499.999998743,6635499.99999978,c(959499.999998743, 6635499.99999978)
"2504",0.90625,"XY",2024-01-25,2024,1,2024,"S78-042",939499.999998773,6395499.99999987,c(939499.999998773, 6395499.99999987)
"2505",0.869791687,"XX",2024-01-25,2024,1,2024,"S87-053",964499.999998736,6315499.99999989,c(964499.999998736, 6315499.99999989)
"2506",0.921875,"XX",2024-01-25,2024,1,2024,"S82-025",938499.999998775,6319499.99999989,c(938499.999998775, 6319499.99999989)
"2507",1,"XY",2024-01-25,2024,1,2024,"S78-042",939499.999998773,6395499.99999987,c(939499.999998773, 6395499.99999987)
"2508",0.850000024,"XX",2024-01-25,2024,1,2024,"S88-002",928499.99999879,6439499.99999985,c(928499.99999879, 6439499.99999985)
"2509",0.947916687,"XX",2024-01-25,2024,1,2024,"S87-106",944499.999998766,6350499.99999988,c(944499.999998766, 6350499.99999988)
"2510",0.920000017,"XY",2024-01-25,2024,1,2024,"S73-070",931499.999998785,6449499.99999985,c(931499.999998785, 6449499.99999985)
"2511",0.901041687,"XX",2024-01-25,2024,1,2024,"S88-002",926499.999998792,6433499.99999985,c(926499.999998792, 6433499.99999985)
"2512",0.71875,"XX",2024-01-25,2024,1,2024,"S75-048",929499.999998788,6400499.99999986,c(929499.999998788, 6400499.99999986)
"2514",0.723958313,"XY",2024-01-25,2024,1,2024,"S86-070",983499.999998707,6479499.99999983,c(983499.999998707, 6479499.99999983)
"2515",1,"XY",2024-01-25,2024,1,2024,"S86-037",911499.999998815,6373499.99999987,c(911499.999998815, 6373499.99999987)
"2516",0.958333313,"XY",2024-01-25,2024,1,2024,"S86-001",875499.999998868,6319499.99999989,c(875499.999998868, 6319499.99999989)
"2517",0.65625,"XY",2024-01-25,2024,1,2024,"S86-018",989499.999998698,6555499.99999981,c(989499.999998698, 6555499.99999981)
"2518",0.796875,"XX",2024-01-25,2024,1,2024,"S60-23",974499.999998721,6435499.99999985,c(974499.999998721, 6435499.99999985)
"2519",0.875,"XX",2024-01-25,2024,1,2024,"S78-031",984499.999998706,6415499.99999986,c(984499.999998706, 6415499.99999986)
"2520",0.53125,"XX",2024-01-25,2024,1,2024,"S86-003",989499.999998698,6555499.99999981,c(989499.999998698, 6555499.99999981)
"2521",0.791666687,"XY",2024-01-25,2024,1,2024,"S86-037",905499.999998824,6369499.99999988,c(905499.999998824, 6369499.99999988)
"2522",0.734375,"XX",2024-01-25,2024,1,2024,"S86-003",988499.9999987,6559499.99999981,c(988499.9999987, 6559499.99999981)
"2523",0.885416687,"XY",2024-01-25,2024,1,2024,"S86-018",988499.9999987,6559499.99999981,c(988499.9999987, 6559499.99999981)
"2525",0.625,"XX",2024-01-26,2024,1,2024,"S81-116",998499.999998685,6414499.99999986,c(998499.999998685, 6414499.99999986)
"2526",0.973958313,"XX",2024-01-26,2024,1,2024,"S65-36",949499.999998758,6415499.99999986,c(949499.999998758, 6415499.99999986)
"2527",0.640625,"XY",2024-01-26,2024,1,2024,"S84-003",899499.999998833,6395499.99999987,c(899499.999998833, 6395499.99999987)
"2528",0.885416687,"XX",2024-01-26,2024,1,2024,"S87-032",999499.999998684,6420499.99999986,c(999499.999998684, 6420499.99999986)
"2529",1,"XY",2024-01-26,2024,1,2024,"S89-010",939499.999998773,6435499.99999985,c(939499.999998773, 6435499.99999985)
"2530",1,"XX",2024-01-26,2024,1,2024,"S81-136",933499.999998782,6437499.99999985,c(933499.999998782, 6437499.99999985)
"2531",0.739583313,"XY",2024-01-26,2024,1,2024,"S87-030",893499.999998842,6344499.99999988,c(893499.999998842, 6344499.99999988)
"2532",0.78125,"XY",2024-01-26,2024,1,2024,"S88-080",999499.999998684,6410499.99999986,c(999499.999998684, 6410499.99999986)
"2533",0.994791687,"XY",2024-01-26,2024,1,2024,"S86-080",984499.999998706,6405499.99999986,c(984499.999998706, 6405499.99999986)
"2534",0.588541687,"XX",2024-01-26,2024,1,2024,"S85-016",988499.9999987,6319499.99999989,c(988499.9999987, 6319499.99999989)
"2536",0.869791687,"XX",2024-01-27,2024,1,2024,"S88-045",939499.999998773,6415499.99999986,c(939499.999998773, 6415499.99999986)
"2537",0.755208313,"XX",2024-01-27,2024,1,2024,"S82-039",864499.999998885,6290499.9999999,c(864499.999998885, 6290499.9999999)
"2538",0.682291687,"XX",2024-01-27,2024,1,2024,"S87-100",979499.999998713,6320499.99999989,c(979499.999998713, 6320499.99999989)
"2541",0.822916687,"XY",2024-01-27,2024,1,2024,"S82-081",939499.999998773,6415499.99999986,c(939499.999998773, 6415499.99999986)
"2542",0.708333313,"XY",2024-01-29,2024,1,2024,"S74-011",983499.999998707,6404499.99999986,c(983499.999998707, 6404499.99999986)
"2543",0.854166687,"XX",2024-01-29,2024,1,2024,"S69-53",999499.999998684,6400499.99999986,c(999499.999998684, 6400499.99999986)
"2544",0.829999983,"XX",2024-01-29,2024,1,2024,"S87-084",889499.999998848,6430499.99999985,c(889499.999998848, 6430499.99999985)
"2545",1,"XY",2024-01-29,2024,1,2024,"S87-082",924499.999998795,6480499.99999983,c(924499.999998795, 6480499.99999983)
"2546",0.734375,"XX",2024-01-29,2024,1,2024,"S86-127",928499.99999879,6604499.99999979,c(928499.99999879, 6604499.99999979)
"2547",0.932291687,"XX",2024-01-29,2024,1,2024,"S74-014",908499.999998819,6354499.99999988,c(908499.999998819, 6354499.99999988)
"2549",0.9375,"XY",2024-01-29,2024,1,2024,"S87-109",929499.999998788,6340499.99999989,c(929499.999998788, 6340499.99999989)
"2550",0.78125,"XY",2024-01-29,2024,1,2024,"S78-034",959499.999998743,6635499.99999978,c(959499.999998743, 6635499.99999978)
"2551",1,"XY",2024-01-29,2024,1,2024,"S87-126",994499.999998691,6240499.99999992,c(994499.999998691, 6240499.99999992)
"2552",0.916666687,"XX",2024-01-29,2024,1,2024,"S81-129",959499.999998743,6635499.99999978,c(959499.999998743, 6635499.99999978)
"2553",0.953125,"XX",2024-01-29,2024,1,2024,"S77-028",905499.999998824,6354499.99999988,c(905499.999998824, 6354499.99999988)
"2554",0.9375,"XX",2024-01-30,2024,1,2024,"S82-116",1034499.99999863,6345499.99999988,c(1034499.99999863, 6345499.99999988)
"2555",0.640625,"XX",2024-01-30,2024,1,2024,"S74-002",899499.999998833,6240499.99999992,c(899499.999998833, 6240499.99999992)
"2556",0.927083313,"XY",2024-01-30,2024,1,2024,"S87-066",899499.999998833,6240499.99999992,c(899499.999998833, 6240499.99999992)
"2558",0.864583313,"XX",2024-01-30,2024,1,2024,"S86-117",898499.999998834,6439499.99999985,c(898499.999998834, 6439499.99999985)
"2559",0.96875,"XY",2024-01-30,2024,1,2024,"S87-068",899499.999998833,6240499.99999992,c(899499.999998833, 6240499.99999992)
"2560",0.895833313,"XY",2024-01-30,2024,1,2024,"S86-081",898499.999998834,6244499.99999992,c(898499.999998834, 6244499.99999992)
"2561",0.880208313,"XX",2024-01-30,2024,1,2024,"S80-086",904499.999998825,6315499.99999989,c(904499.999998825, 6315499.99999989)
"2563",0.755208313,"XX",2024-01-30,2024,1,2024,"S87-024",899499.999998833,6435499.99999985,c(899499.999998833, 6435499.99999985)
"2564",1,"XY",2024-01-30,2024,1,2024,"S87-022",1069499.99999858,6335499.99999989,c(1069499.99999858, 6335499.99999989)
"2565",0.755208313,"XY",2024-01-30,2024,1,2024,"S87-079",944499.999998766,6475499.99999984,c(944499.999998766, 6475499.99999984)
"2567",1,"XX",2024-01-30,2024,1,2024,"S87-012",988499.9999987,6529499.99999982,c(988499.9999987, 6529499.99999982)
"2568",0.901041687,"XY",2024-01-30,2024,1,2024,"S88-038",904499.999998825,6315499.99999989,c(904499.999998825, 6315499.99999989)
"2569",0.848958313,"XX",2024-01-30,2024,1,2024,"S72-012",934499.99999878,6335499.99999989,c(934499.99999878, 6335499.99999989)
"2570",1,"XX",2024-01-30,2024,1,2024,"S84-002",949499.999998758,6360499.99999988,c(949499.999998758, 6360499.99999988)
"2571",0.920000017,"XY",2024-01-30,2024,1,2024,"S75-071",988499.9999987,6529499.99999982,c(988499.9999987, 6529499.99999982)
"2572",1,"XX",2024-01-30,2024,1,2024,"S87-016",769499.999999027,6360499.99999988,c(769499.999999027, 6360499.99999988)
"2573",1,"XX",2024-01-30,2024,1,2024,"S78-008",994499.999998691,6345499.99999988,c(994499.999998691, 6345499.99999988)
"2574",0.901041687,"XX",2024-01-30,2024,1,2024,"S64-38",941499.99999877,6478499.99999984,c(941499.99999877, 6478499.99999984)
"2575",1,"XX",2024-01-30,2024,1,2024,"S81-011",769499.999999027,6360499.99999988,c(769499.999999027, 6360499.99999988)
"2576",0.921875,"XX",2024-01-30,2024,1,2024,"S84-033",979499.999998713,6515499.99999982,c(979499.999998713, 6515499.99999982)
"2577",1,"XY",2024-01-30,2024,1,2024,"S87-052",904499.999998825,6315499.99999989,c(904499.999998825, 6315499.99999989)
"2578",1,"XX",2024-01-30,2024,1,2024,"S87-124",769499.999999027,6360499.99999988,c(769499.999999027, 6360499.99999988)
"2579",0.9375,"XY",2024-01-31,2024,1,2024,"S87-004",954499.999998751,6540499.99999981,c(954499.999998751, 6540499.99999981)
"2580",0.994791687,"XY",2024-01-31,2024,1,2024,"S87-044",999499.999998684,6370499.99999987,c(999499.999998684, 6370499.99999987)
"2581",0.989583313,"XX",2024-01-31,2024,1,2024,"S79-066",954499.999998751,6540499.99999981,c(954499.999998751, 6540499.99999981)
"2583",1,"XY",2024-01-31,2024,1,2024,"S87-003",954499.999998751,6540499.99999981,c(954499.999998751, 6540499.99999981)
"2584",1,"XY",2024-01-31,2024,1,2024,"S87-003",953499.999998752,6544499.99999981,c(953499.999998752, 6544499.99999981)
"2585",0.939999998,"XY",2024-01-31,2024,1,2024,"S86-201",986499.999998703,6528499.99999982,c(986499.999998703, 6528499.99999982)
"2586",0.989583313,"XY",2024-01-31,2024,1,2024,"S87-004",953499.999998752,6544499.99999981,c(953499.999998752, 6544499.99999981)
"2587",0.96875,"XY",2024-01-31,2024,1,2024,"S78-034",959499.999998743,6635499.99999978,c(959499.999998743, 6635499.99999978)
"2588",1,"XY",2024-01-31,2024,1,2024,"S87-014",959499.999998743,6635499.99999978,c(959499.999998743, 6635499.99999978)
"2589",1,"XX",2024-01-31,2024,1,2024,"S87-015",959499.999998743,6635499.99999978,c(959499.999998743, 6635499.99999978)
"2590",0.661458313,"XY",2024-01-31,2024,1,2024,"S86-025",894499.99999884,6420499.99999986,c(894499.99999884, 6420499.99999986)
"2592",0.96875,"XY",2024-02-01,2024,2,2024,"S87-047",894499.99999884,6325499.99999989,c(894499.99999884, 6325499.99999989)
"2594",0.864583313,"XX",2024-02-01,2024,2,2024,"S82-029",938499.999998775,6364499.99999988,c(938499.999998775, 6364499.99999988)
"2595",0.635416687,"XX",2024-02-01,2024,2,2024,"S84-033",973499.999998722,6519499.99999982,c(973499.999998722, 6519499.99999982)
"2596",0.807291687,"XY",2024-02-01,2024,2,2024,"S87-033",884499.999998855,6375499.99999987,c(884499.999998855, 6375499.99999987)
"2597",0.979166687,"XX",2024-02-01,2024,2,2024,"S88-094",929499.999998788,6445499.99999985,c(929499.999998788, 6445499.99999985)
"2598",0.822916687,"XY",2024-02-01,2024,2,2024,"S79-069",969499.999998728,6515499.99999982,c(969499.999998728, 6515499.99999982)
"2599",0.697916687,"XX",2024-02-01,2024,2,2024,"S82-025",939499.999998773,6315499.99999989,c(939499.999998773, 6315499.99999989)
"2600",1,"XY",2024-02-01,2024,2,2024,"S82-017",999499.999998684,6355499.99999988,c(999499.999998684, 6355499.99999988)
"2601",0.901041687,"XY",2024-02-01,2024,2,2024,"S78-034",956499.999998748,6638499.99999978,c(956499.999998748, 6638499.99999978)
"2602",0.526041687,"XX",2024-02-01,2024,2,2024,"S73-025",998499.999998685,6349499.99999988,c(998499.999998685, 6349499.99999988)
"2603",0.953125,"XY",2024-02-01,2024,2,2024,"S87-022",1068499.99999858,6334499.99999989,c(1068499.99999858, 6334499.99999989)
"2604",1,"XY",2024-02-01,2024,2,2024,"S87-040",1019499.99999865,6335499.99999989,c(1019499.99999865, 6335499.99999989)
"2605",0.947916687,"XY",2024-02-01,2024,2,2024,"S87-091",1004499.99999868,6310499.9999999,c(1004499.99999868, 6310499.9999999)
"2606",0.979166687,"XY",2024-02-01,2024,2,2024,"S87-005",941499.99999877,6368499.99999988,c(941499.99999877, 6368499.99999988)
"2607",1,"XX",2024-02-01,2024,2,2024,"S87-070",964499.999998736,6400499.99999986,c(964499.999998736, 6400499.99999986)
"2608",0.604166687,"XX",2024-02-01,2024,2,2024,"S86-004",971499.999998725,6418499.99999986,c(971499.999998725, 6418499.99999986)
"2609",0.765625,"XX",2024-02-01,2024,2,2024,"S85-098",1018499.99999866,6359499.99999988,c(1018499.99999866, 6359499.99999988)
"2610",1,"XX",2024-02-02,2024,2,2024,"S88-095",899499.999998833,6455499.99999984,c(899499.999998833, 6455499.99999984)
"2611",1,"XX",2024-02-02,2024,2,2024,"S81-129",956499.999998748,6638499.99999978,c(956499.999998748, 6638499.99999978)
"2612",0.979166687,"XY",2024-02-02,2024,2,2024,"S86-001",881499.99999886,6319499.99999989,c(881499.99999886, 6319499.99999989)
"2613",0.911458313,"XX",2024-02-02,2024,2,2024,"S74-097",889499.999998848,6315499.99999989,c(889499.999998848, 6315499.99999989)
"2614",0.567708313,"XY",2024-02-02,2024,2,2024,"S86-093",896499.999998837,6458499.99999984,c(896499.999998837, 6458499.99999984)
"2615",0.53125,"XX",2024-02-02,2024,2,2024,"S87-046",999499.999998684,6380499.99999987,c(999499.999998684, 6380499.99999987)
"2616",0.609375,"XX",2024-02-02,2024,2,2024,"S89-001",899499.999998833,6455499.99999984,c(899499.999998833, 6455499.99999984)
"2617",0.822916687,"XX",2024-02-02,2024,2,2024,"S89-001",899499.999998833,6455499.99999984,c(899499.999998833, 6455499.99999984)
"2618",1,"XY",2024-02-02,2024,2,2024,"S87-065",994499.999998691,6240499.99999992,c(994499.999998691, 6240499.99999992)
"2619",1,"XX",2024-02-02,2024,2,2024,"S87-006",979499.999998713,6415499.99999986,c(979499.999998713, 6415499.99999986)
"2620",0.895833313,"XY",2024-02-02,2024,2,2024,"S86-201",990499.999998697,6539499.99999981,c(990499.999998697, 6539499.99999981)
"2622",1,"XY",2024-02-02,2024,2,2024,"S87-021",764499.999999034,6360499.99999988,c(764499.999999034, 6360499.99999988)
"2623",0.645833313,"XX",2024-02-02,2024,2,2024,"S87-056",1009499.99999867,6490499.99999983,c(1009499.99999867, 6490499.99999983)
"2624",0.770833313,"XX",2024-02-02,2024,2,2024,"S87-056",1009499.99999867,6490499.99999983,c(1009499.99999867, 6490499.99999983)
"2625",0.84375,"XX",2024-02-02,2024,2,2024,"S88-037",1004499.99999868,6385499.99999987,c(1004499.99999868, 6385499.99999987)
"2626",0.875,"XX",2024-02-03,2024,2,2024,"S87-098",919499.999998803,6345499.99999988,c(919499.999998803, 6345499.99999988)
"2627",0.713541687,"XY",2024-02-03,2024,2,2024,"S87-027",879499.999998863,6430499.99999985,c(879499.999998863, 6430499.99999985)
"2628",0.84375,"XY",2024-02-03,2024,2,2024,"S87-102",959499.999998743,6355499.99999988,c(959499.999998743, 6355499.99999988)
"2630",1,"XY",2024-02-03,2024,2,2024,"S87-009",974499.999998721,6535499.99999981,c(974499.999998721, 6535499.99999981)
"2631",1,"XX",2024-02-04,2024,2,2024,"S87-125",764499.999999034,6360499.99999988,c(764499.999999034, 6360499.99999988)
"2632",0.9375,"XX",2024-02-04,2024,2,2024,"S87-016",763499.999999035,6364499.99999988,c(763499.999999035, 6364499.99999988)
"2633",0.970000029,"XY",2024-02-04,2024,2,2024,"S83-022",994499.999998691,6480499.99999983,c(994499.999998691, 6480499.99999983)
"2634",0.869791687,"XX",2024-02-04,2024,2,2024,"S57-34",894499.99999884,6430499.99999985,c(894499.99999884, 6430499.99999985)
"2635",1,"XY",2024-02-04,2024,2,2024,"S89-021",914499.99999881,6330499.99999989,c(914499.99999881, 6330499.99999989)
"2636",0.973958313,"XX",2024-02-05,2024,2,2024,"S73-018",944499.999998766,6460499.99999984,c(944499.999998766, 6460499.99999984)
"2637",1,"XY",2024-02-05,2024,2,2024,"S74-011",981499.99999871,6408499.99999986,c(981499.99999871, 6408499.99999986)
"2638",0.515625,"XX",2024-02-05,2024,2,2024,"S85-098",1016499.99999866,6353499.99999988,c(1016499.99999866, 6353499.99999988)
"2639",0.984375,"XX",2024-02-05,2024,2,2024,"S87-067",984499.999998706,6295499.9999999,c(984499.999998706, 6295499.9999999)
"2640",1,"XY",2024-02-05,2024,2,2024,"S86-084",968499.99999873,6514499.99999982,c(968499.99999873, 6514499.99999982)
"2641",0.875,"XY",2024-02-05,2024,2,2024,"S87-087",959499.999998743,6335499.99999989,c(959499.999998743, 6335499.99999989)
"2642",1,"XY",2024-02-05,2024,2,2024,"S57-26",959499.999998743,6405499.99999986,c(959499.999998743, 6405499.99999986)
"2643",0.859375,"XX",2024-02-05,2024,2,2024,"S70-004",969499.999998728,6405499.99999986,c(969499.999998728, 6405499.99999986)
"2644",1,"XX",2024-02-05,2024,2,2024,"S87-006",983499.999998707,6409499.99999986,c(983499.999998707, 6409499.99999986)
"2645",0.895833313,"XY",2024-02-06,2024,2,2024,"S87-025",974499.999998721,6460499.99999984,c(974499.999998721, 6460499.99999984)
"2646",0.880208313,"XY",2024-02-06,2024,2,2024,"S86-130",971499.999998725,6463499.99999984,c(971499.999998725, 6463499.99999984)
"2647",0.963541687,"XY",2024-02-06,2024,2,2024,"S86-130",973499.999998722,6464499.99999984,c(973499.999998722, 6464499.99999984)
"2648",1,"XY",2024-02-06,2024,2,2024,"S87-025",974499.999998721,6460499.99999984,c(974499.999998721, 6460499.99999984)
"2649",0.958333313,"XY",2024-02-06,2024,2,2024,"S72-049",1009499.99999867,6495499.99999983,c(1009499.99999867, 6495499.99999983)
"2650",0.802083313,"XY",2024-02-06,2024,2,2024,"S86-130",973499.999998722,6464499.99999984,c(973499.999998722, 6464499.99999984)
"2651",0.697916687,"XY",2024-02-06,2024,2,2024,"S89-013",924499.999998795,6415499.99999986,c(924499.999998795, 6415499.99999986)
"2652",0.791666687,"XY",2024-02-06,2024,2,2024,"S87-041",999499.999998684,6360499.99999988,c(999499.999998684, 6360499.99999988)
"2653",1,"XX",2024-02-06,2024,2,2024,"S70-004",958499.999998745,6414499.99999986,c(958499.999998745, 6414499.99999986)
"2654",1,"XX",2024-02-06,2024,2,2024,"S87-080",979499.999998713,6530499.99999982,c(979499.999998713, 6530499.99999982)
"2655",1,"XX",2024-02-06,2024,2,2024,"S87-077",924499.999998795,6415499.99999986,c(924499.999998795, 6415499.99999986)
"2657",0.927083313,"XX",2024-02-06,2024,2,2024,"S87-017",894499.99999884,6370499.99999987,c(894499.99999884, 6370499.99999987)
"2658",0.963541687,"XY",2024-02-06,2024,2,2024,"S87-009",968499.99999873,6539499.99999981,c(968499.99999873, 6539499.99999981)
"2659",0.854166687,"XY",2024-02-06,2024,2,2024,"S87-009",966499.999998733,6538499.99999981,c(966499.999998733, 6538499.99999981)
"2660",1,"XY",2024-02-06,2024,2,2024,"S87-093",974499.999998721,6535499.99999981,c(974499.999998721, 6535499.99999981)
"2661",0.860000014,"XX",2024-02-06,2024,2,2024,"S81-136",932499.999998783,6426499.99999985,c(932499.999998783, 6426499.99999985)
"2662",0.71875,"NI",2024-02-07,2024,2,2024,"S87-074",984499.999998706,6255499.99999992,c(984499.999998706, 6255499.99999992)
"2663",0.916666687,"XY",2024-02-07,2024,2,2024,"S88-013",984499.999998706,6505499.99999982,c(984499.999998706, 6505499.99999982)
"2665",0.958333313,"XX",2024-02-07,2024,2,2024,"S86-053",1028499.99999864,6344499.99999988,c(1028499.99999864, 6344499.99999988)
"2666",0.890625,"XX",2024-02-07,2024,2,2024,"S87-071",954499.999998751,6400499.99999986,c(954499.999998751, 6400499.99999986)
"2667",0.776041687,"XY",2024-02-07,2024,2,2024,"S88-021",984499.999998706,6505499.99999982,c(984499.999998706, 6505499.99999982)
"2668",0.973958313,"XX",2024-02-07,2024,2,2024,"S82-019",934499.99999878,6390499.99999987,c(934499.99999878, 6390499.99999987)
"2669",0.911458313,"XY",2024-02-07,2024,2,2024,"S78-042",931499.999998785,6393499.99999987,c(931499.999998785, 6393499.99999987)
"2670",0.625,"XX",2024-02-07,2024,2,2024,"S88-099",984499.999998706,6505499.99999982,c(984499.999998706, 6505499.99999982)
"2671",0.864583313,"XY",2024-02-07,2024,2,2024,"S87-054",1019499.99999865,6325499.99999989,c(1019499.99999865, 6325499.99999989)
"2672",1,"XY",2024-02-07,2024,2,2024,"S88-013",988499.9999987,6509499.99999982,c(988499.9999987, 6509499.99999982)
"2673",0.958333313,"XX",2024-02-08,2024,2,2024,"S87-084",888499.999998849,6434499.99999985,c(888499.999998849, 6434499.99999985)
"2674",0.5625,"NI",2024-02-08,2024,2,2024,"S87-099",949499.999998758,6325499.99999989,c(949499.999998758, 6325499.99999989)
"2675",0.989583313,"XY",2024-02-08,2024,2,2024,"S87-039",1069499.99999858,6330499.99999989,c(1069499.99999858, 6330499.99999989)
"2676",0.958333313,"XX",2024-02-08,2024,2,2024,"S87-062",969499.999998728,6455499.99999984,c(969499.999998728, 6455499.99999984)
"2678",0.880208313,"XX",2024-02-08,2024,2,2024,"S86-127",926499.999998792,6603499.99999979,c(926499.999998792, 6603499.99999979)
"2679",0.755208313,"XX",2024-02-08,2024,2,2024,"S87-096",929499.999998788,6320499.99999989,c(929499.999998788, 6320499.99999989)
"2680",0.583333313,"XX",2024-02-08,2024,2,2024,"S74-007",1043499.99999862,6349499.99999988,c(1043499.99999862, 6349499.99999988)
"2681",0.510416687,"NI",2024-02-08,2024,2,2024,"S87-094",904499.999998825,6255499.99999992,c(904499.999998825, 6255499.99999992)
"2682",0.970000029,"XY",2024-02-08,2024,2,2024,"S88-001",929499.999998788,6485499.99999983,c(929499.999998788, 6485499.99999983)
"2683",0.889999986,"XY",2024-02-08,2024,2,2024,"S88-001",928499.99999879,6489499.99999983,c(928499.99999879, 6489499.99999983)
"2684",0.802083313,"XX",2024-02-08,2024,2,2024,"S77-048",944499.999998766,6620499.99999978,c(944499.999998766, 6620499.99999978)
"2685",0.927083313,"XX",2024-02-08,2024,2,2024,"S86-124",938499.999998775,6619499.99999978,c(938499.999998775, 6619499.99999978)
"2686",0.875,"XY",2024-02-08,2024,2,2024,"S87-013",999499.999998684,6325499.99999989,c(999499.999998684, 6325499.99999989)
"2687",0.697916687,"XX",2024-02-08,2024,2,2024,"S70-092",959499.999998743,6480499.99999983,c(959499.999998743, 6480499.99999983)
"2688",0.979166687,"XY",2024-02-08,2024,2,2024,"S69-06",964499.999998736,6440499.99999985,c(964499.999998736, 6440499.99999985)
"2689",0.822916687,"XY",2024-02-08,2024,2,2024,"S86-125",948499.99999876,6624499.99999978,c(948499.99999876, 6624499.99999978)
"2691",0.875,"XY",2024-02-08,2024,2,2024,"S87-013",998499.999998685,6334499.99999989,c(998499.999998685, 6334499.99999989)
"2692",0.734375,"XY",2024-02-08,2024,2,2024,"S78-075",1018499.99999866,6349499.99999988,c(1018499.99999866, 6349499.99999988)
"2693",0.864583313,"XY",2024-02-08,2024,2,2024,"S87-107",949499.999998758,6325499.99999989,c(949499.999998758, 6325499.99999989)
"2694",0.677083313,"XY",2024-02-08,2024,2,2024,"S72-049",1008499.99999867,6504499.99999983,c(1008499.99999867, 6504499.99999983)
"2695",0.729166687,"XX",2024-02-08,2024,2,2024,"S57-44",1014499.99999866,6365499.99999988,c(1014499.99999866, 6365499.99999988)
"2696",0.864583313,"XY",2024-02-08,2024,2,2024,"S87-013",1001499.99999868,6333499.99999989,c(1001499.99999868, 6333499.99999989)
"2697",1,"XX",2024-02-08,2024,2,2024,"S87-088",964499.999998736,6440499.99999985,c(964499.999998736, 6440499.99999985)
"2698",0.526041687,"XY",2024-02-09,2024,2,2024,"S87-057",969499.999998728,6460499.99999984,c(969499.999998728, 6460499.99999984)
"2699",0.927083313,"XX",2024-02-09,2024,2,2024,"S67-45",963499.999998737,6469499.99999984,c(963499.999998737, 6469499.99999984)
"2700",0.776041687,"XX",2024-02-09,2024,2,2024,"S88-042",934499.99999878,6370499.99999987,c(934499.99999878, 6370499.99999987)
"2702",0.854166687,"XX",2024-02-09,2024,2,2024,"S81-064",889499.999998848,6340499.99999989,c(889499.999998848, 6340499.99999989)
"2703",1,"XX",2024-02-09,2024,2,2024,"S82-002",934499.99999878,6370499.99999987,c(934499.99999878, 6370499.99999987)
"2704",0.989583313,"XY",2024-02-09,2024,2,2024,"S87-030",881499.99999886,6338499.99999989,c(881499.99999886, 6338499.99999989)
"2705",0.776041687,"XY",2024-02-09,2024,2,2024,"S87-030",881499.99999886,6338499.99999989,c(881499.99999886, 6338499.99999989)
"2706",0.9375,"XX",2024-02-09,2024,2,2024,"S88-022",989499.999998698,6585499.9999998,c(989499.999998698, 6585499.9999998)
"2708",1,"XY",2024-02-10,2024,2,2024,"S87-093",973499.999998722,6539499.99999981,c(973499.999998722, 6539499.99999981)
"2709",0.765625,"XX",2024-02-10,2024,2,2024,"S87-112",954499.999998751,6265499.99999991,c(954499.999998751, 6265499.99999991)
"2710",0.578125,"XY",2024-02-11,2024,2,2024,"S87-023",929499.999998788,6295499.9999999,c(929499.999998788, 6295499.9999999)
"2711",1,"XY",2024-02-11,2024,2,2024,"S86-031",906499.999998822,6348499.99999988,c(906499.999998822, 6348499.99999988)
"2712",0.791666687,"XY",2024-02-12,2024,2,2024,"S87-085",989499.999998698,6590499.99999979,c(989499.999998698, 6590499.99999979)
"2713",1,"XY",2024-02-12,2024,2,2024,"S89-004",1009499.99999867,6345499.99999988,c(1009499.99999867, 6345499.99999988)
"2714",0.755208313,"XY",2024-02-12,2024,2,2024,"S88-026",974499.999998721,6440499.99999985,c(974499.999998721, 6440499.99999985)
"2715",1,"XY",2024-02-12,2024,2,2024,"S86-200",973499.999998722,6484499.99999983,c(973499.999998722, 6484499.99999983)
"2716",0.578125,"XX",2024-02-12,2024,2,2024,"S84-043",879499.999998863,6340499.99999989,c(879499.999998863, 6340499.99999989)
"2717",1,"XX",2024-02-12,2024,2,2024,"S87-010",879499.999998863,6345499.99999988,c(879499.999998863, 6345499.99999988)
"2718",0.953125,"XX",2024-02-12,2024,2,2024,"S84-043",878499.999998864,6349499.99999988,c(878499.999998864, 6349499.99999988)
"2719",0.984375,"XX",2024-02-12,2024,2,2024,"S87-010",878499.999998864,6349499.99999988,c(878499.999998864, 6349499.99999988)
"2720",0.890625,"XX",2024-02-12,2024,2,2024,"S87-062",968499.99999873,6464499.99999984,c(968499.99999873, 6464499.99999984)
"2721",0.598958313,"XX",2024-02-12,2024,2,2024,"S75-066",969499.999998728,6460499.99999984,c(969499.999998728, 6460499.99999984)
"2723",1,"XY",2024-02-12,2024,2,2024,"S89-006",1019499.99999865,6350499.99999988,c(1019499.99999865, 6350499.99999988)
"2724",1,"XY",2024-02-12,2024,2,2024,"S87-085",983499.999998707,6594499.99999979,c(983499.999998707, 6594499.99999979)
"2725",0.6875,"XX",2024-02-12,2024,2,2024,"S84-024",869499.999998878,6395499.99999987,c(869499.999998878, 6395499.99999987)
"2726",1,"XY",2024-02-12,2024,2,2024,"S88-088",869499.999998878,6395499.99999987,c(869499.999998878, 6395499.99999987)
"2727",0.708333313,"XX",2024-02-12,2024,2,2024,"S87-032",993499.999998693,6429499.99999985,c(993499.999998693, 6429499.99999985)
"2728",0.791666687,"XY",2024-02-12,2024,2,2024,"S88-036",989499.999998698,6350499.99999988,c(989499.999998698, 6350499.99999988)
"2729",0.9375,"XX",2024-02-12,2024,2,2024,"S68-19",989499.999998698,6590499.99999979,c(989499.999998698, 6590499.99999979)
"2730",0.609375,"XX",2024-02-12,2024,2,2024,"S77-027",923499.999998797,6359499.99999988,c(923499.999998797, 6359499.99999988)
"2731",0.53125,"XX",2024-02-13,2024,2,2024,"S86-002",991499.999998695,6483499.99999983,c(991499.999998695, 6483499.99999983)
"2732",1,"XY",2024-02-13,2024,2,2024,"S87-108",974499.999998721,6255499.99999992,c(974499.999998721, 6255499.99999992)
"2733",1,"XX",2024-02-13,2024,2,2024,"S87-063",954499.999998751,6275499.99999991,c(954499.999998751, 6275499.99999991)
"2734",1,"XY",2024-02-13,2024,2,2024,"S88-079",999499.999998684,6330499.99999989,c(999499.999998684, 6330499.99999989)
"2735",0.526041687,"XX",2024-02-13,2024,2,2024,"S75-031",946499.999998763,6373499.99999987,c(946499.999998763, 6373499.99999987)
"2736",1,"XX",2024-02-13,2024,2,2024,"S89-008",1059499.99999859,6330499.99999989,c(1059499.99999859, 6330499.99999989)
"2738",0.859375,"XX",2024-02-13,2024,2,2024,"S87-086",1014499.99999866,6275499.99999991,c(1014499.99999866, 6275499.99999991)
"2739",0.630208313,"XX",2024-02-13,2024,2,2024,"S88-034",989499.999998698,6345499.99999988,c(989499.999998698, 6345499.99999988)
"2740",0.953125,"XX",2024-02-13,2024,2,2024,"S56-36",1009499.99999867,6500499.99999983,c(1009499.99999867, 6500499.99999983)
"2741",0.875,"XX",2024-02-13,2024,2,2024,"S87-051",989499.999998698,6345499.99999988,c(989499.999998698, 6345499.99999988)
"2742",0.848958313,"XX",2024-02-13,2024,2,2024,"S89-020",1004499.99999868,6325499.99999989,c(1004499.99999868, 6325499.99999989)
"2744",0.614583313,"XX",2024-02-13,2024,2,2024,"S88-039",1059499.99999859,6330499.99999989,c(1059499.99999859, 6330499.99999989)
"2745",1,"XX",2024-02-13,2024,2,2024,"S89-011",894499.99999884,6420499.99999986,c(894499.99999884, 6420499.99999986)
"2746",0.723958313,"XY",2024-02-13,2024,2,2024,"S86-022",956499.999998748,6473499.99999984,c(956499.999998748, 6473499.99999984)
"2747",1,"XX",2024-02-13,2024,2,2024,"S73-049",989499.999998698,6530499.99999982,c(989499.999998698, 6530499.99999982)
"2748",0.890625,"XX",2024-02-13,2024,2,2024,"S87-092",1009499.99999867,6280499.99999991,c(1009499.99999867, 6280499.99999991)
"2749",0.989583313,"XX",2024-02-14,2024,2,2024,"S71-031",1004499.99999868,6380499.99999987,c(1004499.99999868, 6380499.99999987)
"2750",0.994791687,"XY",2024-02-14,2024,2,2024,"S87-007",918499.999998804,6419499.99999986,c(918499.999998804, 6419499.99999986)
"2751",0.776041687,"XX",2024-02-14,2024,2,2024,"S87-077",923499.999998797,6419499.99999986,c(923499.999998797, 6419499.99999986)
"2752",0.984375,"XY",2024-02-14,2024,2,2024,"S87-073",964499.999998736,6405499.99999986,c(964499.999998736, 6405499.99999986)
"2753",0.958333313,"XY",2024-02-14,2024,2,2024,"S87-072",974499.999998721,6420499.99999986,c(974499.999998721, 6420499.99999986)
"2754",0.96875,"XY",2024-02-14,2024,2,2024,"S87-072",974499.999998721,6420499.99999986,c(974499.999998721, 6420499.99999986)
"2755",0.802083313,"XY",2024-02-14,2024,2,2024,"S87-060",1004499.99999868,6275499.99999991,c(1004499.99999868, 6275499.99999991)
"2756",1,"XX",2024-02-14,2024,2,2024,"S75-020",1034499.99999863,6320499.99999989,c(1034499.99999863, 6320499.99999989)
"2757",0.875,"XY",2024-02-14,2024,2,2024,"S79-003",1000499.99999868,6384499.99999987,c(1000499.99999868, 6384499.99999987)
"2758",0.854166687,"XY",2024-02-14,2024,2,2024,"S81-113",959499.999998743,6315499.99999989,c(959499.999998743, 6315499.99999989)
"2759",0.96875,"XY",2024-02-14,2024,2,2024,"S86-091",988499.9999987,6324499.99999989,c(988499.9999987, 6324499.99999989)
"2760",0.807291687,"XY",2024-02-14,2024,2,2024,"S81-113",956499.999998748,6318499.99999989,c(956499.999998748, 6318499.99999989)
"2761",0.8125,"XY",2024-02-14,2024,2,2024,"S88-059",929499.999998788,6335499.99999989,c(929499.999998788, 6335499.99999989)
"2762",0.791666687,"XY",2024-02-14,2024,2,2024,"S79-003",1001499.99999868,6384499.99999987,c(1001499.99999868, 6384499.99999987)
"2763",0.927083313,"XX",2024-02-14,2024,2,2024,"S75-020",1034499.99999863,6320499.99999989,c(1034499.99999863, 6320499.99999989)
"2764",1,"XX",2024-02-14,2024,2,2024,"S88-090",904499.999998825,6375499.99999987,c(904499.999998825, 6375499.99999987)
"2765",1,"XY",2024-02-15,2024,2,2024,"S81-031",999499.999998684,6360499.99999988,c(999499.999998684, 6360499.99999988)
"2766",0.6875,"XX",2024-02-15,2024,2,2024,"S87-031",909499.999998818,6345499.99999988,c(909499.999998818, 6345499.99999988)
"2767",0.911458313,"XX",2024-02-15,2024,2,2024,"S87-043",989499.999998698,6355499.99999988,c(989499.999998698, 6355499.99999988)
"2768",0.895833313,"XX",2024-02-15,2024,2,2024,"S88-024",974499.999998721,6475499.99999984,c(974499.999998721, 6475499.99999984)
"2770",0.546875,"XX",2024-02-15,2024,2,2024,"S87-028",919499.999998803,6275499.99999991,c(919499.999998803, 6275499.99999991)
"2771",1,"XX",2024-02-15,2024,2,2024,"S87-028",918499.999998804,6279499.99999991,c(918499.999998804, 6279499.99999991)
"2772",0.895833313,"XX",2024-02-15,2024,2,2024,"S80-077",989499.999998698,6285499.99999991,c(989499.999998698, 6285499.99999991)
"2773",0.770833313,"XX",2024-02-15,2024,2,2024,"S68-17",889499.999998848,6445499.99999985,c(889499.999998848, 6445499.99999985)
"2774",1,"XX",2024-02-15,2024,2,2024,"S88-024",973499.999998722,6479499.99999983,c(973499.999998722, 6479499.99999983)
"2777",0.942708313,"XY",2024-02-15,2024,2,2024,"S87-019",888499.999998849,6449499.99999985,c(888499.999998849, 6449499.99999985)
"2778",0.911458313,"XY",2024-02-15,2024,2,2024,"S86-093",885499.999998854,6449499.99999985,c(885499.999998854, 6449499.99999985)
"2779",0.958333313,"XX",2024-02-15,2024,2,2024,"S86-087",953499.999998752,6354499.99999988,c(953499.999998752, 6354499.99999988)
"2780",1,"XX",2024-02-15,2024,2,2024,"S87-061",874499.99999887,6425499.99999985,c(874499.99999887, 6425499.99999985)
"2781",0.651041687,"XY",2024-02-15,2024,2,2024,"S87-055",904499.999998825,6340499.99999989,c(904499.999998825, 6340499.99999989)
"2782",0.880208313,"XY",2024-02-15,2024,2,2024,"S87-064",904499.999998825,6340499.99999989,c(904499.999998825, 6340499.99999989)
"2783",1,"XY",2024-02-15,2024,2,2024,"S87-020",909499.999998818,6345499.99999988,c(909499.999998818, 6345499.99999988)
"2784",0.651041687,"XX",2024-02-15,2024,2,2024,"S88-035",1024499.99999865,6335499.99999989,c(1024499.99999865, 6335499.99999989)
"2785",1,"XY",2024-02-16,2024,2,2024,"S88-083",909499.999998818,6240499.99999992,c(909499.999998818, 6240499.99999992)
"2786",0.505208313,"XX",2024-02-16,2024,2,2024,"S64-38",940499.999998772,6479499.99999983,c(940499.999998772, 6479499.99999983)
"2787",0.796875,"XY",2024-02-16,2024,2,2024,"S79-003",995499.99999869,6382499.99999987,c(995499.99999869, 6382499.99999987)
"2788",0.979166687,"XY",2024-02-16,2024,2,2024,"S87-072",971499.999998725,6423499.99999985,c(971499.999998725, 6423499.99999985)
"2789",0.880208313,"XY",2024-02-16,2024,2,2024,"S87-018",934499.99999878,6275499.99999991,c(934499.99999878, 6275499.99999991)
"2790",0.614583313,"XY",2024-02-16,2024,2,2024,"S79-003",998499.999998685,6382499.99999987,c(998499.999998685, 6382499.99999987)
"2791",0.776041687,"XY",2024-02-16,2024,2,2024,"S87-079",943499.999998767,6474499.99999984,c(943499.999998767, 6474499.99999984)
"2792",0.848958313,"XY",2024-02-16,2024,2,2024,"S87-018",934499.99999878,6275499.99999991,c(934499.99999878, 6275499.99999991)
"2793",0.635416687,"NI",2024-02-16,2024,2,2024,"S89-028",984499.999998706,6490499.99999983,c(984499.999998706, 6490499.99999983)
"2794",0.833333313,"XX",2024-02-16,2024,2,2024,"S87-011",909499.999998818,6390499.99999987,c(909499.999998818, 6390499.99999987)
"2795",0.895833313,"XX",2024-02-16,2024,2,2024,"S83-102",964499.999998736,6305499.9999999,c(964499.999998736, 6305499.9999999)
"2796",0.84375,"XX",2024-02-16,2024,2,2024,"S87-026",898499.999998834,6314499.99999989,c(898499.999998834, 6314499.99999989)
"2797",0.765625,"XX",2024-02-16,2024,2,2024,"S87-101",889499.999998848,6300499.9999999,c(889499.999998848, 6300499.9999999)
"2799",1,"XY",2024-02-16,2024,2,2024,"S79-003",995499.99999869,6382499.99999987,c(995499.99999869, 6382499.99999987)
"2800",0.567708313,"XX",2024-02-16,2024,2,2024,"S86-004",974499.999998721,6420499.99999986,c(974499.999998721, 6420499.99999986)
"2801",0.921875,"XX",2024-02-16,2024,2,2024,"S87-011",908499.999998819,6394499.99999987,c(908499.999998819, 6394499.99999987)
"2803",0.9375,"XX",2024-02-16,2024,2,2024,"S87-026",898499.999998834,6314499.99999989,c(898499.999998834, 6314499.99999989)
"2804",0.864583313,"XY",2024-02-17,2024,2,2024,"S88-014",989499.999998698,6580499.9999998,c(989499.999998698, 6580499.9999998)
"2805",0.807291687,"XX",2024-02-17,2024,2,2024,"S87-012",986499.999998703,6528499.99999982,c(986499.999998703, 6528499.99999982)
"2806",1,"XX",2024-02-17,2024,2,2024,"S89-019",994499.999998691,6315499.99999989,c(994499.999998691, 6315499.99999989)
"2807",0.973958313,"XY",2024-02-17,2024,2,2024,"S89-026",879499.999998863,6385499.99999987,c(879499.999998863, 6385499.99999987)
"2808",0.932291687,"XY",2024-02-17,2024,2,2024,"S88-021",978499.999998715,6499499.99999983,c(978499.999998715, 6499499.99999983)
"2809",0.760416687,"NI",2024-02-17,2024,2,2024,"S89-029",989499.999998698,6580499.9999998,c(989499.999998698, 6580499.9999998)
"2810",1,"XX",2024-02-17,2024,2,2024,"S88-023",909499.999998818,6250499.99999992,c(909499.999998818, 6250499.99999992)
"2813",0.96875,"XX",2024-02-18,2024,2,2024,"S78-043",961499.99999874,6443499.99999985,c(961499.99999874, 6443499.99999985)
"2814",0.947916687,"XY",2024-02-18,2024,2,2024,"S88-014",988499.9999987,6589499.99999979,c(988499.9999987, 6589499.99999979)
"2815",0.994791687,"XX",2024-02-18,2024,2,2024,"S62-37",989499.999998698,6585499.9999998,c(989499.999998698, 6585499.9999998)
"2816",1,"XX",2024-02-18,2024,2,2024,"S86-114",903499.999998827,6409499.99999986,c(903499.999998827, 6409499.99999986)
"2817",1,"XY",2024-02-18,2024,2,2024,"S88-088",868499.999998879,6399499.99999986,c(868499.999998879, 6399499.99999986)
"2818",0.515625,"XX",2024-02-18,2024,2,2024,"S83-046",974499.999998721,6505499.99999982,c(974499.999998721, 6505499.99999982)
"2819",0.635416687,"XX",2024-02-18,2024,2,2024,"S88-102",989499.999998698,6585499.9999998,c(989499.999998698, 6585499.9999998)
"2820",0.510416687,"XX",2024-02-19,2024,2,2024,"S87-031",909499.999998818,6345499.99999988,c(909499.999998818, 6345499.99999988)
"2821",0.9375,"XX",2024-02-19,2024,2,2024,"S87-113",1014499.99999866,6415499.99999986,c(1014499.99999866, 6415499.99999986)
"2822",0.989583313,"XY",2024-02-19,2024,2,2024,"S80-041",1009499.99999867,6410499.99999986,c(1009499.99999867, 6410499.99999986)
"2823",0.989583313,"XY",2024-02-19,2024,2,2024,"S89-007",1044499.99999862,6345499.99999988,c(1044499.99999862, 6345499.99999988)
"2824",0.765625,"XX",2024-02-19,2024,2,2024,"S87-010",881499.99999886,6348499.99999988,c(881499.99999886, 6348499.99999988)
"2825",0.588541687,"XX",2024-02-20,2024,2,2024,"S86-005",905499.999998824,6299499.9999999,c(905499.999998824, 6299499.9999999)
"2826",0.739583313,"XX",2024-02-20,2024,2,2024,"S54-49",889499.999998848,6380499.99999987,c(889499.999998848, 6380499.99999987)
"2827",0.515625,"XY",2024-02-20,2024,2,2024,"S86-093",896499.999998837,6459499.99999984,c(896499.999998837, 6459499.99999984)
"2828",0.973958313,"XX",2024-02-20,2024,2,2024,"S86-121",938499.999998775,6434499.99999985,c(938499.999998775, 6434499.99999985)
"2829",1,"XY",2024-02-20,2024,2,2024,"S88-001",929499.999998788,6485499.99999983,c(929499.999998788, 6485499.99999983)
"2830",0.921875,"XX",2024-02-20,2024,2,2024,"S88-025",878499.999998864,6304499.9999999,c(878499.999998864, 6304499.9999999)
"2831",0.651041687,"XX",2024-02-20,2024,2,2024,"S88-023",903499.999998827,6259499.99999992,c(903499.999998827, 6259499.99999992)
"2832",1,"XY",2024-02-20,2024,2,2024,"S88-012",909499.999998818,6395499.99999987,c(909499.999998818, 6395499.99999987)
"2833",0.989583313,"XY",2024-02-20,2024,2,2024,"S89-016",1034499.99999863,6345499.99999988,c(1034499.99999863, 6345499.99999988)
"2834",1,"XX",2024-02-20,2024,2,2024,"S78-031",978499.999998715,6419499.99999986,c(978499.999998715, 6419499.99999986)
"2835",1,"XX",2024-02-20,2024,2,2024,"S86-005",911499.999998815,6299499.9999999,c(911499.999998815, 6299499.9999999)
"2836",0.838541687,"XY",2024-02-21,2024,2,2024,"S87-054",1018499.99999866,6329499.99999989,c(1018499.99999866, 6329499.99999989)
"2837",0.78125,"XX",2024-02-21,2024,2,2024,"S83-007",1009499.99999867,6335499.99999989,c(1009499.99999867, 6335499.99999989)
"2838",1,"XY",2024-02-21,2024,2,2024,"S89-027",879499.999998863,6410499.99999986,c(879499.999998863, 6410499.99999986)
"2839",0.71875,"NI",2024-02-21,2024,2,2024,"S87-105",954499.999998751,6355499.99999988,c(954499.999998751, 6355499.99999988)
"2841",1,"XX",2024-02-21,2024,2,2024,"S82-109",998499.999998685,6374499.99999987,c(998499.999998685, 6374499.99999987)
"2842",0.973958313,"XY",2024-02-21,2024,2,2024,"S87-091",993499.999998693,6314499.99999989,c(993499.999998693, 6314499.99999989)
"2843",0.885416687,"XX",2024-02-21,2024,2,2024,"S79-105",999499.999998684,6310499.9999999,c(999499.999998684, 6310499.9999999)
"2844",0.927083313,"XY",2024-02-21,2024,2,2024,"S87-091",996499.999998688,6313499.9999999,c(996499.999998688, 6313499.9999999)
"2845",0.536458313,"XY",2024-02-21,2024,2,2024,"S87-091",996499.999998688,6313499.9999999,c(996499.999998688, 6313499.9999999)
"2846",0.536458313,"XY",2024-02-21,2024,2,2024,"S88-021",981499.99999871,6508499.99999982,c(981499.99999871, 6508499.99999982)
"2847",0.979166687,"XX",2024-02-22,2024,2,2024,"S88-032",1019499.99999865,6335499.99999989,c(1019499.99999865, 6335499.99999989)
"2848",1,"XY",2024-02-22,2024,2,2024,"S86-001",885499.999998854,6317499.99999989,c(885499.999998854, 6317499.99999989)
"2849",0.708333313,"XY",2024-02-22,2024,2,2024,"S87-021",766499.999999031,6368499.99999988,c(766499.999999031, 6368499.99999988)
"2850",0.994791687,"XX",2024-02-22,2024,2,2024,"S74-097",883499.999998857,6324499.99999989,c(883499.999998857, 6324499.99999989)
"2851",1,"XX",2024-02-22,2024,2,2024,"S74-097",881499.99999886,6323499.99999989,c(881499.99999886, 6323499.99999989)
"2852",0.921875,"XX",2024-02-22,2024,2,2024,"S80-090",889499.999998848,6320499.99999989,c(889499.999998848, 6320499.99999989)
"2853",0.875,"XY",2024-02-23,2024,2,2024,"S87-033",878499.999998864,6384499.99999987,c(878499.999998864, 6384499.99999987)
"2854",1,"XY",2024-02-23,2024,2,2024,"S89-012",974499.999998721,6265499.99999991,c(974499.999998721, 6265499.99999991)
"2855",1,"XY",2024-02-23,2024,2,2024,"S87-069",999499.999998684,6410499.99999986,c(999499.999998684, 6410499.99999986)
"2856",0.958333313,"XY",2024-02-23,2024,2,2024,"S86-079",918499.999998804,6389499.99999987,c(918499.999998804, 6389499.99999987)
"2857",0.765625,"XY",2024-02-23,2024,2,2024,"S87-089",914499.99999881,6380499.99999987,c(914499.99999881, 6380499.99999987)
"2858",0.666666687,"XX",2024-02-23,2024,2,2024,"S83-045",934499.99999878,6380499.99999987,c(934499.99999878, 6380499.99999987)
"2859",0.817708313,"XY",2024-02-23,2024,2,2024,"S89-017",954499.999998751,6260499.99999992,c(954499.999998751, 6260499.99999992)
"2860",0.96875,"XX",2024-02-23,2024,2,2024,"S87-017",893499.999998842,6389499.99999987,c(893499.999998842, 6389499.99999987)
"2861",0.911458313,"XX",2024-02-24,2024,2,2024,"S86-129",1003499.99999868,6474499.99999984,c(1003499.99999868, 6474499.99999984)
"2862",0.989583313,"XY",2024-02-24,2024,2,2024,"S86-134",999499.999998684,6470499.99999984,c(999499.999998684, 6470499.99999984)
"2863",0.989583313,"XX",2024-02-24,2024,2,2024,"S87-011",908499.999998819,6394499.99999987,c(908499.999998819, 6394499.99999987)
"2864",0.5625,"XX",2024-02-24,2024,2,2024,"S87-011",908499.999998819,6394499.99999987,c(908499.999998819, 6394499.99999987)
"2865",0.635416687,"XY",2024-02-24,2024,2,2024,"S85-019",899499.999998833,6320499.99999989,c(899499.999998833, 6320499.99999989)
"2866",0.984375,"XY",2024-02-24,2024,2,2024,"S86-134",1003499.99999868,6474499.99999984,c(1003499.99999868, 6474499.99999984)
"2867",0.916666687,"XY",2024-02-24,2024,2,2024,"S82-125",1079499.99999856,6340499.99999989,c(1079499.99999856, 6340499.99999989)
"2868",0.755208313,"XY",2024-02-25,2024,2,2024,"S87-029",954499.999998751,6485499.99999983,c(954499.999998751, 6485499.99999983)
"2869",0.958333313,"XX",2024-02-25,2024,2,2024,"S89-002",954499.999998751,6485499.99999983,c(954499.999998751, 6485499.99999983)
"2870",1,"XX",2024-02-25,2024,2,2024,"S88-072",959499.999998743,6330499.99999989,c(959499.999998743, 6330499.99999989)
"2871",0.817708313,"XY",2024-02-25,2024,2,2024,"S87-029",954499.999998751,6485499.99999983,c(954499.999998751, 6485499.99999983)
"2873",0.557291687,"XY",2024-02-25,2024,2,2024,"S87-128",954499.999998751,6485499.99999983,c(954499.999998751, 6485499.99999983)
"2874",0.604166687,"XY",2024-02-25,2024,2,2024,"S88-049",944499.999998766,6455499.99999984,c(944499.999998766, 6455499.99999984)
"2875",0.71875,"XY",2024-02-25,2024,2,2024,"S87-029",954499.999998751,6485499.99999983,c(954499.999998751, 6485499.99999983)
"2876",0.703125,"XX",2024-02-26,2024,2,2024,"S88-017",879499.999998863,6370499.99999987,c(879499.999998863, 6370499.99999987)
"2878",0.979166687,"XX",2024-02-27,2024,2,2024,"S86-054",981499.99999871,6313499.9999999,c(981499.99999871, 6313499.9999999)
"2880",1,"XX",2024-02-27,2024,2,2024,"S82-113",1009499.99999867,6375499.99999987,c(1009499.99999867, 6375499.99999987)
"2881",0.994791687,"XY",2024-02-27,2024,2,2024,"S87-035",934499.99999878,6245499.99999992,c(934499.99999878, 6245499.99999992)
"2882",0.71875,"XY",2024-02-27,2024,2,2024,"S58-02",939499.999998773,6250499.99999992,c(939499.999998773, 6250499.99999992)
"2883",0.526041687,"XY",2024-02-27,2024,2,2024,"S87-059",939499.999998773,6250499.99999992,c(939499.999998773, 6250499.99999992)
"2884",0.984375,"XY",2024-02-27,2024,2,2024,"S87-002",849499.999998907,6395499.99999987,c(849499.999998907, 6395499.99999987)
"2885",0.916666687,"XY",2024-02-27,2024,2,2024,"S58-02",938499.999998775,6254499.99999992,c(938499.999998775, 6254499.99999992)
"2886",1,"XX",2024-02-27,2024,2,2024,"S86-196",844499.999998915,6390499.99999987,c(844499.999998915, 6390499.99999987)
"2888",0.9375,"XX",2024-02-27,2024,2,2024,"S87-012",990499.999998697,6539499.99999981,c(990499.999998697, 6539499.99999981)
"2889",0.625,"XX",2024-02-27,2024,2,2024,"S81-136",926499.999998792,6425499.99999985,c(926499.999998792, 6425499.99999985)
"2890",0.588541687,"XX",2024-02-28,2024,2,2024,"S62-22",989499.999998698,6300499.9999999,c(989499.999998698, 6300499.9999999)
"2891",1,"XX",2024-02-28,2024,2,2024,"S79-067",929499.999998788,6485499.99999983,c(929499.999998788, 6485499.99999983)
"2892",0.588541687,"XY",2024-02-28,2024,2,2024,"S88-086",894499.99999884,6405499.99999986,c(894499.99999884, 6405499.99999986)
"2893",0.635416687,"NI",2024-02-28,2024,2,2024,"S89-022",989499.999998698,6300499.9999999,c(989499.999998698, 6300499.9999999)
"2894",1,"XX",2024-02-28,2024,2,2024,"S87-117",1049499.99999861,6335499.99999989,c(1049499.99999861, 6335499.99999989)
"2895",0.979166687,"XX",2024-02-28,2024,2,2024,"S86-054",985499.999998705,6304499.9999999,c(985499.999998705, 6304499.9999999)
"2896",0.600000024,"NI",2024-02-28,2024,2,2024,"S88-068",904499.999998825,6315499.99999989,c(904499.999998825, 6315499.99999989)
"2897",0.8125,"XY",2024-02-28,2024,2,2024,"S80-046",934499.99999878,6240499.99999992,c(934499.99999878, 6240499.99999992)
"2898",0.921875,"XX",2024-02-28,2024,2,2024,"S60-23",973499.999998722,6444499.99999985,c(973499.999998722, 6444499.99999985)
"2899",0.984375,"XY",2024-02-28,2024,2,2024,"S87-059",928499.99999879,6254499.99999992,c(928499.99999879, 6254499.99999992)
"2900",0.927083313,"XY",2024-02-28,2024,2,2024,"S88-013",981499.99999871,6503499.99999983,c(981499.99999871, 6503499.99999983)
"2901",0.947916687,"XY",2024-02-28,2024,2,2024,"S89-024",954499.999998751,6300499.9999999,c(954499.999998751, 6300499.9999999)
"2903",0.953125,"XY",2024-02-28,2024,2,2024,"S88-063",954499.999998751,6300499.9999999,c(954499.999998751, 6300499.9999999)
"2904",0.661458313,"XY",2024-02-28,2024,2,2024,"S88-053",924499.999998795,6250499.99999992,c(924499.999998795, 6250499.99999992)
"2905",0.645833313,"XY",2024-02-28,2024,2,2024,"S80-046",938499.999998775,6244499.99999992,c(938499.999998775, 6244499.99999992)
"2906",0.567708313,"XX",2024-02-28,2024,2,2024,"S70-074",849499.999998907,6395499.99999987,c(849499.999998907, 6395499.99999987)
"2907",0.723958313,"XX",2024-02-29,2024,2,2024,"S88-015",994499.999998691,6275499.99999991,c(994499.999998691, 6275499.99999991)
"2908",1,"XX",2024-02-29,2024,2,2024,"S88-004",974499.999998721,6390499.99999987,c(974499.999998721, 6390499.99999987)
"2910",0.947916687,"XX",2024-02-29,2024,2,2024,"S78-037",908499.999998819,6389499.99999987,c(908499.999998819, 6389499.99999987)
"2912",0.96875,"XX",2024-02-29,2024,2,2024,"S80-061",868499.999998879,6374499.99999987,c(868499.999998879, 6374499.99999987)
"2916",0.75,"XX",2024-02-29,2024,2,2024,"S88-015",994499.999998691,6275499.99999991,c(994499.999998691, 6275499.99999991)
"2918",0.71875,"XX",2024-02-29,2024,2,2024,"S88-015",991499.999998695,6278499.99999991,c(991499.999998695, 6278499.99999991)
"2919",0.949999988,"XX",2024-02-29,2024,2,2024,"S73-057",949499.999998758,6250499.99999992,c(949499.999998758, 6250499.99999992)
"2920",0.53125,"XX",2024-02-29,2024,2,2024,"S88-027",949499.999998758,6255499.99999992,c(949499.999998758, 6255499.99999992)
"2921",0.765625,"XX",2024-02-29,2024,2,2024,"S72-041",934499.99999878,6420499.99999986,c(934499.99999878, 6420499.99999986)
"2922",1,"XY",2024-02-29,2024,2,2024,"S87-079",941499.99999877,6478499.99999984,c(941499.99999877, 6478499.99999984)
"2923",0.510416687,"XX",2024-02-29,2024,2,2024,"S82-078",924499.999998795,6345499.99999988,c(924499.999998795, 6345499.99999988)
"2924",0.833333313,"XY",2024-02-29,2024,2,2024,"S58-61",906499.999998822,6413499.99999986,c(906499.999998822, 6413499.99999986)
"2925",0.870000005,"XY",2024-02-29,2024,2,2024,"S58-61",906499.999998822,6413499.99999986,c(906499.999998822, 6413499.99999986)
"2926",0.829999983,"XX",2024-02-29,2024,2,2024,"S88-015",990499.999998697,6279499.99999991,c(990499.999998697, 6279499.99999991)
"2927",0.973958313,"XX",2024-03-01,2024,3,2024,"S73-012",979499.999998713,6515499.99999982,c(979499.999998713, 6515499.99999982)
"2928",0.885416687,"XX",2024-03-01,2024,3,2024,"S73-025",1001499.99999868,6343499.99999988,c(1001499.99999868, 6343499.99999988)
"2930",0.901041687,"XX",2024-03-01,2024,3,2024,"S73-025",1001499.99999868,6343499.99999988,c(1001499.99999868, 6343499.99999988)
"2932",0.911458313,"XY",2024-03-02,2024,3,2024,"S86-125",946499.999998763,6628499.99999978,c(946499.999998763, 6628499.99999978)
"2933",0.682291687,"XX",2024-03-04,2024,3,2024,"S86-039",916499.999998807,6288499.99999991,c(916499.999998807, 6288499.99999991)
"2934",0.5625,"NI",2024-03-04,2024,3,2024,"S88-054",864499.999998885,6375499.99999987,c(864499.999998885, 6375499.99999987)
"2936",0.916666687,"XY",2024-03-04,2024,3,2024,"S80-015",758499.999999043,6399499.99999986,c(758499.999999043, 6399499.99999986)
"2938",0.739583313,"XX",2024-03-05,2024,3,2024,"S87-090",909499.999998818,6275499.99999991,c(909499.999998818, 6275499.99999991)
"2939",1,"XY",2024-03-05,2024,3,2024,"S86-085",978499.999998715,6439499.99999985,c(978499.999998715, 6439499.99999985)
"2940",0.920000017,"XY",2024-03-05,2024,3,2024,"S86-111",879499.999998863,6360499.99999988,c(879499.999998863, 6360499.99999988)
"2941",0.916666687,"XX",2024-03-05,2024,3,2024,"S83-069",889499.999998848,6430499.99999985,c(889499.999998848, 6430499.99999985)
"2942",0.96875,"XX",2024-03-05,2024,3,2024,"S88-051",909499.999998818,6450499.99999985,c(909499.999998818, 6450499.99999985)
"2943",1,"XX",2024-03-05,2024,3,2024,"S83-069",889499.999998848,6430499.99999985,c(889499.999998848, 6430499.99999985)
"2945",0.59375,"XY",2024-03-05,2024,3,2024,"S87-034",889499.999998848,6430499.99999985,c(889499.999998848, 6430499.99999985)
"2946",0.90625,"XX",2024-03-05,2024,3,2024,"S80-013",941499.99999877,6428499.99999985,c(941499.99999877, 6428499.99999985)
"2947",1,"XY",2024-03-05,2024,3,2024,"S61-05",979499.999998713,6355499.99999988,c(979499.999998713, 6355499.99999988)
"2948",0.911458313,"NI",2024-03-05,2024,3,2024,"S89-025",974499.999998721,6355499.99999988,c(974499.999998721, 6355499.99999988)
"2949",0.75,"XX",2024-03-05,2024,3,2024,"S86-039",915499.999998809,6289499.9999999,c(915499.999998809, 6289499.9999999)
"2950",0.895833313,"XX",2024-03-05,2024,3,2024,"S81-106",974499.999998721,6355499.99999988,c(974499.999998721, 6355499.99999988)
"2951",1,"XX",2024-03-05,2024,3,2024,"S81-106",973499.999998722,6359499.99999988,c(973499.999998722, 6359499.99999988)
"2952",0.859375,"XX",2024-03-05,2024,3,2024,"S89-002",953499.999998752,6489499.99999983,c(953499.999998752, 6489499.99999983)
"2953",1,"XX",2024-03-05,2024,3,2024,"S81-106",971499.999998725,6358499.99999988,c(971499.999998725, 6358499.99999988)
"2955",0.604166687,"XY",2024-03-05,2024,3,2024,"S88-086",898499.999998834,6409499.99999986,c(898499.999998834, 6409499.99999986)
"2956",0.970000029,"XY",2024-03-05,2024,3,2024,"S88-041",899499.999998833,6400499.99999986,c(899499.999998833, 6400499.99999986)
"2958",1,"XX",2024-03-05,2024,3,2024,"S88-066",949499.999998758,6270499.99999991,c(949499.999998758, 6270499.99999991)
"2959",0.895833313,"XX",2024-03-05,2024,3,2024,"S81-106",973499.999998722,6359499.99999988,c(973499.999998722, 6359499.99999988)
"2960",0.78125,"XY",2024-03-06,2024,3,2024,"S85-034",959499.999998743,6290499.9999999,c(959499.999998743, 6290499.9999999)
"2962",0.980000019,"XY",2024-03-06,2024,3,2024,"S85-034",958499.999998745,6294499.9999999,c(958499.999998745, 6294499.9999999)
"2964",0.713541687,"XX",2024-03-06,2024,3,2024,"S78-081",928499.99999879,6394499.99999987,c(928499.99999879, 6394499.99999987)
"2966",0.953125,"XY",2024-03-06,2024,3,2024,"S87-115",909499.999998818,6275499.99999991,c(909499.999998818, 6275499.99999991)
"2967",0.895833313,"XY",2024-03-06,2024,3,2024,"S78-075",1021499.99999865,6353499.99999988,c(1021499.99999865, 6353499.99999988)
"2968",0.953125,"XY",2024-03-06,2024,3,2024,"S83-068",969499.999998728,6345499.99999988,c(969499.999998728, 6345499.99999988)
"2969",0.864583313,"NI",2024-03-06,2024,3,2024,"S88-074",974499.999998721,6340499.99999989,c(974499.999998721, 6340499.99999989)
"2970",1,"XX",2024-03-06,2024,3,2024,"S88-096",744499.999999064,6400499.99999986,c(744499.999999064, 6400499.99999986)
"2971",0.838541687,"XY",2024-03-06,2024,3,2024,"S88-073",974499.999998721,6340499.99999989,c(974499.999998721, 6340499.99999989)
"2972",1,"XY",2024-03-06,2024,3,2024,"S88-020",714499.999999109,6385499.99999987,c(714499.999999109, 6385499.99999987)
"2973",1,"XX",2024-03-06,2024,3,2024,"S86-039",911499.999998815,6284499.99999991,c(911499.999998815, 6284499.99999991)
"2974",1,"XX",2024-03-07,2024,3,2024,"S70-004",969499.999998728,6405499.99999986,c(969499.999998728, 6405499.99999986)
"2977",0.96875,"XX",2024-03-07,2024,3,2024,"S88-006",874499.99999887,6375499.99999987,c(874499.99999887, 6375499.99999987)
"2978",0.989583313,"XX",2024-03-07,2024,3,2024,"S88-006",874499.99999887,6375499.99999987,c(874499.99999887, 6375499.99999987)
"2979",1,"XX",2024-03-07,2024,3,2024,"S86-151",929499.999998788,6320499.99999989,c(929499.999998788, 6320499.99999989)
"2980",0.796875,"XX",2024-03-07,2024,3,2024,"S84-024",868499.999998879,6399499.99999986,c(868499.999998879, 6399499.99999986)
"2981",0.869791687,"XY",2024-03-07,2024,3,2024,"S80-091",929499.999998788,6320499.99999989,c(929499.999998788, 6320499.99999989)
"2982",0.796875,"XX",2024-03-07,2024,3,2024,"S86-151",928499.99999879,6324499.99999989,c(928499.99999879, 6324499.99999989)
"2983",1,"XX",2024-03-07,2024,3,2024,"S62-37",993499.999998693,6584499.9999998,c(993499.999998693, 6584499.9999998)
"2984",1,"XX",2024-03-07,2024,3,2024,"S78-001",918499.999998804,6279499.99999991,c(918499.999998804, 6279499.99999991)
"2985",1,"XY",2024-03-07,2024,3,2024,"S89-014",969499.999998728,6405499.99999986,c(969499.999998728, 6405499.99999986)
"2986",1,"XX",2024-03-07,2024,3,2024,"S89-015",1074499.99999857,6345499.99999988,c(1074499.99999857, 6345499.99999988)
"2987",1,"XY",2024-03-07,2024,3,2024,"S88-055",1074499.99999857,6345499.99999988,c(1074499.99999857, 6345499.99999988)
"2988",0.8125,"XY",2024-03-07,2024,3,2024,"S87-116",919499.999998803,6290499.9999999,c(919499.999998803, 6290499.9999999)
"2989",0.953125,"XY",2024-03-08,2024,3,2024,"S82-063",969499.999998728,6265499.99999991,c(969499.999998728, 6265499.99999991)
"2990",0.692708313,"XX",2024-03-08,2024,3,2024,"S88-075",964499.999998736,6330499.99999989,c(964499.999998736, 6330499.99999989)
"2991",0.84375,"XY",2024-03-08,2024,3,2024,"S81-131",974499.999998721,6330499.99999989,c(974499.999998721, 6330499.99999989)
"2992",0.53125,"XY",2024-03-08,2024,3,2024,"S83-022",988499.9999987,6479499.99999983,c(988499.9999987, 6479499.99999983)
"2993",0.526041687,"XY",2024-03-09,2024,3,2024,"S86-031",905499.999998824,6349499.99999988,c(905499.999998824, 6349499.99999988)
"2994",0.541666687,"XY",2024-03-09,2024,3,2024,"S87-020",908499.999998819,6349499.99999988,c(908499.999998819, 6349499.99999988)
"2995",0.889999986,"XX",2024-03-10,2024,3,2024,"S88-003",929499.999998788,6450499.99999985,c(929499.999998788, 6450499.99999985)
"2996",0.666666687,"XX",2024-03-10,2024,3,2024,"S87-015",959499.999998743,6635499.99999978,c(959499.999998743, 6635499.99999978)
"2997",0.949999988,"XY",2024-03-10,2024,3,2024,"S74-072",894499.99999884,6340499.99999989,c(894499.99999884, 6340499.99999989)
"2998",0.921875,"XX",2024-03-10,2024,3,2024,"S72-022",958499.999998745,6339499.99999989,c(958499.999998745, 6339499.99999989)
"2999",0.921875,"XY",2024-03-10,2024,3,2024,"S88-050",984499.999998706,6415499.99999986,c(984499.999998706, 6415499.99999986)
"3000",0.980000019,"XX",2024-03-10,2024,3,2024,"S88-003",928499.99999879,6454499.99999984,c(928499.99999879, 6454499.99999984)
"3001",0.953125,"XY",2024-03-11,2024,3,2024,"S87-129",983499.999998707,6484499.99999983,c(983499.999998707, 6484499.99999983)
"3002",0.958333313,"XX",2024-03-11,2024,3,2024,"S87-130",984499.999998706,6480499.99999983,c(984499.999998706, 6480499.99999983)
"3004",0.78125,"XX",2024-03-11,2024,3,2024,"S80-090",893499.999998842,6334499.99999989,c(893499.999998842, 6334499.99999989)
"3005",0.994791687,"XY",2024-03-11,2024,3,2024,"S88-078",979499.999998713,6305499.9999999,c(979499.999998713, 6305499.9999999)
"3006",0.870000005,"XY",2024-03-12,2024,3,2024,"S69-42",949499.999998758,6245499.99999992,c(949499.999998758, 6245499.99999992)
"3007",0.723958313,"XX",2024-03-12,2024,3,2024,"S83-090",949499.999998758,6245499.99999992,c(949499.999998758, 6245499.99999992)
"3008",0.963541687,"XY",2024-03-12,2024,3,2024,"S78-046",964499.999998736,6285499.99999991,c(964499.999998736, 6285499.99999991)
"3009",0.682291687,"XX",2024-03-12,2024,3,2024,"S87-043",993499.999998693,6364499.99999988,c(993499.999998693, 6364499.99999988)
"3010",0.822916687,"XY",2024-03-12,2024,3,2024,"S82-032",908499.999998819,6379499.99999987,c(908499.999998819, 6379499.99999987)
"3011",1,"XY",2024-03-12,2024,3,2024,"S82-032",908499.999998819,6379499.99999987,c(908499.999998819, 6379499.99999987)
"3013",0.572916687,"XY",2024-03-12,2024,3,2024,"S79-006",989499.999998698,6365499.99999988,c(989499.999998698, 6365499.99999988)
"3014",0.980000019,"XY",2024-03-12,2024,3,2024,"S88-065",944499.999998766,6245499.99999992,c(944499.999998766, 6245499.99999992)
"3015",0.536458313,"XY",2024-03-12,2024,3,2024,"S79-006",993499.999998693,6364499.99999988,c(993499.999998693, 6364499.99999988)
"3016",0.979166687,"XX",2024-03-12,2024,3,2024,"S87-043",986499.999998703,6363499.99999988,c(986499.999998703, 6363499.99999988)
"3017",0.588541687,"XX",2024-03-12,2024,3,2024,"S81-035",979499.999998713,6370499.99999987,c(979499.999998713, 6370499.99999987)
"3018",0.979166687,"XX",2024-03-12,2024,3,2024,"S88-031",958499.999998745,6374499.99999987,c(958499.999998745, 6374499.99999987)
"3019",0.939999998,"XX",2024-03-12,2024,3,2024,"S88-008",949499.999998758,6245499.99999992,c(949499.999998758, 6245499.99999992)
"3020",0.895833313,"XY",2024-03-12,2024,3,2024,"S79-024",959499.999998743,6370499.99999987,c(959499.999998743, 6370499.99999987)
"3021",1,"XX",2024-03-12,2024,3,2024,"S79-044",974499.999998721,6385499.99999987,c(974499.999998721, 6385499.99999987)
"3022",0.973958313,"XY",2024-03-13,2024,3,2024,"S89-023",904499.999998825,6305499.9999999,c(904499.999998825, 6305499.9999999)
"3023",0.869791687,"XX",2024-03-13,2024,3,2024,"S75-048",928499.99999879,6414499.99999986,c(928499.99999879, 6414499.99999986)
"3024",0.947916687,"XY",2024-03-13,2024,3,2024,"S88-092",904499.999998825,6405499.99999986,c(904499.999998825, 6405499.99999986)
"3025",0.864583313,"XY",2024-03-13,2024,3,2024,"S86-025",903499.999998827,6409499.99999986,c(903499.999998827, 6409499.99999986)
"3027",0.625,"XY",2024-03-13,2024,3,2024,"S88-098",929499.999998788,6410499.99999986,c(929499.999998788, 6410499.99999986)
"3028",0.895833313,"XX",2024-03-13,2024,3,2024,"S70-004",955499.999998749,6399499.99999986,c(955499.999998749, 6399499.99999986)
"3029",0.540000021,"XX",2024-03-14,2024,3,2024,"S88-069",994499.999998691,6585499.9999998,c(994499.999998691, 6585499.9999998)
"3031",0.979166687,"XY",2024-03-14,2024,3,2024,"S88-009",979499.999998713,6535499.99999981,c(979499.999998713, 6535499.99999981)
"3032",0.619791687,"XY",2024-03-14,2024,3,2024,"S79-003",996499.999998688,6375499.99999987,c(996499.999998688, 6375499.99999987)
"3033",0.942708313,"XX",2024-03-14,2024,3,2024,"S71-031",998499.999998685,6379499.99999987,c(998499.999998685, 6379499.99999987)
"3034",0.989583313,"XY",2024-03-14,2024,3,2024,"S88-028",904499.999998825,6335499.99999989,c(904499.999998825, 6335499.99999989)
"3035",0.889999986,"XY",2024-03-15,2024,3,2024,"S88-044",909499.999998818,6445499.99999985,c(909499.999998818, 6445499.99999985)
"3037",0.649999976,"XX",2024-03-16,2024,3,2024,"S88-022",988499.9999987,6594499.99999979,c(988499.9999987, 6594499.99999979)
"3038",0.75999999,"XX",2024-03-16,2024,3,2024,"S86-002",990499.999998697,6494499.99999983,c(990499.999998697, 6494499.99999983)
"3039",0.916666687,"XY",2024-03-16,2024,3,2024,"S65-23",974499.999998721,6320499.99999989,c(974499.999998721, 6320499.99999989)
"3040",0.625,"XX",2024-03-16,2024,3,2024,"S84-024",866499.999998882,6398499.99999986,c(866499.999998882, 6398499.99999986)
"3041",1,"XY",2024-03-16,2024,3,2024,"S87-002",868499.999998879,6399499.99999986,c(868499.999998879, 6399499.99999986)
"3042",0.697916687,"NI",2024-03-17,2024,3,2024,"S88-076",959499.999998743,6345499.99999988,c(959499.999998743, 6345499.99999988)
"3043",0.579999983,"XX",2024-03-17,2024,3,2024,"S79-067",918499.999998804,6479499.99999983,c(918499.999998804, 6479499.99999983)
"3044",0.984375,"XX",2024-03-17,2024,3,2024,"S88-052",998499.999998685,6364499.99999988,c(998499.999998685, 6364499.99999988)
"3045",1,"XX",2024-03-17,2024,3,2024,"S79-067",916499.999998807,6478499.99999984,c(916499.999998807, 6478499.99999984)
"3046",0.760416687,"XY",2024-03-18,2024,3,2024,"S84-003",898499.999998834,6399499.99999986,c(898499.999998834, 6399499.99999986)
"3047",0.71875,"XY",2024-03-18,2024,3,2024,"S88-012",898499.999998834,6399499.99999986,c(898499.999998834, 6399499.99999986)
"3048",0.947916687,"XY",2024-03-18,2024,3,2024,"S88-058",994499.999998691,6395499.99999987,c(994499.999998691, 6395499.99999987)
"3049",0.828125,"XX",2024-03-18,2024,3,2024,"S78-005",979499.999998713,6240499.99999992,c(979499.999998713, 6240499.99999992)
"3050",0.989583313,"XX",2024-03-18,2024,3,2024,"S88-033",1004499.99999868,6390499.99999987,c(1004499.99999868, 6390499.99999987)
"3051",0.979166687,"XX",2024-03-18,2024,3,2024,"S88-087",899499.999998833,6390499.99999987,c(899499.999998833, 6390499.99999987)
"3052",0.96875,"XX",2024-03-18,2024,3,2024,"S88-007",984499.999998706,6415499.99999986,c(984499.999998706, 6415499.99999986)
"3053",0.989583313,"XY",2024-03-18,2024,3,2024,"S88-057",994499.999998691,6400499.99999986,c(994499.999998691, 6400499.99999986)
"3054",0.75,"XX",2024-03-18,2024,3,2024,"S69-53",993499.999998693,6399499.99999986,c(993499.999998693, 6399499.99999986)
"3056",1,"XX",2024-03-18,2024,3,2024,"S88-007",983499.999998707,6419499.99999986,c(983499.999998707, 6419499.99999986)
"3057",0.810000002,"XX",2024-03-19,2024,3,2024,"S88-025",876499.999998867,6298499.9999999,c(876499.999998867, 6298499.9999999)
"3058",1,"XY",2024-03-19,2024,3,2024,"S88-097",764499.999999034,6365499.99999988,c(764499.999999034, 6365499.99999988)
"3059",0.639999986,"XX",2024-03-19,2024,3,2024,"S75-077",879499.999998863,6295499.9999999,c(879499.999998863, 6295499.9999999)
"3061",0.979166687,"XX",2024-03-19,2024,3,2024,"S88-067",994499.999998691,6305499.9999999,c(994499.999998691, 6305499.9999999)
"3062",0.588541687,"XY",2024-03-19,2024,3,2024,"S84-003",911499.999998815,6403499.99999986,c(911499.999998815, 6403499.99999986)
"3063",0.96875,"XX",2024-03-19,2024,3,2024,"S86-087",941499.99999877,6353499.99999988,c(941499.99999877, 6353499.99999988)
"3064",0.989583313,"XX",2024-03-19,2024,3,2024,"S86-087",945499.999998764,6354499.99999988,c(945499.999998764, 6354499.99999988)
"3065",0.588541687,"XY",2024-03-19,2024,3,2024,"S88-104",1003499.99999868,6549499.99999981,c(1003499.99999868, 6549499.99999981)
"3066",0.895833313,"XY",2024-03-19,2024,3,2024,"S87-037",998499.999998685,6349499.99999988,c(998499.999998685, 6349499.99999988)
"3067",0.880208313,"XY",2024-03-19,2024,3,2024,"S61-25",994499.999998691,6305499.9999999,c(994499.999998691, 6305499.9999999)
"3068",0.979166687,"XX",2024-03-19,2024,3,2024,"S87-110",1008499.99999867,6349499.99999988,c(1008499.99999867, 6349499.99999988)
"3069",0.640625,"XX",2024-03-20,2024,3,2024,"S72-012",928499.99999879,6339499.99999989,c(928499.99999879, 6339499.99999989)
"3070",0.864583313,"XX",2024-03-20,2024,3,2024,"S83-044",910499.999998816,6379499.99999987,c(910499.999998816, 6379499.99999987)
"3071",0.609375,"XX",2024-03-20,2024,3,2024,"S54-49",883499.999998857,6394499.99999987,c(883499.999998857, 6394499.99999987)
"3072",0.869791687,"XY",2024-03-20,2024,3,2024,"S80-001",929499.999998788,6335499.99999989,c(929499.999998788, 6335499.99999989)
"3073",0.838541687,"XY",2024-03-20,2024,3,2024,"S78-030",966499.999998733,6398499.99999986,c(966499.999998733, 6398499.99999986)
"3074",0.645833313,"XX",2024-03-20,2024,3,2024,"S88-081",999499.999998684,6405499.99999986,c(999499.999998684, 6405499.99999986)
"3075",1,"XY",2024-03-20,2024,3,2024,"S61-25",978499.999998715,6314499.99999989,c(978499.999998715, 6314499.99999989)
"3076",1,"XY",2024-03-20,2024,3,2024,"S88-078",978499.999998715,6314499.99999989,c(978499.999998715, 6314499.99999989)
"3077",1,"XX",2024-03-20,2024,3,2024,"S85-099",1009499.99999867,6355499.99999988,c(1009499.99999867, 6355499.99999988)
"3078",0.671875,"XX",2024-03-20,2024,3,2024,"S77-027",911499.999998815,6368499.99999988,c(911499.999998815, 6368499.99999988)
"3079",1,"XY",2024-03-20,2024,3,2024,"S79-002",998499.999998685,6374499.99999987,c(998499.999998685, 6374499.99999987)
"3080",0.958333313,"XX",2024-03-20,2024,3,2024,"S88-004",968499.99999873,6399499.99999986,c(968499.99999873, 6399499.99999986)
"3081",0.730000019,"XX",2024-03-20,2024,3,2024,"S88-018",974499.999998721,6540499.99999981,c(974499.999998721, 6540499.99999981)
"3082",0.729166687,"XY",2024-03-20,2024,3,2024,"S88-077",974499.999998721,6340499.99999989,c(974499.999998721, 6340499.99999989)
"3083",0.932291687,"XY",2024-03-20,2024,3,2024,"S77-047",934499.99999878,6335499.99999989,c(934499.99999878, 6335499.99999989)
"3084",0.729166687,"XX",2024-03-20,2024,3,2024,"S83-100",974499.999998721,6340499.99999989,c(974499.999998721, 6340499.99999989)
"3085",0.744791687,"XX",2024-03-20,2024,3,2024,"S72-012",931499.999998785,6338499.99999989,c(931499.999998785, 6338499.99999989)
"3086",0.932291687,"XY",2024-03-20,2024,3,2024,"S88-103",974499.999998721,6540499.99999981,c(974499.999998721, 6540499.99999981)
"3087",0.854166687,"XY",2024-03-21,2024,3,2024,"S88-009",973499.999998722,6534499.99999981,c(973499.999998722, 6534499.99999981)
"3088",1,"XY",2024-03-21,2024,3,2024,"S88-009",966499.999998733,6533499.99999981,c(966499.999998733, 6533499.99999981)
"3089",0.510416687,"XY",2024-03-21,2024,3,2024,"S88-101",969499.999998728,6530499.99999982,c(969499.999998728, 6530499.99999982)
"3090",0.769999981,"XX",2024-03-21,2024,3,2024,"S88-018",973499.999998722,6554499.99999981,c(973499.999998722, 6554499.99999981)
"3093",0.927083313,"XY",2024-03-21,2024,3,2024,"S88-088",866499.999998882,6398499.99999986,c(866499.999998882, 6398499.99999986)
"3094",0.609375,"XY",2024-03-21,2024,3,2024,"S88-060",984499.999998706,6415499.99999986,c(984499.999998706, 6415499.99999986)
"3095",0.723958313,"XX",2024-03-21,2024,3,2024,"S80-063",844499.999998915,6375499.99999987,c(844499.999998915, 6375499.99999987)
"3096",0.916666687,"XX",2024-03-21,2024,3,2024,"S81-134",889499.999998848,6440499.99999985,c(889499.999998848, 6440499.99999985)
"3097",0.723958313,"XY",2024-03-21,2024,3,2024,"S89-003",929499.999998788,6390499.99999987,c(929499.999998788, 6390499.99999987)
"3098",1,"XY",2024-03-22,2024,3,2024,"S88-082",1014499.99999866,6415499.99999986,c(1014499.99999866, 6415499.99999986)
"3099",0.973958313,"XY",2024-03-22,2024,3,2024,"S88-030",933499.999998782,6244499.99999992,c(933499.999998782, 6244499.99999992)
"3100",0.666666687,"XY",2024-03-22,2024,3,2024,"S78-042",930499.999998786,6394499.99999987,c(930499.999998786, 6394499.99999987)
"3101",0.625,"XY",2024-03-22,2024,3,2024,"S78-034",959499.999998743,6635499.99999978,c(959499.999998743, 6635499.99999978)
"3102",0.708333313,"XX",2024-03-22,2024,3,2024,"S79-035",969499.999998728,6355499.99999988,c(969499.999998728, 6355499.99999988)
"3103",0.765625,"XX",2024-03-22,2024,3,2024,"S79-035",968499.99999873,6354499.99999988,c(968499.99999873, 6354499.99999988)
"3104",0.958333313,"XY",2024-03-22,2024,3,2024,"S88-103",973499.999998722,6554499.99999981,c(973499.999998722, 6554499.99999981)
"3105",0.989583313,"XX",2024-03-23,2024,3,2024,"S66-09",1068499.99999858,6349499.99999988,c(1068499.99999858, 6349499.99999988)
"3106",0.53125,"XY",2024-03-23,2024,3,2024,"S86-118",933499.999998782,6424499.99999985,c(933499.999998782, 6424499.99999985)
"3109",0.984375,"XY",2024-03-23,2024,3,2024,"S83-001",1009499.99999867,6375499.99999987,c(1009499.99999867, 6375499.99999987)
"3110",0.947916687,"XX",2024-03-24,2024,3,2024,"S78-082",1038499.99999863,6339499.99999989,c(1038499.99999863, 6339499.99999989)
"3111",0.885416687,"XX",2024-03-24,2024,3,2024,"S88-019",984499.999998706,6330499.99999989,c(984499.999998706, 6330499.99999989)
"3112",0.854166687,"XX",2024-03-24,2024,3,2024,"S75-048",926499.999998792,6413499.99999986,c(926499.999998792, 6413499.99999986)
"3113",0.734375,"XY",2024-03-25,2024,3,2024,"S86-018",989499.999998698,6555499.99999981,c(989499.999998698, 6555499.99999981)
"3114",0.96875,"XX",2024-03-25,2024,3,2024,"S57-44",1013499.99999866,6364499.99999988,c(1013499.99999866, 6364499.99999988)
"3115",0.979166687,"XX",2024-03-25,2024,3,2024,"S70-004",969499.999998728,6405499.99999986,c(969499.999998728, 6405499.99999986)
"3116",0.947916687,"XX",2024-03-25,2024,3,2024,"S57-44",1011499.99999867,6363499.99999988,c(1011499.99999867, 6363499.99999988)
"3117",0.619791687,"XX",2024-03-25,2024,3,2024,"S57-44",1005499.99999867,6364499.99999988,c(1005499.99999867, 6364499.99999988)
"3118",0.854166687,"XY",2024-03-25,2024,3,2024,"S88-061",949499.999998758,6405499.99999986,c(949499.999998758, 6405499.99999986)
"3119",0.994791687,"XY",2024-03-25,2024,3,2024,"S88-048",969499.999998728,6405499.99999986,c(969499.999998728, 6405499.99999986)
"3120",0.927083313,"XY",2024-03-25,2024,3,2024,"S86-024",940499.999998772,6334499.99999989,c(940499.999998772, 6334499.99999989)
"3121",0.875,"XY",2024-03-25,2024,3,2024,"S83-031",979499.999998713,6365499.99999988,c(979499.999998713, 6365499.99999988)
"3122",0.859375,"XX",2024-03-25,2024,3,2024,"S88-029",979499.999998713,6365499.99999988,c(979499.999998713, 6365499.99999988)
"3123",1,"XX",2024-03-25,2024,3,2024,"S79-067",920499.999998801,6484499.99999983,c(920499.999998801, 6484499.99999983)
"3124",0.994791687,"XY",2024-03-25,2024,3,2024,"S88-026",983499.999998707,6439499.99999985,c(983499.999998707, 6439499.99999985)
"3125",0.6875,"XY",2024-03-26,2024,3,2024,"S88-010",969499.999998728,6335499.99999989,c(969499.999998728, 6335499.99999989)
"3126",0.505208313,"XY",2024-03-26,2024,3,2024,"S88-010",968499.99999873,6339499.99999989,c(968499.99999873, 6339499.99999989)
"3127",0.639999986,"XY",2024-03-26,2024,3,2024,"S73-073",944499.999998766,6525499.99999982,c(944499.999998766, 6525499.99999982)
"3129",0.755208313,"XY",2024-03-26,2024,3,2024,"S87-129",976499.999998718,6488499.99999983,c(976499.999998718, 6488499.99999983)
"3130",0.963541687,"XX",2024-03-26,2024,3,2024,"S83-100",968499.99999873,6339499.99999989,c(968499.99999873, 6339499.99999989)
"3131",1,"XX",2024-03-26,2024,3,2024,"S83-100",968499.99999873,6339499.99999989,c(968499.99999873, 6339499.99999989)
"3132",0.973958313,"XY",2024-03-26,2024,3,2024,"S88-010",969499.999998728,6335499.99999989,c(969499.999998728, 6335499.99999989)
"3133",0.802083313,"XX",2024-03-26,2024,3,2024,"S87-090",903499.999998827,6279499.99999991,c(903499.999998827, 6279499.99999991)
"3135",1,"XX",2024-03-26,2024,3,2024,"S79-067",921499.9999988,6484499.99999983,c(921499.9999988, 6484499.99999983)
"3136",1,"XY",2024-03-26,2024,3,2024,"S88-089",884499.999998855,6410499.99999986,c(884499.999998855, 6410499.99999986)
"3137",0.567708313,"XY",2024-03-26,2024,3,2024,"S72-043",909499.999998818,6280499.99999991,c(909499.999998818, 6280499.99999991)
"3138",0.949999988,"XY",2024-03-27,2024,3,2024,"S88-043",879499.999998863,6375499.99999987,c(879499.999998863, 6375499.99999987)
"3139",0.994791687,"XX",2024-03-27,2024,3,2024,"S88-016",929499.999998788,6400499.99999986,c(929499.999998788, 6400499.99999986)
"3140",0.927083313,"XY",2024-03-28,2024,3,2024,"S87-078",928499.99999879,6414499.99999986,c(928499.99999879, 6414499.99999986)
"3141",1,"XY",2024-03-28,2024,3,2024,"S88-064",909499.999998818,6280499.99999991,c(909499.999998818, 6280499.99999991)
"3142",1,"XX",2024-03-28,2024,3,2024,"S88-017",878499.999998864,6379499.99999987,c(878499.999998864, 6379499.99999987)
"3143",0.604166687,"XY",2024-03-29,2024,3,2024,"S57-26",963499.999998737,6414499.99999986,c(963499.999998737, 6414499.99999986)
"3144",1,"XY",2024-03-29,2024,3,2024,"S75-065",979499.999998713,6435499.99999985,c(979499.999998713, 6435499.99999985)
"3145",0.8125,"XX",2024-03-30,2024,3,2024,"S82-023",979499.999998713,6335499.99999989,c(979499.999998713, 6335499.99999989)
"3146",0.822916687,"XY",2024-03-30,2024,3,2024,"S79-103",874499.99999887,6455499.99999984,c(874499.99999887, 6455499.99999984)
"3147",1,"XY",2024-03-30,2024,3,2024,"S86-132",996499.999998688,6503499.99999983,c(996499.999998688, 6503499.99999983)
"3148",0.989583313,"XX",2024-03-30,2024,3,2024,"S88-019",988499.9999987,6329499.99999989,c(988499.9999987, 6329499.99999989)
"3149",0.916666687,"XX",2024-03-30,2024,3,2024,"S78-031",981499.99999871,6418499.99999986,c(981499.99999871, 6418499.99999986)
"3150",0.59375,"XY",2024-03-31,2024,3,2024,"S87-029",950499.999998757,6494499.99999983,c(950499.999998757, 6494499.99999983)
"3151",1,"XY",2024-03-31,2024,3,2024,"S88-084",889499.999998848,6290499.9999999,c(889499.999998848, 6290499.9999999)
"3152",0.958333313,"XY",2024-03-31,2024,3,2024,"S88-091",904499.999998825,6395499.99999987,c(904499.999998825, 6395499.99999987)
"3153",1,"XX",2024-03-31,2024,3,2024,"S75-059",888499.999998849,6399499.99999986,c(888499.999998849, 6399499.99999986)
